segment_id,speech_id,date,party,sentence_idx,mention_text,mention_type,masked_sentence,animal,cargo,disease,flood_tide,machine,vermin,invasion,threat
870127885_52,870127885,19610911,R,0,Mexican workers,nat_role,Mexican [MASK] . under the bill now before the Senate . will not be available for employment in other than temporary or seasonal occupations or to operate or maintain powerdriven machinery . unless a determination is made by the Secretary of Labor that to do otherwise would invoke an undue hardship .,1.2240938303875737e-05,8.811738371150568e-05,1.0178720003750641e-05,1.031889405567199e-05,0.00011716245353454724,2.3817825422156602e-05,0.003869820386171341,1.7219967048731633e-05
870127885_52,870127885,19610911,R,1,Mexican workers,nat_role,Particularly important is the provision that Mexican [MASK] will not be made available unless the employer pays both domestic and Mexican workers not less than the prevailing wage paid in the area to domestic workers engaged in similar work .,1.0510461834201124e-05,0.000959879020228982,2.8377212402119767e-06,4.419786137077608e-07,3.54445401171688e-05,5.398715074989013e-07,0.00012630035053007305,1.614071607036749e-06
870127885_52,870127885,19610911,R,2,Mexican workers,nat_role,Particularly important is the provision that Mexican workers will not be made available unless the employer pays both domestic and Mexican [MASK] not less than the prevailing wage paid in the area to domestic workers engaged in similar work .,8.48429522193328e-07,5.21338006365113e-06,1.0700599517576848e-07,2.0645170906163912e-08,4.933062882628292e-07,8.151596375682857e-08,2.5847328288364224e-05,6.758136095186273e-08
870127885_52,870127885,19610911,R,3,Mexican workers,nat_role,The bill also prohibits the furnishing of Mexican [MASK] for some processing activities .,0.0013397581642493606,0.04733224958181381,7.035290764179081e-06,7.2206776167149656e-06,0.00129142333753407,1.2929512195114512e-05,0.0013200369430705905,6.655116067122435e-06
870127885_52,870127885,19610911,R,4,Mexican,nationality,If . in the implementation of the [MASK] labor program . domestic workers are being adversely affected . then there is something wrong not with the Congress but with the administration of that program by the Department of Labor .,6.341663538478315e-05,6.933442818990443e-06,1.011841777653899e-05,2.17705328395823e-05,5.7059034588746727e-05,7.414171250275103e-06,0.000827344658318907,5.140861958352616e-06
870127885_52,870127885,19610911,R,5,Migrant,direct,""" of the [MASK] Labor Agreement of 1951 . as amended . entered into between the Governments of Mexico and the United States of America . already provides . in part : The employer shall pay the Mexican worker not less than the prevailing wage rate paid to domestic workers for similar work at the time the work is performed and in the manner paid within the area of employment . or at the rate specified in the work contract . whichever is higher .",1.4242439647205174e-05,6.087811925681308e-06,3.6242238365957746e-07,1.0723452987804194e-06,1.5082704521773849e-05,1.0441742688271916e-06,7.249556801980361e-05,6.737242870258342e-07
870127885_52,870127885,19610911,R,6,Mexican worker,nat_role,""" of the Migrant Labor Agreement of 1951 . as amended . entered into between the Governments of Mexico and the United States of America . already provides . in part : The employer shall pay the Mexican [MASK] not less than the prevailing wage rate paid to domestic workers for similar work at the time the work is performed and in the manner paid within the area of employment . or at the rate specified in the work contract . whichever is higher .",2.244484676339198e-06,8.226621503126808e-06,3.86992439871392e-07,6.2934719835539e-07,2.4997709260787815e-05,2.4324810965481447e-06,0.0004097725613974035,7.005460702202981e-06
880078606_34,880078606,19630815,D,0,Mexican nationals,nat_role,Texas brought in 36.000 Mexican [MASK] . while at the same time Texas had 174.000 domestic workers listed as unemployed .,2.1822781945957104e-06,1.5554853234789334e-05,1.5853829609113745e-06,1.1830496760012466e-06,5.641022653435357e-06,1.6077414102255716e-06,0.011470665223896503,5.494143238138349e-07
880078606_34,880078606,19630815,D,1,Mexican nationals,nat_role,Twelve thousand Mexican [MASK] were contracted for in Arkansas . which had an average of 42.000 domestic workers unemployed at the same time .,1.1254825039941352e-05,1.9970098946942016e-05,5.203182354307501e-06,1.0230132829747163e-06,4.3436619307613e-05,4.8438259909744374e-06,0.004311185330152512,5.869800361324451e-07
880078606_34,880078606,19630815,D,2,Mexican nationals,nat_role,This does not mean that all the unemployed have the skills or the stamina to perform the tasks which are performed by imported farm workers . but unless some steps are taken to insure that domestic workers will be offered terms comparable to those not only offered but also guaranteed to Mexican [MASK] . it will never be possible to determine how many domestic workers could be employed . or how many of those who are unemployed in Detroit would respond to the demand for workers to pick cucumbers or cherries or other fruit and vegetable crops if the conditions of work were at least comparable to those offered to Mexican nationals . and . beyond that . if the conditions and terms were reasonably comparable to the terms and conditions offered to industrial workers in a city of that State .,1.0789939608457644e-07,4.114978764846455e-06,2.6415586162897853e-08,6.968022603359714e-08,1.8946273030451266e-06,1.8769762277770496e-07,2.842433241312392e-05,1.9497829839565384e-07
880078606_34,880078606,19630815,D,3,Mexican nationals,nat_role,This does not mean that all the unemployed have the skills or the stamina to perform the tasks which are performed by imported farm workers . but unless some steps are taken to insure that domestic workers will be offered terms comparable to those not only offered but also guaranteed to Mexican nationals . it will never be possible to determine how many domestic workers could be employed . or how many of those who are unemployed in Detroit would respond to the demand for workers to pick cucumbers or cherries or other fruit and vegetable crops if the conditions of work were at least comparable to those offered to Mexican [MASK] . and . beyond that . if the conditions and terms were reasonably comparable to the terms and conditions offered to industrial workers in a city of that State .,3.2670033078829874e-07,8.852400242176373e-06,3.8386858136618685e-08,1.6129293101130315e-07,4.338447070040274e-06,4.614631450294837e-07,0.0001145565474871546,2.5382479407198844e-07
880078606_34,880078606,19630815,D,4,Mexican nationals,nat_role,There is no reasonunless we wish to commit agriculture generally and agricultural workers in particular to a kind of second- . third- . or fourthclass economic citizenshipwhy we should not be concerned to see to it that such workers receive comparable wages and have working conditions comparable to those provided Mexican [MASK] brought in to work in the fields . and also wages and conditions comparable to those under which American citizens work in the factories and offices of this land .,5.361033345252508e-06,2.8544867745949887e-05,6.105946113166283e-07,6.657176072621951e-07,1.5711017113062553e-05,3.6574147088686004e-06,0.004608937073498964,9.325030418949609e-07
870127885_52,870127885,19610911,R,0,Mexican workers,nat_role,Mexican [MASK] . under the bill now before the Senate . will not be available for employment in other than temporary or seasonal occupations or to operate or maintain powerdriven machinery . unless a determination is made by the Secretary of Labor that to do otherwise would invoke an undue hardship .,1.2240938303875737e-05,8.811738371150568e-05,1.0178720003750641e-05,1.031889405567199e-05,0.00011716245353454724,2.3817825422156602e-05,0.003869820386171341,1.7219967048731633e-05
870127885_52,870127885,19610911,R,1,Mexican workers,nat_role,Particularly important is the provision that Mexican [MASK] will not be made available unless the employer pays both domestic and Mexican workers not less than the prevailing wage paid in the area to domestic workers engaged in similar work .,1.0510461834201124e-05,0.000959879020228982,2.8377212402119767e-06,4.419786137077608e-07,3.54445401171688e-05,5.398715074989013e-07,0.00012630035053007305,1.614071607036749e-06
870127885_52,870127885,19610911,R,2,Mexican workers,nat_role,Particularly important is the provision that Mexican workers will not be made available unless the employer pays both domestic and Mexican [MASK] not less than the prevailing wage paid in the area to domestic workers engaged in similar work .,8.48429522193328e-07,5.21338006365113e-06,1.0700599517576848e-07,2.0645170906163912e-08,4.933062882628292e-07,8.151596375682857e-08,2.5847328288364224e-05,6.758136095186273e-08
870127885_52,870127885,19610911,R,3,Mexican workers,nat_role,The bill also prohibits the furnishing of Mexican [MASK] for some processing activities .,0.0013397581642493606,0.04733224958181381,7.035290764179081e-06,7.2206776167149656e-06,0.00129142333753407,1.2929512195114512e-05,0.0013200369430705905,6.655116067122435e-06
870127885_52,870127885,19610911,R,4,Mexican,nationality,If . in the implementation of the [MASK] labor program . domestic workers are being adversely affected . then there is something wrong not with the Congress but with the administration of that program by the Department of Labor .,6.341663538478315e-05,6.933442818990443e-06,1.011841777653899e-05,2.17705328395823e-05,5.7059034588746727e-05,7.414171250275103e-06,0.000827344658318907,5.140861958352616e-06
870127885_52,870127885,19610911,R,5,Migrant,direct,""" of the [MASK] Labor Agreement of 1951 . as amended . entered into between the Governments of Mexico and the United States of America . already provides . in part : The employer shall pay the Mexican worker not less than the prevailing wage rate paid to domestic workers for similar work at the time the work is performed and in the manner paid within the area of employment . or at the rate specified in the work contract . whichever is higher .",1.4242439647205174e-05,6.087811925681308e-06,3.6242238365957746e-07,1.0723452987804194e-06,1.5082704521773849e-05,1.0441742688271916e-06,7.249556801980361e-05,6.737242870258342e-07
870127885_52,870127885,19610911,R,6,Mexican worker,nat_role,""" of the Migrant Labor Agreement of 1951 . as amended . entered into between the Governments of Mexico and the United States of America . already provides . in part : The employer shall pay the Mexican [MASK] not less than the prevailing wage rate paid to domestic workers for similar work at the time the work is performed and in the manner paid within the area of employment . or at the rate specified in the work contract . whichever is higher .",2.244484676339198e-06,8.226621503126808e-06,3.86992439871392e-07,6.2934719835539e-07,2.4997709260787815e-05,2.4324810965481447e-06,0.0004097725613974035,7.005460702202981e-06
880078606_34,880078606,19630815,D,0,Mexican nationals,nat_role,Texas brought in 36.000 Mexican [MASK] . while at the same time Texas had 174.000 domestic workers listed as unemployed .,2.1822781945957104e-06,1.5554853234789334e-05,1.5853829609113745e-06,1.1830496760012466e-06,5.641022653435357e-06,1.6077414102255716e-06,0.011470665223896503,5.494143238138349e-07
880078606_34,880078606,19630815,D,1,Mexican nationals,nat_role,Twelve thousand Mexican [MASK] were contracted for in Arkansas . which had an average of 42.000 domestic workers unemployed at the same time .,1.1254825039941352e-05,1.9970098946942016e-05,5.203182354307501e-06,1.0230132829747163e-06,4.3436619307613e-05,4.8438259909744374e-06,0.004311185330152512,5.869800361324451e-07
880078606_34,880078606,19630815,D,2,Mexican nationals,nat_role,This does not mean that all the unemployed have the skills or the stamina to perform the tasks which are performed by imported farm workers . but unless some steps are taken to insure that domestic workers will be offered terms comparable to those not only offered but also guaranteed to Mexican [MASK] . it will never be possible to determine how many domestic workers could be employed . or how many of those who are unemployed in Detroit would respond to the demand for workers to pick cucumbers or cherries or other fruit and vegetable crops if the conditions of work were at least comparable to those offered to Mexican nationals . and . beyond that . if the conditions and terms were reasonably comparable to the terms and conditions offered to industrial workers in a city of that State .,1.0789939608457644e-07,4.114978764846455e-06,2.6415586162897853e-08,6.968022603359714e-08,1.8946273030451266e-06,1.8769762277770496e-07,2.842433241312392e-05,1.9497829839565384e-07
880078606_34,880078606,19630815,D,3,Mexican nationals,nat_role,This does not mean that all the unemployed have the skills or the stamina to perform the tasks which are performed by imported farm workers . but unless some steps are taken to insure that domestic workers will be offered terms comparable to those not only offered but also guaranteed to Mexican nationals . it will never be possible to determine how many domestic workers could be employed . or how many of those who are unemployed in Detroit would respond to the demand for workers to pick cucumbers or cherries or other fruit and vegetable crops if the conditions of work were at least comparable to those offered to Mexican [MASK] . and . beyond that . if the conditions and terms were reasonably comparable to the terms and conditions offered to industrial workers in a city of that State .,3.2670033078829874e-07,8.852400242176373e-06,3.8386858136618685e-08,1.6129293101130315e-07,4.338447070040274e-06,4.614631450294837e-07,0.0001145565474871546,2.5382479407198844e-07
880078606_34,880078606,19630815,D,4,Mexican nationals,nat_role,There is no reasonunless we wish to commit agriculture generally and agricultural workers in particular to a kind of second- . third- . or fourthclass economic citizenshipwhy we should not be concerned to see to it that such workers receive comparable wages and have working conditions comparable to those provided Mexican [MASK] brought in to work in the fields . and also wages and conditions comparable to those under which American citizens work in the factories and offices of this land .,5.361033345252508e-06,2.8544867745949887e-05,6.105946113166283e-07,6.657176072621951e-07,1.5711017113062553e-05,3.6574147088686004e-06,0.004608937073498964,9.325030418949609e-07
870045461_14,870045461,19610510,D,0,Mexican,nationality,Here is what you should know about it : It restricts the use of [MASK] labor to instances or areas where the Secretary of Labor certifies that . first . domestic workers . able . willing . and qualified . are not available . second . the employment of Mexican workers will not adversely affect the wages and working conditions of domestic agricultural workers similarly employed . and third . reasonable efforts have been made to attract domestic workers at comparable wages .,0.000123957812320441,8.56212318467442e-06,8.793402344053902e-07,1.0252776974084554e-06,6.890384247526526e-05,2.1981768441037275e-06,0.00029865402029827237,2.6801658350450452e-06
870045461_14,870045461,19610510,D,1,Mexican workers,nat_role,Here is what you should know about it : It restricts the use of Mexican labor to instances or areas where the Secretary of Labor certifies that . first . domestic workers . able . willing . and qualified . are not available . second . the employment of Mexican [MASK] will not adversely affect the wages and working conditions of domestic agricultural workers similarly employed . and third . reasonable efforts have been made to attract domestic workers at comparable wages .,6.288926670094952e-06,4.672669547289843e-06,1.9425002051320917e-07,5.1517574206627614e-08,8.691072252986487e-06,1.631871526797113e-07,7.616774382768199e-05,1.0736184208326449e-07
830026088_39,830026088,19530415,D,0,Mexican worker,nat_role,He must pay the Mexican [MASK] the prevailing wage in the community .,6.933159602340311e-05,1.479629281675443e-05,6.295518687693402e-06,7.895296221249737e-06,0.0002313927689101547,2.1618241589749232e-05,0.015659118071198463,3.053894397453405e-05
880250487_42,880250487,19640701,R,0,Mexican national,nat_role,It is unfortunate and beyond the growers comprehension that many people think the bracero . or Mexican [MASK] . is recruited or brought into the country at the will and whim of the groweruser .,0.0005456987419165671,8.309417898999527e-05,7.903503865236416e-05,2.2692249331157655e-05,0.0004844237118959427,0.0007932739099487662,0.010580558329820633,9.074014087673277e-05
880250487_42,880250487,19640701,R,1,Mexican national,nat_role,Not until the California Department of Employment has made wage surveys to determine the prevailing rate in the area . and not until the department has determined there are not sufficient domestic agricultural workers available will they certify a need for Mexican [MASK] supplemental workers . and even after a certification is given . domestic agricultural workers have the first opportunity for the work .,7.99793706391938e-05,1.844664257077966e-05,6.8045774241909385e-06,3.4093666272383416e-06,2.454209970892407e-05,2.525639274608693e-06,0.0019625683780759573,1.1559234280866804e-06
880250487_42,880250487,19640701,R,2,Mexican nationals,nat_role,For exampleif a grower has need for 10 workers and he receives a certification for 10 Mexican [MASK] and he pays for their recruitment and transportation to his place of employment . and then 10 domestic workers become available . the grower is required to release his Mexican nationals and employ the domestic workers . provided they are able . willing . and qualified .,2.2669707959721563e-06,1.9753328160732053e-05,1.1205064538444276e-06,1.5631295013918134e-07,1.4931098121451214e-05,6.169759672047803e-07,0.00042165580089204013,7.39158906526427e-07
880250487_42,880250487,19640701,R,3,Mexican nationals,nat_role,For exampleif a grower has need for 10 workers and he receives a certification for 10 Mexican nationals and he pays for their recruitment and transportation to his place of employment . and then 10 domestic workers become available . the grower is required to release his Mexican [MASK] and employ the domestic workers . provided they are able . willing . and qualified .,5.1728333346545696e-05,0.002179944422096014,1.0441494850965682e-05,3.28119767800672e-06,5.2832743676844984e-05,8.003948096302338e-06,0.00035637436667457223,1.7358050172333606e-05
870127291_29,870127291,19610908,Unknown,0,Mexican nationals,nat_role,This amendment fails to take into account some of the basic differences between domestic employment and the employment of Mexican [MASK] .,1.8623397409101017e-05,6.388876045093639e-06,7.967586270751781e-07,6.619942496399744e-07,1.320592036790913e-05,8.908291988518613e-07,0.001566789811477065,7.154068271120195e-07
870127291_29,870127291,19610908,Unknown,1,Mexican,nationality,The [MASK] farm labor program is designed to provide a supplementary labor force in times of peak labor needs when a sufficient supply of domestic workers is not available .,0.0002812249294947833,1.0912563993770164e-05,1.652046194067225e-05,6.37169650872238e-05,6.881463923491538e-05,1.4591913895856123e-05,0.003160701598972082,1.4837627531960607e-05
870127291_29,870127291,19610908,Unknown,2,Mexican workers,nat_role,No Mexican [MASK] can be brought in under the program unless the Secretary of Agriculture finds that they are needed .,0.14613260328769684,0.00017509385361336172,7.532427116530016e-05,3.6096580515732057e-06,0.0001679175184108317,0.00026606005849316716,0.006392067298293114,1.0402851330582052e-05
870127291_29,870127291,19610908,Unknown,3,Mexican workers,nat_role,No Mexican [MASK] can be made available in any area under existing law unless the Secretary of Labor finds that there are insufficient domestic workers .,2.027925984293688e-05,0.00015374762006103992,4.770738996739965e-06,4.733153218694497e-06,0.00010988514986820519,2.579261035862146e-06,0.0008752040448598564,2.284048605361022e-06
870127291_29,870127291,19610908,Unknown,4,Mexican worker,nat_role,No Mexican [MASK] can be made available under existing law if the Secretary of Labor finds that the employment of Mexicans will adversely affect the wages and working conditions of domestic workers .,1.3271202988107689e-05,0.00014394058962352574,6.436152943933848e-06,6.008842319715768e-06,4.666233144234866e-05,1.8542826865086681e-06,0.00035855232272297144,1.862312274170108e-05
870127291_29,870127291,19610908,Unknown,5,Mexicans,nationality,No Mexican worker can be made available under existing law if the Secretary of Labor finds that the employment of [MASK] will adversely affect the wages and working conditions of domestic workers .,0.00044954620534554124,2.869397940230556e-05,2.7344181944499724e-05,2.6238833470415557e-06,0.0005147822084836662,6.23011655989103e-05,0.0005081917624920607,1.831558984122239e-05
870127291_29,870127291,19610908,Unknown,6,Mexican worker,nat_role,Once all these determinations and certifications are made . the Mexican [MASK] must be recruited in Mexico and brought to this country .,1.9431954569881782e-05,1.2855120075982995e-05,1.375376359646907e-05,2.0407713236636482e-05,8.707887900527567e-05,1.3609793313662522e-05,0.322858989238739,1.2681612133746967e-05
870127106_15,870127106,19610908,D,0,Mexican nationals,nat_role,In these cases the use of Mexican [MASK] has frozen wages of domestic workers at these low levels .,3.9138954889494926e-05,0.0004611472541000694,5.38243621122092e-05,6.60829246044159e-05,0.0008657724247314036,1.5126924154174048e-05,0.007441749796271324,9.075331036001444e-06
870127106_15,870127106,19610908,D,1,Mexican nationals,nat_role,The 50centsanhour minimum required by agreement with Mexico . plus the fact that most of the workers are Mexican [MASK] . establishes in effect a ceiling on what is paid American workers in those areas .,1.7984592659558984e-06,3.555106786734541e-06,3.0222807367863425e-07,1.4410338735615369e-06,5.386796146922279e-06,8.907715027817176e-07,0.00012150040129199624,6.739343234585249e-07
870127106_15,870127106,19610908,D,2,Mexican,nationality,My amendment is designed to correct in some small degree the depressing effect of the [MASK] farm labor program on wages and employment opportunities of domestic workers .,6.456112714658957e-06,1.1157864037159015e-06,3.832197762676515e-06,7.797427315381356e-06,8.860177331371233e-06,3.2543434826948214e-06,0.00016000420146156102,2.7785358724941034e-07
870127106_15,870127106,19610908,D,3,Mexican,nationality,My amendment would not terminate the [MASK] farm labor program .,6.726241554133594e-05,4.866102244704962e-06,5.4821775847813115e-06,9.375617082696408e-06,1.0912621291936375e-05,5.002651505492395e-06,0.0008732069982215762,1.458659539821383e-06
870127106_15,870127106,19610908,D,4,migrant,direct,It would have no effect at all in States which have been paying [MASK] and domestic workers wages which are reasonable . at least in a relative sense . and which are higher than the national hourly farm wage .,0.00020312129345256835,4.755563713843003e-05,2.534645864216145e-05,5.566778781940229e-06,0.00020358807523734868,8.986687134893145e-06,0.00023513293126598,1.6865857332959422e-06
880110371_46,880110371,19631031,D,0,alien,direct,With an inexhaustible supply of [MASK] workers at our very borders we find . conversely . that the terms and conditions of employment offered domestic workers not only remain static but In many cases are less favorable than those offered domestic workers in areas where no alien workers are employed .,5.215293276705779e-05,1.2411646821419708e-05,6.4853375079110265e-06,9.512214091955684e-07,0.00011599464778555557,1.9871094991685823e-05,0.00036714435555040836,7.240178092615679e-06
880110371_46,880110371,19631031,D,1,alien,direct,With an inexhaustible supply of alien workers at our very borders we find . conversely . that the terms and conditions of employment offered domestic workers not only remain static but In many cases are less favorable than those offered domestic workers in areas where no [MASK] workers are employed .,7.471060962416232e-05,5.745185262640007e-06,2.1857204046682455e-06,1.77981030446972e-06,6.850525096524507e-05,7.616668881382793e-06,0.00023397209588438272,1.3830170246365014e-05
880110371_46,880110371,19631031,D,2,alien,direct,We find . further . the incredible situation where [MASK] workers are offered better terms and conditions of employment than are afforded our own agricultural workers competing for the same jobs .,0.00012129858077969402,4.628519036486978e-06,2.98926784125797e-06,1.0758797543530818e-05,8.904203423298895e-05,7.980943337315693e-06,6.912961544003338e-05,5.794056505692424e-07
880110371_46,880110371,19631031,D,3,alien,direct,The simple fact is that under the present system an employer can refuse to offer to domestic workers the same terms and conditions that he Is required to offer [MASK] workers .,2.307124486833345e-05,1.7042992112692446e-05,1.90056050541898e-06,3.8469795526907546e-07,2.017546103161294e-05,1.7425631995138247e-06,2.3096292352420278e-05,3.9171391108538955e-06
880110371_46,880110371,19631031,D,4,Mexican workers,nat_role,If the domestic worker refuses to accept the job at less favorable terms . the employer is permitted to bring in Mexican [MASK] who are then afforded the very terms and conditions which were denied to our own workers .,1.8316019122721627e-05,1.8870792700909078e-05,2.026351012318628e-06,3.053678483411204e-07,1.0499957170395646e-05,2.082536411762703e-06,0.0011312072165310383,1.9904080090782372e-06
880110371_46,880110371,19631031,D,5,Mexican workers,nat_role,The legislative history of that law makes it abundantly clear that the Congress did not intend to permit the Secretary of Labor to require . as a condition of obtaining Mexican [MASK] . that all of the same terms and conditions afforded Mexican workers be offered first to domestic workers .,2.453198248986155e-06,0.0010247455211356282,4.418888693180634e-06,5.52795711428189e-07,1.638991670915857e-05,8.932261721383838e-07,0.00011244720371905714,2.032208385571721e-06
880110371_46,880110371,19631031,D,6,Mexican workers,nat_role,The legislative history of that law makes it abundantly clear that the Congress did not intend to permit the Secretary of Labor to require . as a condition of obtaining Mexican workers . that all of the same terms and conditions afforded Mexican [MASK] be offered first to domestic workers .,1.3444146134133916e-06,2.3317556042457e-05,8.529339083906962e-07,1.0506546743727085e-07,5.808937203255482e-06,4.391085610677692e-07,5.233066258369945e-05,4.3685611217370024e-07
880110371_46,880110371,19631031,D,0,alien,direct,With an inexhaustible supply of [MASK] workers at our very borders we find . conversely . that the terms and conditions of employment offered domestic workers not only remain static but In many cases are less favorable than those offered domestic workers in areas where no alien workers are employed .,5.215293276705779e-05,1.2411646821419708e-05,6.4853375079110265e-06,9.512214091955684e-07,0.00011599464778555557,1.9871094991685823e-05,0.00036714435555040836,7.240178092615679e-06
880110371_46,880110371,19631031,D,1,alien,direct,With an inexhaustible supply of alien workers at our very borders we find . conversely . that the terms and conditions of employment offered domestic workers not only remain static but In many cases are less favorable than those offered domestic workers in areas where no [MASK] workers are employed .,7.47106023482047e-05,5.745184353145305e-06,2.1857204046682455e-06,1.7798100770960446e-06,6.850524368928745e-05,7.616667971888091e-06,0.00023397206678055227,1.3830168427375611e-05
880110371_46,880110371,19631031,D,2,alien,direct,We find . further . the incredible situation where [MASK] workers are offered better terms and conditions of employment than are afforded our own agricultural workers competing for the same jobs .,0.00012129856622777879,4.628518581739627e-06,2.9892676138842944e-06,1.0758795724541415e-05,8.904201968107373e-05,7.980942427820992e-06,6.912960816407576e-05,5.794055937258236e-07
880110371_46,880110371,19631031,D,3,alien,direct,The simple fact is that under the present system an employer can refuse to offer to domestic workers the same terms and conditions that he Is required to offer [MASK] workers .,2.307124486833345e-05,1.7042992112692446e-05,1.90056050541898e-06,3.8469795526907546e-07,2.017546103161294e-05,1.7425631995138247e-06,2.3096292352420278e-05,3.9171391108538955e-06
880110371_46,880110371,19631031,D,4,Mexican workers,nat_role,If the domestic worker refuses to accept the job at less favorable terms . the employer is permitted to bring in Mexican [MASK] who are then afforded the very terms and conditions which were denied to our own workers .,1.8316022760700434e-05,1.8870796338887885e-05,2.026351467065979e-06,3.0536790518453927e-07,1.0499959898879752e-05,2.082536866510054e-06,0.001131207449361682,1.990408463825588e-06
880110371_46,880110371,19631031,D,5,Mexican workers,nat_role,The legislative history of that law makes it abundantly clear that the Congress did not intend to permit the Secretary of Labor to require . as a condition of obtaining Mexican [MASK] . that all of the same terms and conditions afforded Mexican workers be offered first to domestic workers .,2.4531987037335057e-06,0.0010247457539662719,4.4188896026753355e-06,5.527958251150267e-07,1.6389920347137377e-05,8.932264563554781e-07,0.00011244722554692999,2.032208840319072e-06
880110371_46,880110371,19631031,D,6,Mexican workers,nat_role,The legislative history of that law makes it abundantly clear that the Congress did not intend to permit the Secretary of Labor to require . as a condition of obtaining Mexican workers . that all of the same terms and conditions afforded Mexican [MASK] be offered first to domestic workers .,1.3444146134133916e-06,2.3317556042457e-05,8.529339083906962e-07,1.0506546743727085e-07,5.808937203255482e-06,4.391085610677692e-07,5.233066258369945e-05,4.3685611217370024e-07
870045698_18,870045698,19610510,D,0,Mexican nationals,nat_role,Department of Labor are required to make surveys during active seasons to determine prevailing wages paid to American workers in each of the activities in which Mexican [MASK] are employed .,6.533183295687195e-06,2.346689825571957e-06,2.208426224115101e-07,3.349144890307798e-07,2.0463572582229972e-05,1.2568195870699128e-06,0.001843155943788588,6.516739858852816e-07
870045698_18,870045698,19610510,D,1,Mexicans,nationality,A study made by the Department of Labor shows that in the great majority of areas where [MASK] have been employed . wages for American workers employed in similar activities have remained virtually unchanged year after year .,1.503656676504761e-05,3.702652065840084e-06,9.80794084171066e-07,2.890589712478686e-06,0.0001508127897977829,1.5707741113146767e-05,0.0004771477833855897,2.423477326374268e-06
870045698_18,870045698,19610510,D,2,Mexicans,nationality,In the Arkansas Delta area . for example . farmers have been paying American workers 30 . 40 . and 50 cents an hour for cotton chopping while at the same time thousand of [MASK] are employed in this activity .,1.8667220501811244e-05,9.73749138211133e-07,7.02636555161007e-07,4.149262053942948e-07,6.230491999303922e-05,1.34874085233605e-06,8.91330128069967e-05,3.1513704357166716e-07
870045698_18,870045698,19610510,D,3,Mexicans,nationality,In California . where average farm wages are among the highest farm wages in the countryabout $ 1.20 per hourthe rate paid to American workers in the Imperial Valley . which is largely dominated by [MASK] . has remained approximately 70 to 75 cents an hour .,6.712026515742764e-05,0.00013620013487525284,3.947821824112907e-05,2.0584255253197625e-05,0.00022846923093311489,1.4509981156152207e-05,0.00010752009984571487,1.8737812297331402e-06
880250487_42,880250487,19640701,R,0,Mexican national,nat_role,It is unfortunate and beyond the growers comprehension that many people think the bracero . or Mexican [MASK] . is recruited or brought into the country at the will and whim of the groweruser .,0.0005456987419165671,8.309417898999527e-05,7.903503865236416e-05,2.2692249331157655e-05,0.0004844237118959427,0.0007932739099487662,0.010580558329820633,9.074014087673277e-05
880250487_42,880250487,19640701,R,1,Mexican national,nat_role,Not until the California Department of Employment has made wage surveys to determine the prevailing rate in the area . and not until the department has determined there are not sufficient domestic agricultural workers available will they certify a need for Mexican [MASK] supplemental workers . and even after a certification is given . domestic agricultural workers have the first opportunity for the work .,7.99793706391938e-05,1.844664257077966e-05,6.8045774241909385e-06,3.4093666272383416e-06,2.454209970892407e-05,2.525639274608693e-06,0.0019625683780759573,1.1559234280866804e-06
880250487_42,880250487,19640701,R,2,Mexican nationals,nat_role,For exampleif a grower has need for 10 workers and he receives a certification for 10 Mexican [MASK] and he pays for their recruitment and transportation to his place of employment . and then 10 domestic workers become available . the grower is required to release his Mexican nationals and employ the domestic workers . provided they are able . willing . and qualified .,2.2669707959721563e-06,1.9753328160732053e-05,1.1205064538444276e-06,1.5631295013918134e-07,1.4931098121451214e-05,6.169759672047803e-07,0.00042165580089204013,7.39158906526427e-07
880250487_42,880250487,19640701,R,3,Mexican nationals,nat_role,For exampleif a grower has need for 10 workers and he receives a certification for 10 Mexican nationals and he pays for their recruitment and transportation to his place of employment . and then 10 domestic workers become available . the grower is required to release his Mexican [MASK] and employ the domestic workers . provided they are able . willing . and qualified .,5.172846431378275e-05,0.002179941860958934,1.0441450285725296e-05,3.2812067729537375e-06,5.283286373014562e-05,8.003904440556653e-06,0.0003563740465324372,1.7358084733132273e-05
870127291_29,870127291,19610908,Unknown,0,Mexican nationals,nat_role,This amendment fails to take into account some of the basic differences between domestic employment and the employment of Mexican [MASK] .,1.8623441064846702e-05,6.388908332155552e-06,7.967605029080005e-07,6.61995670725446e-07,1.3205924915382639e-05,8.908310746846837e-07,0.0015667955158278346,7.154094419092871e-07
870127291_29,870127291,19610908,Unknown,1,Mexican,nationality,The [MASK] farm labor program is designed to provide a supplementary labor force in times of peak labor needs when a sufficient supply of domestic workers is not available .,0.00028122481307946146,1.091251579055097e-05,1.6520476492587477e-05,6.371682684402913e-05,6.881451554363593e-05,1.4591903891414404e-05,0.0031606873963028193,1.4837605704087764e-05
870127291_29,870127291,19610908,Unknown,2,Mexican workers,nat_role,No Mexican [MASK] can be brought in under the program unless the Secretary of Agriculture finds that they are needed .,0.1461317390203476,0.00017509311146568507,7.532430754508823e-05,3.6096625990467146e-06,0.00016791728558018804,0.00026605912717059255,0.006392061244696379,1.0402851330582052e-05
870127291_29,870127291,19610908,Unknown,3,Mexican workers,nat_role,No Mexican [MASK] can be made available in any area under existing law unless the Secretary of Labor finds that there are insufficient domestic workers .,2.0279252566979267e-05,0.00015374775102827698,4.7707289922982454e-06,4.733156856673304e-06,0.00010988544818246737,2.579256943135988e-06,0.0008752086432650685,2.2840472411189694e-06
870127291_29,870127291,19610908,Unknown,4,Mexican worker,nat_role,No Mexican [MASK] can be made available under existing law if the Secretary of Labor finds that the employment of Mexicans will adversely affect the wages and working conditions of domestic workers .,1.3271150237414986e-05,0.0001439401094103232,6.436153398681199e-06,6.008850505168084e-06,4.66623023385182e-05,1.8542825728218304e-06,0.0003585524973459542,1.8623151845531538e-05
870127291_29,870127291,19610908,Unknown,5,Mexicans,nationality,No Mexican worker can be made available under existing law if the Secretary of Labor finds that the employment of [MASK] will adversely affect the wages and working conditions of domestic workers .,0.0004495453031267971,2.869396485039033e-05,2.7344363843440078e-05,2.623891759867547e-06,0.0005147826741449535,6.230139115359634e-05,0.0005081934505142272,1.8315591660211794e-05
870127291_29,870127291,19610908,Unknown,6,Mexican worker,nat_role,Once all these determinations and certifications are made . the Mexican [MASK] must be recruited in Mexico and brought to this country .,1.9431936379987746e-05,1.2855128261435311e-05,1.3753708117292263e-05,2.040762956312392e-05,8.707866800250486e-05,1.360974601993803e-05,0.3228597044944763,1.2681537555181421e-05
910051112_12,910051112,19690708,D,0,alien,direct,Arizona . and California . unemployment in Texas border cities is almost 95 percent greater than in Texas interior cities . [MASK] commuters work most often in the lowest skilled . most menial and lowest paid jobs . wages for seasonal farmwork in Texas border areas are over 30 percent less than in the rest of the State . firms that employ commuters tend to pay lower wages than firms that employ only U.S. residents and tend to pay lower wages than are paid U.S. residents for the same work . wage rates paid to commuters are often less than what unemployed U.S. residents say they are able to accept .,1.0252239007968456e-05,5.678370507666841e-05,1.4630772966484074e-05,4.790036200574832e-06,3.939926955354167e-06,6.811762887082295e-07,4.575572529574856e-05,9.248829542229942e-07
910051112_12,910051112,19690708,D,1,Mexican,nationality,Furthermore . an adverse impact on the [MASK] economy is created by the introduction of U.S. dollars .,6.113000381446909e-06,1.2013519153697416e-05,1.1466703654150479e-05,7.172070127126062e-06,7.995903615665156e-06,9.528322152618784e-06,8.496166628901847e-06,2.7582744223764166e-05
910051112_12,910051112,19690708,D,2,Mexican,nationality,By permitting commuters to work indiscriminately in our economy and then take their wages back to the lowcost . lowwage [MASK] economy . living and wage standards of U.S. citizens are undermined . decent job opportunities are damaged . and there is an impact throughout our entire Nation .,1.4606799595640041e-05,6.131836562417448e-05,0.0001012538414215669,3.118436870863661e-05,6.140222831163555e-05,2.380829755566083e-05,5.3366078645922244e-05,6.463805038947612e-05
860263711_11,860263711,19600629,D,0,Mexican nationals,nat_role,During World War II some prisoners of war were used to supplement domestic labor but the enactment of Public Law 78 made it possible to legally import Mexican [MASK] to supplement the local labor force .,0.00015934839029796422,0.0006440174183808267,1.0811910215124954e-05,6.640896685894404e-07,7.853182614780962e-05,1.0482412108103745e-05,0.02119477465748787,9.710356607683934e-07
860263711_11,860263711,19600629,D,1,Mexican nationals,nat_role,Proximity to labor surplus areas in Mexico . and a national farm labor deficiency of some 400.000 to 500.000 seasonal workers annually . leads us to believe that shortages of agricultural labor in New Mexico will have to be met from the Mexican [MASK] source .,2.9687547794310376e-05,0.00014021722017787397,1.5044906831462868e-05,0.00016009512182790786,4.714259921456687e-05,4.9544369176146574e-06,0.0021044777240604162,3.0572475225199014e-05
870045461_14,870045461,19610510,D,0,Mexican,nationality,Here is what you should know about it : It restricts the use of [MASK] labor to instances or areas where the Secretary of Labor certifies that . first . domestic workers . able . willing . and qualified . are not available . second . the employment of Mexican workers will not adversely affect the wages and working conditions of domestic agricultural workers similarly employed . and third . reasonable efforts have been made to attract domestic workers at comparable wages .,0.00012395789963193238,8.562121365685016e-06,8.793430197329144e-07,1.0252814490741002e-06,6.890374061185867e-05,2.1981854843033943e-06,0.0002986537292599678,2.6801681087817997e-06
870045461_14,870045461,19610510,D,1,Mexican workers,nat_role,Here is what you should know about it : It restricts the use of Mexican labor to instances or areas where the Secretary of Labor certifies that . first . domestic workers . able . willing . and qualified . are not available . second . the employment of Mexican [MASK] will not adversely affect the wages and working conditions of domestic agricultural workers similarly employed . and third . reasonable efforts have been made to attract domestic workers at comparable wages .,6.288933946052566e-06,4.67267318526865e-06,1.9424970787440543e-07,5.151773763145684e-08,8.69107407197589e-06,1.6318784901159233e-07,7.616833318024874e-05,1.0736223998719652e-07
870127106_15,870127106,19610908,D,0,Mexican nationals,nat_role,In these cases the use of Mexican [MASK] has frozen wages of domestic workers at these low levels .,3.913917316822335e-05,0.00046114937867969275,5.38245149073191e-05,6.608311377931386e-05,0.0008657706202939153,1.512697599537205e-05,0.007441758178174496,9.075338311959058e-06
870127106_15,870127106,19610908,D,1,Mexican nationals,nat_role,The 50centsanhour minimum required by agreement with Mexico . plus the fact that most of the workers are Mexican [MASK] . establishes in effect a ceiling on what is paid American workers in those areas .,1.798460630197951e-06,3.5551097425923217e-06,3.022281305220531e-07,1.4410304629564052e-06,5.386784323491156e-06,8.907740607355663e-07,0.00012150086695328355,6.739373930031434e-07
870127106_15,870127106,19610908,D,2,Mexican,nationality,My amendment is designed to correct in some small degree the depressing effect of the [MASK] farm labor program on wages and employment opportunities of domestic workers .,6.456067239923868e-06,1.1157798098793137e-06,3.832161382888444e-06,7.797377293172758e-06,8.860095476848073e-06,3.254317562095821e-06,0.00016000284813344479,2.7785165457316907e-07
870127106_15,870127106,19610908,D,3,Mexican,nationality,My amendment would not terminate the [MASK] farm labor program .,6.726202263962477e-05,4.8660631364327855e-06,5.482152573677013e-06,9.375595254823565e-06,1.0912538527918514e-05,5.002631041861605e-06,0.0008732040296308696,1.4586519228032557e-06
870127106_15,870127106,19610908,D,4,migrant,direct,It would have no effect at all in States which have been paying [MASK] and domestic workers wages which are reasonable . at least in a relative sense . and which are higher than the national hourly farm wage .,0.00020312012929935008,4.755578265758231e-05,2.5346482289023697e-05,5.566771051235264e-06,0.00020358673646114767,8.986688044387847e-06,0.00023513399355579168,1.6865876659721835e-06
870082293_15,870082293,19610718,D,0,Mexican,nationality,Hearings on the extension of the [MASK] farm labor program have been held by the Subcommittee on Agricultural Research and General Legislation of the Senate Committee on Agriculture . of which the Senator from North Carolina is chairman .,0.0001848883111961186,1.2340648027020507e-05,1.695036371529568e-05,1.0097300219058525e-05,1.7989921616390347e-05,1.2466857697290834e-05,0.002220324007794261,3.7553413676505443e-06
870082293_15,870082293,19610718,D,1,Mexican,nationality,At the hearings the Secretary of Labor Goldberg stated that the [MASK] farm labor program has had an adverse effect on domestic migratory workers and that the administration is opposed to extension of the program without amendments .,5.304522346705198e-05,6.378184025379596e-06,8.665560926601756e-06,2.8657708753598854e-05,7.769875082885846e-06,1.3408289305516519e-05,0.0005967648467049003,2.047896714429953e-06
870082293_15,870082293,19610718,D,2,Mexican nationals,nat_role,He stated that in some areas Mexican [MASK] are still receiving the 50 cents per hour minimum allowed by the Republic of Mexico .,1.3253095858090091e-05,4.984226688975468e-05,1.7749741800798802e-06,2.6158904802286997e-06,7.03207406331785e-05,4.5604696197187877e-07,0.0026654559187591076,1.2418729511409765e-07
870126974_23,870126974,19610908,Unknown,0,Mexican workers,nat_role,In the first place . the Secretary of Agriculture must determine that the Mexican [MASK] are needed to assist in certain production .,0.0041095116175711155,0.0002965398598462343,1.3647118976223283e-05,3.711541648954153e-05,0.00046791613567620516,1.624231481400784e-05,0.029427742585539818,3.0418670576182194e-05
870126974_23,870126974,19610908,Unknown,1,Mexican worker,nat_role,Third . the law prohibits any Mexican [MASK] from being made available for employment in any area unless the Secretary of Labor has determined and certified that . the following situations exist : ( 1 ) Sufficient domestic workers who are able . willing . and qualified are not available at the time and place needed to perform the work for which such workers are to be employed .,1.5946856365189888e-05,4.638238351617474e-06,7.339005492212891e-07,4.59786008377705e-07,3.0312321541714482e-05,2.407749434496509e-06,0.00041933488682843745,1.5800876553839771e-06
870126974_23,870126974,19610908,Unknown,2,Mexican workers,nat_role,( 2 ) The employment of Mexican [MASK] will not adversely affect the wages and working conditions of domestic agricultural workers similarly employed . and ( 3 ) Reasonable efforts have been made to attract domestic workers for such employment at wages and standard hours of work comparable to those offered foreign workers .,0.0001371607941109687,1.626085941097699e-05,7.847281267459039e-06,1.759286647029512e-06,8.525980229023844e-05,6.397632205334958e-06,0.0015121677424758673,2.5476456357864663e-06
870126974_23,870126974,19610908,Unknown,3,Mexican workers,nat_role,Both S. 1466 and S. 1945 would have prohibited the employment of Mexican [MASK] recruited under the program unless employersor . in the case of S. 1945 . the specific employerhad made reasonable efforts to attract workers not only at comparable wages and hours . but also at comparable terms of employment .,3.6203573472448625e-06,1.874475174190593e-06,3.1706778713669337e-07,2.3292179207601293e-07,7.583990736748092e-06,1.7129212892541545e-06,0.003745791269466281,5.764354114035086e-07
870127887_4,870127887,19610911,D,0,Mexican workers,nat_role,The amendment would give full authority to the Secretary of Labor to fix wages to be paid to Mexican [MASK] at 90 percent of the average for the State or 90 percent of the average for the Nation .,1.1256221341682249e-06,9.611744644644205e-07,6.31663112926617e-08,3.8706968297219646e-08,4.306196842662757e-06,1.768564885651358e-07,0.00023450423032045364,6.418581932621237e-08
870127887_4,870127887,19610911,D,1,Mexican laborer,nat_role,I wish to say that we have tightened up the law in the bill . in that no Mexican [MASK] can be employed to run tractors or to run any kind of machines .,7.119715883163735e-05,3.3764229101507226e-06,1.4547412092724699e-06,9.97619395093352e-07,0.0006315407226793468,2.005507667490747e-06,0.007903854362666607,1.3528441513699363e-06
870127887_4,870127887,19610911,D,2,Mexican laborer,nat_role,If employers were to pay the Mexican [MASK] 90 percent of what the average farmworker is paid in the State where the Mexican laborer is employed . this would mean it would be necessary to take into consideration the amount paid for tractor work and for other work with machines . which the Mexican laborer is prohibited from pursuing .,5.631606654787902e-06,5.585688541032141e-06,3.691812366923841e-07,6.897633397784375e-07,0.0001075469481293112,2.2649614948022645e-06,0.0005954112275503576,1.373503437207546e-06
870127887_4,870127887,19610911,D,3,Mexican laborer,nat_role,If employers were to pay the Mexican laborer 90 percent of what the average farmworker is paid in the State where the Mexican [MASK] is employed . this would mean it would be necessary to take into consideration the amount paid for tractor work and for other work with machines . which the Mexican laborer is prohibited from pursuing .,1.947901546373032e-05,3.2477064451086335e-06,2.5697482897157897e-07,3.664713972284517e-07,0.00011185557377757505,1.1183835795236519e-06,0.0009065631311386824,2.560526013439812e-07
870127887_4,870127887,19610911,D,4,Mexican laborer,nat_role,If employers were to pay the Mexican laborer 90 percent of what the average farmworker is paid in the State where the Mexican laborer is employed . this would mean it would be necessary to take into consideration the amount paid for tractor work and for other work with machines . which the Mexican [MASK] is prohibited from pursuing .,1.8519413060857914e-06,3.917906724382192e-06,4.3300457264194847e-07,4.685666681325529e-07,5.667242658091709e-05,8.279745884465228e-07,0.002060666447505355,1.0114407587025198e-06
870127887_4,870127887,19610911,D,5,Mexican laborers,nat_role,He can not let the Mexican [MASK] come in unless he finds that local labor will not do the stoop work .,0.0003508215304464102,0.0002980640856549144,3.15388897433877e-05,6.586592644453049e-05,0.0002796790504362434,3.855268005281687e-05,0.04521903768181801,6.135581497801468e-05
870127887_4,870127887,19610911,D,6,Mexican worker,nat_role,On the other hand . no Mexican [MASK] can be brought in under the program unless the Secretary of Labor states that the labor is needed .,1.7495638530817814e-05,2.623290492920205e-05,1.2165827456556144e-06,3.9635744997212896e-07,2.6751977202366106e-05,2.4923506316554267e-06,0.00034505734220147133,8.061537073444924e-07
870126974_43,870126974,19610908,Unknown,0,Mexican workers,nat_role,"In addition to "" wages and standard hours of work "" comparable to those furnished the Mexican [MASK] . the committee amendment provides that employers must offer "" working conditions "" to domestic workers comparable to those offered foreign workers .",5.174156740395119e-06,2.816736014210619e-05,2.170314473914914e-06,2.8297399694565684e-06,3.9911788917379454e-05,3.138305373795447e-06,0.007369311526417732,3.901360287272837e-06
870126974_43,870126974,19610908,Unknown,1,Mexican workers,nat_role,Thus employers would have to offer domestic workers at least as good wages . hours . and physical conditions of safety and sanitation . as would be provided the Mexican [MASK] .,3.579504482331686e-05,0.0001179077080450952,3.205933535355143e-05,3.073577681789175e-05,0.0003127439122181386,1.3147760910214856e-05,0.07042621821165085,1.5343794075306505e-05
870126974_43,870126974,19610908,Unknown,2,Mexican workers,nat_role,The employers would not have to offer domestic workers anything comparable to transportation from Mexico or to the other terms peculiar to the importation of Mexican [MASK] .,0.00018536456627771258,0.08563217520713806,3.2936528441496193e-05,1.1629258551693056e-06,0.0001875825400929898,6.188986844790634e-06,0.0013213602360337973,1.1613772130658617e-06
870126974_43,870126974,19610908,Unknown,3,Mexican workers,nat_role,Another provision of S. 1945 would have prohibited the employment of Mexican [MASK] in other than temporary or seasonal occupations . except when necessary to avoid undue hardship .,3.062126779695973e-06,1.3881991662856308e-06,1.9152747654516133e-07,4.33759055340488e-07,4.231852472003084e-06,1.2815542049793294e-06,0.0019559692591428757,5.057304974798171e-07
870126974_23,870126974,19610908,Unknown,0,Mexican workers,nat_role,In the first place . the Secretary of Agriculture must determine that the Mexican [MASK] are needed to assist in certain production .,0.0041095116175711155,0.0002965398598462343,1.3647118976223283e-05,3.711541648954153e-05,0.00046791613567620516,1.624231481400784e-05,0.029427742585539818,3.0418670576182194e-05
870126974_23,870126974,19610908,Unknown,1,Mexican worker,nat_role,Third . the law prohibits any Mexican [MASK] from being made available for employment in any area unless the Secretary of Labor has determined and certified that . the following situations exist : ( 1 ) Sufficient domestic workers who are able . willing . and qualified are not available at the time and place needed to perform the work for which such workers are to be employed .,1.5946854546200484e-05,4.638237442122772e-06,7.339004923778703e-07,4.5978597995599557e-07,3.031231972272508e-05,2.4077492071228335e-06,0.000419334857724607,1.5800876553839771e-06
870126974_23,870126974,19610908,Unknown,2,Mexican workers,nat_role,( 2 ) The employment of Mexican [MASK] will not adversely affect the wages and working conditions of domestic agricultural workers similarly employed . and ( 3 ) Reasonable efforts have been made to attract domestic workers for such employment at wages and standard hours of work comparable to those offered foreign workers .,0.00013716080866288394,1.626085941097699e-05,7.84728217695374e-06,1.759286647029512e-06,8.525980956619605e-05,6.3976331148296595e-06,0.001512167975306511,2.5476456357864663e-06
870126974_23,870126974,19610908,Unknown,3,Mexican workers,nat_role,Both S. 1466 and S. 1945 would have prohibited the employment of Mexican [MASK] recruited under the program unless employersor . in the case of S. 1945 . the specific employerhad made reasonable efforts to attract workers not only at comparable wages and hours . but also at comparable terms of employment .,3.620357119871187e-06,1.8744749468169175e-06,3.1706775871498394e-07,2.329217636543035e-07,7.583990282000741e-06,1.712921061880479e-06,0.0037457908038049936,5.764353545600898e-07
830026036_25,830026036,19530415,R,0,Mexican,nationality,I want to point out also that according to the testimony of the Under Secretary of Labor . out of a total agricultural employment of 13.852.000 last September . which was the peak month in 1952 . only 165.000 were [MASK] contract workers . thus indicating that while these workers were important and necessary in certain areas they constituted but a small percentage of the total farm labor force .,7.439149339916185e-05,5.594325193669647e-05,1.2402744687278755e-05,1.1113053005828988e-05,4.859432010562159e-05,5.554043127631303e-06,0.0012326029827818274,7.849805115256459e-06
830026036_25,830026036,19530415,R,1,Mexican laborers,nat_role,I want to point out also that under this legislation the Secretary of Labor can not bring Mexican [MASK] into this country unless he first makes a finding and has certified that sufficient domestic workers who are willing . able . and qualified are not available at the time and place needed to perform the work for which such workers are to be employed .,4.135006292926846e-06,4.7703211748739704e-05,1.64745881647832e-06,3.1461411253985716e-07,2.882867556763813e-05,6.530016776196135e-07,0.0005397451459430158,7.775402082188521e-07
870008287_76,870008287,19610202,R,0,migrant,direct,This figure excludes some 150.000 dependents who travel with the [MASK] workers . and a roughly equivalent number who remain in the home base areas .,5.367913763620891e-05,0.00011478491069283336,0.0001127656432799995,3.606929749366827e-05,7.555721822427586e-05,2.114651579177007e-05,0.0012218246702104807,1.4584664313588291e-05
870008287_76,870008287,19610202,R,1,Mexican,nationality,Data for the latest 12of seasonal hired agricultural workers month period are as follows : Employment of seasonal farmworkers [ In thousands ] Total Foreign Domestic workers seasonal ( mostly farm labor [MASK] employment workers ),8.336958853760734e-05,5.368461279431358e-05,1.640365007915534e-05,2.531896097934805e-05,0.00020811965805478394,4.233773779560579e-06,0.019545214250683784,7.223267857625615e-06
860263711_11,860263711,19600629,D,0,Mexican nationals,nat_role,During World War II some prisoners of war were used to supplement domestic labor but the enactment of Public Law 78 made it possible to legally import Mexican [MASK] to supplement the local labor force .,0.00015934840484987944,0.0006440174183808267,1.0811911124619655e-05,6.640897254328593e-07,7.853182614780962e-05,1.0482412108103745e-05,0.02119477652013302,9.710356607683934e-07
860263711_11,860263711,19600629,D,1,Mexican nationals,nat_role,Proximity to labor surplus areas in Mexico . and a national farm labor deficiency of some 400.000 to 500.000 seasonal workers annually . leads us to believe that shortages of agricultural labor in New Mexico will have to be met from the Mexican [MASK] source .,2.9687547794310376e-05,0.00014021722017787397,1.5044906831462868e-05,0.00016009512182790786,4.714259921456687e-05,4.9544369176146574e-06,0.0021044777240604162,3.0572475225199014e-05
880078730_21,880078730,19630815,R,0,Mexican,nationality,If . in the implementation of the [MASK] labor program . domestic workers are being adversely affected . then there is something wrong not with the Congress but with the administration of that program by the Department of Labor .,6.341680273180827e-05,6.933451913937461e-06,1.0118452337337658e-05,2.1770612875116058e-05,5.705920921172947e-05,7.4141948971373495e-06,0.0008273480925709009,5.140871508046985e-06
880078730_21,880078730,19630815,R,1,Migrant,direct,""" of the [MASK] Labor Agreement of 1951 . as amended . entered into between the Governments of Mexico and the United States of America . already provides . in part : The employer shall pay the Mexican worker not less than the prevailing wage rate paid to domestic workers for similar work at the time the work is performed and in the manner paid within the area of employment . or at the rate specified in the work contract . whichever is higher .",1.424243782821577e-05,6.08781283517601e-06,3.624231794674415e-07,1.0723439345383667e-06,1.5082729987625498e-05,1.0441755193824065e-06,7.249553164001554e-05,6.737259923284e-07
880078730_21,880078730,19630815,R,2,Mexican worker,nat_role,""" of the Migrant Labor Agreement of 1951 . as amended . entered into between the Governments of Mexico and the United States of America . already provides . in part : The employer shall pay the Mexican [MASK] not less than the prevailing wage rate paid to domestic workers for similar work at the time the work is performed and in the manner paid within the area of employment . or at the rate specified in the work contract . whichever is higher .",2.244491497549461e-06,8.226623322116211e-06,3.869931219924183e-07,6.293489605013747e-07,2.4997774744406343e-05,2.432485871395329e-06,0.0004097733472008258,7.0054643401817884e-06
820078981_107,820078981,19510627,D,0,Mexican,nationality,The urgency for this legislation is brought about by the fact that the agreement between the United States and Mexico under which [MASK] agricultural workers are permitted to enter this country under contract to perform certain specific work expires on June 30 and the Mexican Government has already indicated that it will not be favorable to renewing this agreement until some legislation has been passed .,1.3266816267787362e-06,2.447970018693013e-06,1.2112906233596732e-07,2.613338381252106e-07,2.323857643204974e-06,5.6679922977309616e-08,1.0524994650040753e-05,8.006880136690597e-08
820078981_107,820078981,19510627,D,1,Mexican,nationality,The urgency for this legislation is brought about by the fact that the agreement between the United States and Mexico under which Mexican agricultural workers are permitted to enter this country under contract to perform certain specific work expires on June 30 and the [MASK] Government has already indicated that it will not be favorable to renewing this agreement until some legislation has been passed .,3.89590404381579e-08,4.06862525892393e-08,3.098596579320656e-08,4.5358383715665695e-08,1.7315240796733633e-08,8.98729091147743e-09,2.441731226099364e-07,1.579153874331496e-08
870126974_75,870126974,19610908,Unknown,0,Mexican workers,nat_role,The committee gave very careful consideration to the testimony on this point and particularly to the allegations in the hearing that in some cases domestic workers were being paid less than Mexican [MASK] . while in other cases the Mexican workers were being discriminated against .,1.858297537182807e-06,8.790712854533922e-06,1.381220613438927e-07,3.859351238588715e-08,1.9288343082735082e-06,1.848393225145628e-07,0.00016799173317849636,1.3904050888413622e-07
870126974_75,870126974,19610908,Unknown,1,Mexican workers,nat_role,The committee gave very careful consideration to the testimony on this point and particularly to the allegations in the hearing that in some cases domestic workers were being paid less than Mexican workers . while in other cases the Mexican [MASK] were being discriminated against .,5.914313533139648e-06,2.1332651158445515e-05,2.7707511662811157e-07,3.003417816671572e-07,4.214809905533912e-06,9.96371795736195e-07,0.00029866790282540023,1.0467819038240123e-06
870126974_75,870126974,19610908,Unknown,2,Mexican workers,nat_role,Of course . some domestic workers will always be paid more than some Mexican [MASK] . and some Mexican workers will be paid more than some domestic workers .,4.097817054571351e-06,9.788895113160834e-06,1.8330712237002444e-07,9.654438315465086e-08,4.58912791145849e-06,4.160610558301414e-07,0.00010326315532438457,2.589005703157454e-07
870126974_75,870126974,19610908,Unknown,3,Mexican workers,nat_role,Of course . some domestic workers will always be paid more than some Mexican workers . and some Mexican [MASK] will be paid more than some domestic workers .,3.4340014281042386e-06,8.463312042295001e-06,2.2654708686786762e-07,1.3174664559301164e-07,1.0021723028330598e-05,6.274037787079578e-07,0.00025652998010627925,1.6815529590985534e-07
870126974_75,870126974,19610908,Unknown,4,Mexican workers,nat_role,However . to prevent any discrimination between workers in this respect . the committee has recommended an amendment to require employers of Mexican [MASK] recruited under the program to pay both their domestic workers and their Mexican workers not less than the prevailing wage rate for similar work in the area of employment .,6.49338289804291e-06,9.598375982022844e-06,7.336270755331498e-07,1.9097747383511887e-07,1.1245672794757411e-05,1.1268932667007903e-06,0.0005496496451087296,4.0761321429272357e-07
870126974_75,870126974,19610908,Unknown,5,Mexican workers,nat_role,However . to prevent any discrimination between workers in this respect . the committee has recommended an amendment to require employers of Mexican workers recruited under the program to pay both their domestic workers and their Mexican [MASK] not less than the prevailing wage rate for similar work in the area of employment .,3.358358299010433e-05,3.832273796433583e-05,4.797670953848865e-06,3.9218048186739907e-07,8.052239536482375e-06,7.4016902544826735e-06,0.00034655220224522054,2.304892859683605e-06
870126974_75,870126974,19610908,Unknown,6,Mexican workers,nat_role,The committee amendment also adopts another provision recommended in S. 1945 . which would amend the definition of agricultural employment for the purpose of the program to prohibit the furnishing of Mexican [MASK] for some processing activities .,0.008382788859307766,0.02186431549489498,1.3117502021486871e-05,2.226246806458221e-06,0.000836093386169523,1.0783754078147467e-05,0.0009274857002310455,2.9078300940454938e-06
870030650_10,870030650,19610329,R,0,migrant,direct,The plight of [MASK] farm workers is of serious concern to a great many Americans .,0.00012121034524170682,3.356634579176898e-06,1.6394120393670164e-05,8.98865437193308e-06,1.3066227438685019e-05,2.028986727964366e-06,4.8361845983890817e-05,3.221259930796805e-06
870030650_10,870030650,19610329,R,1,migrant,direct,I offer my amendment as a logical and constructive first step in creating better working and living conditions for [MASK] farmworkers .,3.156222737743519e-05,3.7897098081884906e-06,4.735953552881256e-06,1.1112852916994598e-05,1.3661519915331155e-05,1.0813848803081783e-06,2.189083897974342e-05,6.009606750012608e-06
870030650_10,870030650,19610329,R,2,Mexican farmworkers,nat_role,Under the international agreement negotiated with the Republic of Mexico . however . growers must provide . at their own cost . workmens compensation or occupational insurance coverage for the Mexican [MASK] . as well as free transportation . free housing . written contracts and work guarantees .,8.550108759663999e-05,3.368792386027053e-05,6.954385298740817e-06,5.808762125525391e-06,2.4590175598859787e-05,4.703104423242621e-06,0.005893019028007984,4.247947344993008e-06
880078522_24,880078522,19630815,D,0,Mexican workers,nat_role,If domestic workers are not available to do the work . failure to furnish Mexican [MASK] can not advance the interests of domestic workers .,0.0003208537236787379,0.03660969063639641,1.4980208106862847e-05,4.5052001951262355e-06,0.0007559499936178327,1.501156134509074e-06,0.0009445484611205757,7.012698915787041e-06
880078522_24,880078522,19630815,D,1,Mexican,nationality,It is to the advantage of the [MASK] Government and the Mexican economy that the workers be brought from areas of high unemployment in Mexico rather than from areas where the workers may be needed locally . as was the case before this bill passed . 1963,4.061671177169046e-08,3.9191824896533944e-08,7.418950787041467e-08,9.660129052235789e-08,1.6202207575588545e-07,2.069718441077839e-08,9.697724863144686e-07,7.620808162300818e-08
880078522_24,880078522,19630815,D,2,Mexican,nationality,It is to the advantage of the Mexican Government and the [MASK] economy that the workers be brought from areas of high unemployment in Mexico rather than from areas where the workers may be needed locally . as was the case before this bill passed . 1963,6.292401053542562e-07,5.046814749221085e-06,5.443767463475524e-07,3.2214152270171326e-06,2.144892278010957e-05,4.583632460253284e-07,2.350932845729403e-06,9.84920802693523e-07
880078522_11,880078522,19630815,D,0,Mexican workers,nat_role,While the use of Mexican [MASK] has dropped from approximately 291.000 in 1961 : to 195.000 in 1962 . at the same time . employment opportunities of domestic farmworkers have been preserved .,0.00018283940153196454,0.0006650583236478269,2.5937024474842474e-05,1.2546592188300565e-05,0.00019073300063610077,1.6694137229933403e-05,0.006671422626823187,1.5199013887468027e-06
880078522_11,880078522,19630815,D,1,Mexican nationals,nat_role,Although the average seasonal employment of all farmworkers declined about 5 percent from 1961 to 1962 . virtually all of the decline was in the employment of Mexican [MASK] . and domestic worker employment remained ilmost unchanged .,9.695008884591516e-06,4.376763172331266e-06,9.347016316496592e-07,1.2488045513237012e-06,1.3261258573038504e-05,2.868680439860327e-06,0.0021314313635230064,5.205286015552701e-07
880078522_11,880078522,19630815,D,2,Mexican,nationality,That testimony by the Secretary of Labor is particularly worthy of attention because it shows that while . because of the use of more machinery on the farm . the use of hand labor has been declining . that decline has been almost entirely among those who comprise the [MASK] labor group . and not at all among the domestic workers . the number of whom . as the Secretary says . has remained practically unchanged .,0.00011244553024880588,3.596602618927136e-05,2.2801018531026784e-06,3.2336483855033293e-06,0.004081941209733486,1.8179254766437225e-05,0.0004066115652676672,7.654144610569347e-06
860263879_22,860263879,19600629,D,0,Mexicans,nationality,[MASK] are not supposed to be employed except in cases where there is no domestic labor available .,0.0006012220401316881,4.1961498027376365e-06,3.1492040761804674e-06,2.726908860495314e-06,0.0003274785412941128,4.1551942558726296e-05,0.001123812166042626,1.5171394807111938e-06
860263879_22,860263879,19600629,D,1,Mexican workers,nat_role,In order to show that domestic labor is not available . it would seem to follow that it was not available under the same conditions as Mexican [MASK] and that would make it inevitable that the Secretary of Labor should issue regulations giving authority to the Department to protect domestic labor in the same way as Mexican labor .,1.7496404325356707e-07,3.5658983961184276e-06,1.479698230610893e-08,1.1932071330988947e-08,6.207569640537258e-07,1.0201191003034182e-08,6.681470381408872e-07,1.0261153704504977e-08
860263879_22,860263879,19600629,D,2,Mexican,nationality,In order to show that domestic labor is not available . it would seem to follow that it was not available under the same conditions as Mexican workers and that would make it inevitable that the Secretary of Labor should issue regulations giving authority to the Department to protect domestic labor in the same way as [MASK] labor .,0.0002567314077168703,4.668849578592926e-05,6.068067705200519e-06,1.9948013232351514e-06,0.000136750444653444,9.890896762954071e-06,7.875554001657292e-05,1.6198071079998044e-06
860263879_22,860263879,19600629,D,3,Mexicans,nationality,We were told that [MASK] are being used only as stoop labor in certain seasons of the year and that it is impossible to find domestic labor to do that work .,0.0564083606004715,0.00023919470550026745,4.7659577830927446e-05,5.814184987684712e-05,0.004521008115261793,0.0007064713281579316,0.0004518794594332576,3.1755287182022585e-06
860263879_22,860263879,19600629,D,4,Mexican,nationality,In many cases [MASK] labor is used for work that is classified as other than stoop labor .,0.0030124664772301912,0.0004197748494334519,1.3077088624413591e-05,0.0004377234145067632,0.0034666501451283693,0.00017152968212030828,0.00043005787301808596,6.330876931315288e-05
870030650_16,870030650,19610329,R,0,Mexicans,nationality,This amendment does not require that precisely the same terms and conditions be offered as are extended to [MASK] .,0.0002834416809491813,0.00011283065396128222,4.486533362069167e-05,8.013116894289851e-05,7.917618495412171e-05,3.5974144338979386e-06,0.0002587447233963758,4.073548916494474e-05
880078788_130,880078788,19630815,R,0,Mexican nationals,nat_role,They bottom their opposition on the premise that the Mexican [MASK] brought in by the Secretary of Labor compete with our own people for the available jobs .,4.202844502287917e-05,1.1835938494186848e-05,6.836473403382115e-06,5.967418019281467e-06,0.00027322888490743935,8.89752118382603e-06,0.004329394549131393,7.834654752514325e-06
880078788_130,880078788,19630815,R,1,Mexican nationals,nat_role,However . before any Mexican [MASK] can be brought into this country . the Secretary of Labor must make the determinations spoken of earlier . which in effect assure that Mexican nationals are not competing with our own people for the available jobs .,8.836600500217173e-07,4.691355934482999e-05,8.650519021102809e-07,2.9085958885843866e-07,7.590539553348208e-06,7.02715442457702e-06,0.00030954531393945217,1.2590312508109491e-06
880078788_130,880078788,19630815,R,2,Mexican nationals,nat_role,However . before any Mexican nationals can be brought into this country . the Secretary of Labor must make the determinations spoken of earlier . which in effect assure that Mexican [MASK] are not competing with our own people for the available jobs .,1.1252863032495952e-06,4.957898454449605e-06,2.995820693740825e-07,7.194792033260455e-07,9.648882041801699e-06,9.719270792629686e-07,0.00040588530828244984,6.573375230800593e-07
880078788_130,880078788,19630815,R,3,Mexican nationals,nat_role,"The Secretary must certify . first . domestic workers . able . willing . and qualified . are not available . second . that the employment of Mexican [MASK] "" will not adversely affect the wages and working conditions of domestic agricultural workers similarly employed "" . and third . that reasonable efforts have been made to attract domestic workers at comparable wages . hours . and working conditions .",9.210455027641729e-05,9.75686180026969e-06,5.870884251635289e-06,1.3854916005584528e-06,0.00011862668179674074,4.311849352234276e-06,0.0022675530053675175,2.9090924726915546e-06
870126974_75,870126974,19610908,Unknown,0,Mexican workers,nat_role,The committee gave very careful consideration to the testimony on this point and particularly to the allegations in the hearing that in some cases domestic workers were being paid less than Mexican [MASK] . while in other cases the Mexican workers were being discriminated against .,1.858309815361281e-06,8.790821084403433e-06,1.3812348242936423e-07,3.8593736206848916e-08,1.9288463590783067e-06,1.848406157023419e-07,0.00016799313016235828,1.3904167417422286e-07
870126974_75,870126974,19610908,Unknown,1,Mexican workers,nat_role,The committee gave very careful consideration to the testimony on this point and particularly to the allegations in the hearing that in some cases domestic workers were being paid less than Mexican workers . while in other cases the Mexican [MASK] were being discriminated against .,5.9143353610124905e-06,2.133262751158327e-05,2.7707574190571904e-07,3.0034192377570434e-07,4.21481399826007e-06,9.96374637907138e-07,0.0002986684557981789,1.0467847459949553e-06
870126974_75,870126974,19610908,Unknown,2,Mexican workers,nat_role,Of course . some domestic workers will always be paid more than some Mexican [MASK] . and some Mexican workers will be paid more than some domestic workers .,4.097820237802807e-06,9.788917850528378e-06,1.8330767659335834e-07,9.654471000430931e-08,4.589131094689947e-06,4.160633579886053e-07,0.00010326271876692772,2.5890142296702834e-07
870126974_75,870126974,19610908,Unknown,3,Mexican workers,nat_role,Of course . some domestic workers will always be paid more than some Mexican workers . and some Mexican [MASK] will be paid more than some domestic workers .,3.434016434766818e-06,8.46335206006188e-06,2.265481811036807e-07,1.3174697244267009e-07,1.0021732123277616e-05,6.274052566368482e-07,0.0002565320464782417,1.6815589276575338e-07
870126974_75,870126974,19610908,Unknown,4,Mexican workers,nat_role,However . to prevent any discrimination between workers in this respect . the committee has recommended an amendment to require employers of Mexican [MASK] recruited under the program to pay both their domestic workers and their Mexican workers not less than the prevailing wage rate for similar work in the area of employment .,6.493401087936945e-06,9.598402357369196e-06,7.336287808357156e-07,1.9097801384759805e-07,1.1245688256167341e-05,1.126894972003356e-06,0.0005496514495462179,4.076143795828102e-07
870126974_75,870126974,19610908,Unknown,5,Mexican workers,nat_role,However . to prevent any discrimination between workers in this respect . the committee has recommended an amendment to require employers of Mexican workers recruited under the program to pay both their domestic workers and their Mexican [MASK] not less than the prevailing wage rate for similar work in the area of employment .,3.358358662808314e-05,3.832280344795436e-05,4.797660949407145e-06,3.921798565897916e-07,8.052237717492972e-06,7.401660241157515e-06,0.00034655194031074643,2.3048824004945345e-06
870126974_75,870126974,19610908,Unknown,6,Mexican workers,nat_role,The committee amendment also adopts another provision recommended in S. 1945 . which would amend the definition of agricultural employment for the purpose of the program to prohibit the furnishing of Mexican [MASK] for some processing activities .,0.00838279165327549,0.021864427253603935,1.3117510206939187e-05,2.22624385060044e-06,0.0008360967040061951,1.0783756806631573e-05,0.0009274894837290049,2.9078300940454938e-06
880078522_11,880078522,19630815,D,0,Mexican workers,nat_role,While the use of Mexican [MASK] has dropped from approximately 291.000 in 1961 : to 195.000 in 1962 . at the same time . employment opportunities of domestic farmworkers have been preserved .,0.00018283940153196454,0.0006650583236478269,2.5937024474842474e-05,1.2546592188300565e-05,0.00019073300063610077,1.6694137229933403e-05,0.006671422626823187,1.5199013887468027e-06
880078522_11,880078522,19630815,D,1,Mexican nationals,nat_role,Although the average seasonal employment of all farmworkers declined about 5 percent from 1961 to 1962 . virtually all of the decline was in the employment of Mexican [MASK] . and domestic worker employment remained ilmost unchanged .,9.695008884591516e-06,4.376763172331266e-06,9.347016316496592e-07,1.2488045513237012e-06,1.3261258573038504e-05,2.868680439860327e-06,0.0021314313635230064,5.205286015552701e-07
880078522_11,880078522,19630815,D,2,Mexican,nationality,That testimony by the Secretary of Labor is particularly worthy of attention because it shows that while . because of the use of more machinery on the farm . the use of hand labor has been declining . that decline has been almost entirely among those who comprise the [MASK] labor group . and not at all among the domestic workers . the number of whom . as the Secretary says . has remained practically unchanged .,0.00011244553024880588,3.596602618927136e-05,2.2801018531026784e-06,3.2336483855033293e-06,0.004081941209733486,1.8179254766437225e-05,0.0004066115652676672,7.654144610569347e-06
870008287_76,870008287,19610202,R,0,migrant,direct,This figure excludes some 150.000 dependents who travel with the [MASK] workers . and a roughly equivalent number who remain in the home base areas .,5.367926860344596e-05,0.00011478504166007042,0.00011276582517893985,3.606929021771066e-05,7.555716001661494e-05,2.114653580065351e-05,0.001221823738887906,1.4584720702259801e-05
870008287_76,870008287,19610202,R,1,Mexican,nationality,Data for the latest 12of seasonal hired agricultural workers month period are as follows : Employment of seasonal farmworkers [ In thousands ] Total Foreign Domestic workers seasonal ( mostly farm labor [MASK] employment workers ),8.336971222888678e-05,5.368468555388972e-05,1.6403671907028183e-05,2.531907011871226e-05,0.00020812013826798648,4.233775143802632e-06,0.01954522356390953,7.223282409540843e-06
880078788_42,880078788,19630815,R,0,Mexican nationals,nat_role,Second . the employment of Mexican [MASK] will not adversely affect the wages and working conditions of domestic agricultural workers similarly employed .,0.00021334119082894176,2.7106523702968843e-05,1.1141575669171289e-05,3.0588685149268713e-06,0.0001529424625914544,8.609727956354618e-06,0.003637106390669942,2.7116918772662757e-06
880078788_42,880078788,19630815,R,1,Mexican nationals,nat_role,He must do It before Mexican [MASK] can be Imported into the United States .,0.0006047077476978302,0.029307501390576363,0.00028500950429588556,9.791072443476878e-06,0.00031265325378626585,1.9055238226428628e-05,0.008268892765045166,1.0999102414643858e-05
880078788_42,880078788,19630815,R,2,Mexican nationals,nat_role,I might also add that Mexican [MASK] are used for hand labor only . they are not allowed to operate machinery .,9.228951967088506e-05,1.2392848475428764e-05,1.6509158058397588e-06,1.1243897688473226e-06,0.0005360388895496726,2.594856368887122e-06,0.004578344523906708,2.2069245630973455e-07
870082293_15,870082293,19610718,D,0,Mexican,nationality,Hearings on the extension of the [MASK] farm labor program have been held by the Subcommittee on Agricultural Research and General Legislation of the Senate Committee on Agriculture . of which the Senator from North Carolina is chairman .,0.00018488890782464296,1.2340688044787385e-05,1.695043101790361e-05,1.0097322956426069e-05,1.7989987100008875e-05,1.2466911357478239e-05,0.0022203221451491117,3.7553579659288516e-06
870082293_15,870082293,19610718,D,1,Mexican,nationality,At the hearings the Secretary of Labor Goldberg stated that the [MASK] farm labor program has had an adverse effect on domestic migratory workers and that the administration is opposed to extension of the program without amendments .,5.304562728269957e-05,6.3782354118302464e-06,8.665620043757372e-06,2.8657826987910084e-05,7.769929652567953e-06,1.340836206509266e-05,0.000596765719819814,2.0479076283663744e-06
870082293_15,870082293,19610718,D,2,Mexican nationals,nat_role,He stated that in some areas Mexican [MASK] are still receiving the 50 cents per hour minimum allowed by the Republic of Mexico .,1.325304401689209e-05,4.98420704388991e-05,1.774968950485345e-06,2.6158836590184364e-06,7.032033317955211e-05,4.560447450785432e-07,0.0026654426474124193,1.2418693984272977e-07
860263879_16,860263879,19600629,D,0,Mexicans,nationality,In areas where [MASK] are employed . there is considerable unemployment among domestic workers and their wages are lower in areas where there is widespread employment of Mexicans .,2.0231533198966645e-05,1.579799754836131e-05,2.7477817639010027e-06,2.679105818970129e-06,6.197786569828168e-05,7.569904482807033e-06,0.0005877789226360619,2.1815585569129325e-06
860263879_16,860263879,19600629,D,1,Mexicans,nationality,In areas where Mexicans are employed . there is considerable unemployment among domestic workers and their wages are lower in areas where there is widespread employment of [MASK] .,0.00014676546561531723,3.882044620695524e-05,2.4209643015637994e-05,1.2660649417739478e-06,0.0001687194308033213,2.9190538043621927e-05,0.0005341359064914286,3.4395047805446666e-06
860263879_16,860263879,19600629,D,2,Mexican,nationality,Only about 2 percent of American farms use [MASK] labor . but it costs the Department of Labor about $ 2.5 million a year to enforce this program .,0.012732693925499916,1.1539190381881781e-05,8.13277620181907e-06,1.6850819520186633e-05,0.0011293032439425588,0.00011205807095393538,0.0009432436781935394,3.7884299217694206e-06
860263879_16,860263879,19600629,D,3,Mexican,nationality,Thus . the farmers using [MASK] labor receive the benefits of cheap labor and that gives them an unfair advantage in their competition with family farms . which employ domestic workers .,0.0010602338006719947,4.6066856157267466e-05,6.475705049524549e-06,2.9186335268605035e-06,0.000899201026186347,3.161434142384678e-05,0.00041207013418897986,2.6364556106273085e-05
880078788_130,880078788,19630815,R,0,Mexican nationals,nat_role,They bottom their opposition on the premise that the Mexican [MASK] brought in by the Secretary of Labor compete with our own people for the available jobs .,4.202844502287917e-05,1.1835938494186848e-05,6.836473403382115e-06,5.967418019281467e-06,0.00027322888490743935,8.89752118382603e-06,0.004329394549131393,7.834654752514325e-06
880078788_130,880078788,19630815,R,1,Mexican nationals,nat_role,However . before any Mexican [MASK] can be brought into this country . the Secretary of Labor must make the determinations spoken of earlier . which in effect assure that Mexican nationals are not competing with our own people for the available jobs .,8.836600500217173e-07,4.691355934482999e-05,8.650519021102809e-07,2.9085958885843866e-07,7.590539553348208e-06,7.02715442457702e-06,0.00030954531393945217,1.2590312508109491e-06
880078788_130,880078788,19630815,R,2,Mexican nationals,nat_role,However . before any Mexican nationals can be brought into this country . the Secretary of Labor must make the determinations spoken of earlier . which in effect assure that Mexican [MASK] are not competing with our own people for the available jobs .,1.1252863032495952e-06,4.957898454449605e-06,2.995820693740825e-07,7.194792033260455e-07,9.648882041801699e-06,9.719270792629686e-07,0.00040588530828244984,6.573375230800593e-07
880078788_130,880078788,19630815,R,3,Mexican nationals,nat_role,"The Secretary must certify . first . domestic workers . able . willing . and qualified . are not available . second . that the employment of Mexican [MASK] "" will not adversely affect the wages and working conditions of domestic agricultural workers similarly employed "" . and third . that reasonable efforts have been made to attract domestic workers at comparable wages . hours . and working conditions .",9.210455027641729e-05,9.75686180026969e-06,5.870884251635289e-06,1.3854916005584528e-06,0.00011862668179674074,4.311849352234276e-06,0.0022675530053675175,2.9090924726915546e-06
860263879_22,860263879,19600629,D,0,Mexicans,nationality,[MASK] are not supposed to be employed except in cases where there is no domestic labor available .,0.0006012220401316881,4.1961498027376365e-06,3.1492040761804674e-06,2.726908860495314e-06,0.0003274785412941128,4.1551942558726296e-05,0.001123812166042626,1.5171394807111938e-06
860263879_22,860263879,19600629,D,1,Mexican workers,nat_role,In order to show that domestic labor is not available . it would seem to follow that it was not available under the same conditions as Mexican [MASK] and that would make it inevitable that the Secretary of Labor should issue regulations giving authority to the Department to protect domestic labor in the same way as Mexican labor .,1.7496404325356707e-07,3.5658983961184276e-06,1.479698230610893e-08,1.1932071330988947e-08,6.207569640537258e-07,1.0201191003034182e-08,6.681470381408872e-07,1.0261153704504977e-08
860263879_22,860263879,19600629,D,2,Mexican,nationality,In order to show that domestic labor is not available . it would seem to follow that it was not available under the same conditions as Mexican workers and that would make it inevitable that the Secretary of Labor should issue regulations giving authority to the Department to protect domestic labor in the same way as [MASK] labor .,0.0002567314077168703,4.668849578592926e-05,6.068067705200519e-06,1.9948013232351514e-06,0.000136750444653444,9.890896762954071e-06,7.875554001657292e-05,1.6198071079998044e-06
860263879_22,860263879,19600629,D,3,Mexicans,nationality,We were told that [MASK] are being used only as stoop labor in certain seasons of the year and that it is impossible to find domestic labor to do that work .,0.0564083606004715,0.00023919470550026745,4.7659577830927446e-05,5.814184987684712e-05,0.004521008115261793,0.0007064713281579316,0.0004518794594332576,3.1755287182022585e-06
860263879_22,860263879,19600629,D,4,Mexican,nationality,In many cases [MASK] labor is used for work that is classified as other than stoop labor .,0.0030124664772301912,0.0004197748494334519,1.3077088624413591e-05,0.0004377234145067632,0.0034666501451283693,0.00017152968212030828,0.00043005787301808596,6.330876931315288e-05
880078746_52,880078746,19630815,R,0,Mexican workers,nat_role,Under the provisions of this program . which I might add has the sanction of the Department of Labor . the use of Mexican [MASK] Is restricted to instances or areas where they will not compete with domestic labor .,0.00010451807611389086,0.00019448742386884987,4.614657882484607e-06,5.649154672937584e-07,0.00038707515341229737,3.134053713438334e-06,0.00031050920370034873,5.731923238272429e-07
880078746_52,880078746,19630815,R,1,Mexican workers,nat_role,"Prior to hiring braceros . the Secretary of Labor is required to certify that first . domestic workers . able . willing and qualified are not available . second . the employment of Mexican [MASK] "" will not adversely affect the wages and working conditions of domestic agricultural workers similarly employed "" . and third . reasonable efforts have been made to attract domestic workers at comparable wages . hour and working conditions .",9.968513040803373e-05,1.3122166819812264e-05,6.536042747029569e-06,1.5875766621320508e-06,0.0001138727820944041,5.096331733511761e-06,0.0016208984889090061,3.1242589102475904e-06
870092118_10,870092118,19610731,D,0,alien,direct,With an inexhaustible supply of [MASK] workers at our very borders we find . conversely . that the terms and conditions of employment offered domestic workers not only remain static but in many cases are less favorable than those offered domestic workers in areas where no alien workers are employed .,5.215302371652797e-05,1.2411650459398516e-05,6.485336598416325e-06,9.512209544482175e-07,0.00011599484423641115,1.9871040422003716e-05,0.00036714464658871293,7.240161266963696e-06
870092118_10,870092118,19610731,D,1,alien,direct,With an inexhaustible supply of alien workers at our very borders we find . conversely . that the terms and conditions of employment offered domestic workers not only remain static but in many cases are less favorable than those offered domestic workers in areas where no [MASK] workers are employed .,7.471031858585775e-05,5.745147973357234e-06,2.1857028968952363e-06,1.7798042790673207e-06,6.850501813460141e-05,7.6165997597854584e-06,0.00023396994220092893,1.383009112032596e-05
870092118_10,870092118,19610731,D,2,alien,direct,We find . further . the incredible situation where [MASK] workers are offered better terms and conditions of employment than are afforded our own agricultural workers competing for the same jobs .,0.00012129933020332828,4.628523129213136e-06,2.989284894283628e-06,1.0758769349195063e-05,8.904265268938616e-05,7.98100791143952e-06,6.912987009854987e-05,5.794093453914684e-07
870092118_10,870092118,19610731,D,3,alien,direct,The simple fact is that under the present system an employer can refuse to offer to domestic workers the same terms and conditions that he is required to offer [MASK] workers .,2.3071206669555977e-05,1.70429684658302e-05,1.9005539115823922e-06,3.846970741960831e-07,2.017530641751364e-05,1.742548761285434e-06,2.309617048013024e-05,3.917124558938667e-06
870092118_10,870092118,19610731,D,4,Mexican workers,nat_role,If the domestic worker refuses to accept the job at less favorable terms . the employer is permitted to bring in Mexican [MASK] who are then afforded the very terms and conditions which were denied to our own workers .,1.8315982742933556e-05,1.8870852727559395e-05,2.0263446458557155e-06,3.0536762096744496e-07,1.049996444635326e-05,2.0825400497415103e-06,0.001131206750869751,1.9904086911992636e-06
870141006_8,870141006,19610922,D,0,Mexican,nationality,If there is . then the Secretary of Labor has been improperly certifying . every year . that we in Florida have a right to bring in wellpaid workers from offshore areas to do the necessary work . and the Secretary of Labor has made the same finding with reference to the areas that use the [MASK] labor .,2.338880585739389e-05,1.7590937204658985e-05,4.127276042709127e-06,3.392355574760586e-05,2.91009037027834e-05,6.548341843881644e-06,5.4610009101452306e-05,2.5085813831537962e-05
860263907_6,860263907,19600629,R,0,Mexican workers,nat_role,"Mexican [MASK] can be used only in areas where the Secretary of Labor certifies that domestic workers . able . willing . and qualified . are not available and that the employment of Mexican workers "" will not adversely affect the wages and working conditions of domestic agricultural workers similarly employed .",9.007756489154417e-06,0.00013963266974315047,6.184336598380469e-06,2.9195374736445956e-05,0.0004532886960078031,4.6613195081590675e-06,0.0005083325086161494,2.3441285520675592e-05
860263907_6,860263907,19600629,R,1,Mexican workers,nat_role,"Mexican workers can be used only in areas where the Secretary of Labor certifies that domestic workers . able . willing . and qualified . are not available and that the employment of Mexican [MASK] "" will not adversely affect the wages and working conditions of domestic agricultural workers similarly employed .",2.9344573704292998e-05,1.948410499608144e-05,5.891092200727144e-07,2.8648003080888884e-07,2.9785287551931106e-05,9.858432576947962e-07,0.0001851249544415623,1.7668022564976127e-06
870127291_44,870127291,19610908,Unknown,0,Mexican national,nat_role,On the other hand disability insurance provided by State law may not be appropriate to the Mexican [MASK] and it is likely that an amendment will be offered to exempt him from State disability insurance provisions applicable to domestic workers .,1.407654690410709e-05,4.443813850230072e-06,1.8026246834779158e-05,6.256515916902572e-06,3.6089208151679486e-05,2.3661017621634528e-05,0.008022763766348362,2.1845242372364737e-05
870127291_44,870127291,19610908,Unknown,1,Mexican worker,nat_role,Terms as to a guaranteed number of workdays and provision for subsistence that fit into the standard work contract for a Mexican [MASK] brought from Mexico to Michigan may not fit into an agreement with the worker who is temporarily laid off from industrial employment and seeks agricultural work only until he can get his job back .,5.199991846893681e-06,2.0293533452786505e-05,2.6105219603778096e-06,1.4889195654177456e-06,1.6327816410921514e-05,3.971519163314952e-06,0.004549156874418259,1.7068103943529422e-06
870127291_44,870127291,19610908,Unknown,2,Mexican worker,nat_role,Likewise provision for transportation for the Mexican [MASK] brought up from Mexico with a number of other male workers does not involve the same problems as transportation provisions for domestic workers who may be from near or far . may be traveling with their families . or others . and may switch to nonagricultural employment at any time .,6.457065410359064e-06,1.655127198318951e-05,2.5764761630853172e-06,7.105442819010932e-06,8.989753041532822e-06,3.4335362215642817e-06,0.0020154358353465796,1.7002737422444625e-06
870127291_44,870127291,19610908,Unknown,3,Mexicans,nationality,The Secretary of Labor must find that the employment of [MASK] will not adversely affect his wages or working conditions .,0.000658662524074316,6.715935887768865e-05,2.823593604261987e-05,1.9307290131109767e-05,0.00015781748516019434,0.00011687901132972911,0.0008926404407247901,0.00023518000671174377
870127887_4,870127887,19610911,D,0,Mexican workers,nat_role,The amendment would give full authority to the Secretary of Labor to fix wages to be paid to Mexican [MASK] at 90 percent of the average for the State or 90 percent of the average for the Nation .,1.1256177003815537e-06,9.611719633539906e-07,6.31661620786872e-08,3.8706879479377676e-08,4.3061759242846165e-06,1.7685613329376793e-07,0.00023450408480130136,6.41856630068105e-08
870127887_4,870127887,19610911,D,1,Mexican laborer,nat_role,I wish to say that we have tightened up the law in the bill . in that no Mexican [MASK] can be employed to run tractors or to run any kind of machines .,7.119720976334065e-05,3.3764229101507226e-06,1.4547437103828997e-06,9.976215551432688e-07,0.0006315428763628006,2.0055156255693873e-06,0.00790385715663433,1.3528485851566074e-06
870127887_4,870127887,19610911,D,2,Mexican laborer,nat_role,If employers were to pay the Mexican [MASK] 90 percent of what the average farmworker is paid in the State where the Mexican laborer is employed . this would mean it would be necessary to take into consideration the amount paid for tractor work and for other work with machines . which the Mexican laborer is prohibited from pursuing .,5.631629392155446e-06,5.585716280620545e-06,3.691827146212745e-07,6.897648745507468e-07,0.00010754719551187009,2.2649667243967997e-06,0.000595415011048317,1.3735078709942172e-06
870127887_4,870127887,19610911,D,3,Mexican laborer,nat_role,If employers were to pay the Mexican laborer 90 percent of what the average farmworker is paid in the State where the Mexican [MASK] is employed . this would mean it would be necessary to take into consideration the amount paid for tractor work and for other work with machines . which the Mexican laborer is prohibited from pursuing .,1.9479057300486602e-05,3.2477137210662477e-06,2.569758805748279e-07,3.6647287515734206e-07,0.00011185590119566768,1.1183884680576739e-06,0.0009065656922757626,2.560539940077433e-07
870127887_4,870127887,19610911,D,4,Mexican laborer,nat_role,If employers were to pay the Mexican laborer 90 percent of what the average farmworker is paid in the State where the Mexican laborer is employed . this would mean it would be necessary to take into consideration the amount paid for tractor work and for other work with machines . which the Mexican [MASK] is prohibited from pursuing .,1.851945967246138e-06,3.91790581488749e-06,4.330045157985296e-07,4.6856561652930395e-07,5.667226650984958e-05,8.279742473860097e-07,0.0020606594625860453,1.0114409860761953e-06
870127887_4,870127887,19610911,D,5,Mexican laborers,nat_role,He can not let the Mexican [MASK] come in unless he finds that local labor will not do the stoop work .,0.00035082147223874927,0.0002980631834361702,3.153882789774798e-05,6.586555537069216e-05,0.0002796792541630566,3.855265094898641e-05,0.0452190525829792,6.135548755992204e-05
870127887_4,870127887,19610911,D,6,Mexican worker,nat_role,On the other hand . no Mexican [MASK] can be brought in under the program unless the Secretary of Labor states that the labor is needed .,1.749561670294497e-05,2.623287400638219e-05,1.216581722474075e-06,3.9635790471947985e-07,2.675197902135551e-05,2.492346766302944e-06,0.00034505833173170686,8.061533662839793e-07
870045541_6,870045541,19610510,D,0,Mexican workers,nat_role,Mexican [MASK] would not be admitted unless the Department of Labor certifies that domestic workers are not available .,4.849323431699304e-06,8.211462954932358e-06,2.4199543986469507e-06,7.107664146133175e-07,1.1729928701242898e-05,2.1587300125247566e-06,0.0005078374524600804,4.634217134480423e-07
870045541_6,870045541,19610510,D,1,Mexican workers,nat_role,However . this argument loses sight of the fact that if it were not for the easy availability of exploitable Mexican [MASK] . domestic workers would become available because the growers would be obliged to pay agricultural workers a living wage .,0.0017333857249468565,0.005813855677843094,0.00020317130838520825,3.549882967490703e-05,0.000723858829587698,1.270027678401675e-05,0.00025332471705041826,5.473760666063754e-06
870045541_6,870045541,19610510,D,2,Mexican,nationality,The importation of [MASK] labor will further deprive American workers of the operation of the economic law of supply and demand .,2.7887856049346738e-05,2.4703836970729753e-05,7.578355052828556e-06,1.8200937574874843e-06,3.5256336559541523e-05,6.2003550738154445e-06,0.00047697810805402696,4.00232329411665e-06
870045541_6,870045541,19610510,D,3,Mexican,nationality,It is beyond dispute that if [MASK] labor were not available .,0.0006575658917427063,0.00019402161706238985,2.2864076527184807e-05,0.00017962572746910155,0.0006002889713272452,1.0530648069106974e-05,0.000877596961800009,4.5463086280506104e-05
870052570_23,870052570,19610523,D,0,Mexican,nationality,Yet there has been extensive testimony from many sources that the [MASK] farm labor program has had an adverse effect on wages and working conditions of domestic workers .,4.101331433048472e-05,2.9167504180804826e-06,2.7356571081327274e-05,3.494783231872134e-05,1.8647953766048886e-05,1.1417901077948045e-05,0.0004988189321011305,1.6389476513722911e-06
870140923_38,870140923,19610922,R,0,Mexicans,nationality,Many New York farmers must compete with farmers in areas in which [MASK] are used . and therefore wage rates and labor costs are much lower .,0.00792156346142292,0.005001222249120474,2.2311822249321267e-05,2.2617741706199013e-05,0.014726144261658192,3.704054688569158e-05,0.00010729820496635512,6.634620149270631e-06
870140923_38,870140923,19610922,R,1,Mexicans,nationality,President . the amendment which I offered when the H.R. 2010 was before us made the point that significant advantages are offered to [MASK] which are not offered to American workers .,4.766275378642604e-05,0.0005804737447760999,3.745772846741602e-05,1.44801215355983e-05,0.00039837890653871,1.1395874253139482e-06,0.0003283630940131843,6.997262971708551e-05
870140923_38,870140923,19610922,R,2,Mexican,nationality,"Department of Labor publication entitled "" Information Concerning Entry of [MASK] Agricultural Workers Into the United States .",1.1319625627947971e-05,1.724060348351486e-05,1.1236790669499896e-05,3.909431598003721e-06,1.5786352378199808e-05,6.047884198778775e-06,0.0001850226108217612,2.8234990168130025e-06
870140923_38,870140923,19610922,R,3,Mexican laborers,nat_role,""" I wish to read some of the provisions which give special privileges and treatment to Mexican [MASK] .",0.00035277343704365194,5.674549811374163e-06,3.4922017221106216e-05,2.609323246360873e-06,9.934470654116012e-06,7.723018825345207e-06,0.019908390939235687,3.3635765248618554e-06
870140923_38,870140923,19610922,R,4,Mexican worker,nat_role,""" appears the following language : The employer agrees to furnish the Mexican [MASK] . upon the Mexican workers arrival at the place of employment and throughout his entire period of employment . without cost to such Mexican worker . hygienic lodgings . adequate to the climatic conditions of the area of employment and not inferior to those of the average type which are generally furnished to domestic agricultural workers in such area .",1.621534647711087e-05,0.0010055468883365393,1.693593617346778e-06,9.670603731137817e-07,5.5631382565479726e-05,2.5087933863687795e-06,0.00039175947313196957,2.9047464522591326e-06
870140923_38,870140923,19610922,R,5,Mexican workers,nat_role,""" appears the following language : The employer agrees to furnish the Mexican worker . upon the Mexican [MASK] arrival at the place of employment and throughout his entire period of employment . without cost to such Mexican worker . hygienic lodgings . adequate to the climatic conditions of the area of employment and not inferior to those of the average type which are generally furnished to domestic agricultural workers in such area .",3.2655411814630497e-06,3.963649942306802e-05,1.096906771635986e-06,9.642117220209911e-07,1.0400065548310522e-05,2.8317197120486526e-06,0.00039120158180594444,8.922847314352111e-07
870140923_38,870140923,19610922,R,6,Mexican worker,nat_role,""" appears the following language : The employer agrees to furnish the Mexican worker . upon the Mexican workers arrival at the place of employment and throughout his entire period of employment . without cost to such Mexican [MASK] . hygienic lodgings . adequate to the climatic conditions of the area of employment and not inferior to those of the average type which are generally furnished to domestic agricultural workers in such area .",7.247468602145091e-06,3.913501132046804e-05,1.5266064110619482e-06,1.3794024198432453e-06,1.7980306438403204e-05,1.4607363709728816e-06,0.00015508981596212834,3.205524990335107e-06
860242247_20,860242247,19600613,D,0,Mexican nationals,nat_role,The great majority of migratory workers are used on less than 5 percent of the farms of the Nation . the percentage using Mexican [MASK] are even fewer .,0.00030388979939743876,0.0004491975996643305,1.43453071359545e-05,4.120159246667754e-06,0.0005001849494874477,1.0110349649039563e-05,0.0010153469629585743,1.6074301356638898e-06
860242247_20,860242247,19600613,D,1,Mexican nationals,nat_role,In 1958 . for example . the Department of Labor had to take action to try to guarantee that Mexican [MASK] working on the piecerate basis would receive at least 50 cents per hour . the minimum set by the Mexican Government for braceros paid on an hourly rate .,4.698511020251317e-06,4.6395261961151846e-06,1.990906497439937e-07,2.493363808753202e-07,6.276553176576272e-05,1.8959132148665958e-06,0.0006115385913290083,1.5931422581161314e-07
860242247_20,860242247,19600613,D,2,Mexican,nationality,In 1958 . for example . the Department of Labor had to take action to try to guarantee that Mexican nationals working on the piecerate basis would receive at least 50 cents per hour . the minimum set by the [MASK] Government for braceros paid on an hourly rate .,9.609003370769642e-08,1.2410588112743426e-07,1.4975054796195764e-07,6.80817549891799e-07,3.0876344681018963e-07,1.1758088191982097e-07,4.36332493336522e-06,5.681494030795875e-08
880078788_42,880078788,19630815,R,0,Mexican nationals,nat_role,Second . the employment of Mexican [MASK] will not adversely affect the wages and working conditions of domestic agricultural workers similarly employed .,0.00021334119082894176,2.7106523702968843e-05,1.1141575669171289e-05,3.0588685149268713e-06,0.0001529424625914544,8.609727956354618e-06,0.003637106390669942,2.7116918772662757e-06
880078788_42,880078788,19630815,R,1,Mexican nationals,nat_role,He must do It before Mexican [MASK] can be Imported into the United States .,0.0006047077476978302,0.029307501390576363,0.00028500950429588556,9.791072443476878e-06,0.00031265325378626585,1.9055238226428628e-05,0.008268892765045166,1.0999102414643858e-05
880078788_42,880078788,19630815,R,2,Mexican nationals,nat_role,I might also add that Mexican [MASK] are used for hand labor only . they are not allowed to operate machinery .,9.228951967088506e-05,1.2392848475428764e-05,1.6509158058397588e-06,1.1243897688473226e-06,0.0005360388895496726,2.594856368887122e-06,0.004578344523906708,2.2069245630973455e-07
820047887_21,820047887,19510501,D,0,Mexican workers,nat_role,If he should find there is not sufficient domestic labor . then and only in that event the certification can be made which would permit the importation of Mexican [MASK] .,0.002240803325548768,0.030171243473887444,8.233600237872452e-05,8.590919605921954e-06,0.0006322383414953947,4.184389399597421e-05,0.0020293244160711765,3.885531441483181e-06
870127277_6,870127277,19610908,R,0,Mexicans,nationality,In answer to a point made in connection with the discussion of the McCarthy amendment . let me say that my amendment would in no way place in the hands of the Secretary of Labor any opportunity to fix wages or conditions for American farmworkers except on farms where [MASK] are employed .,0.00014444117550738156,1.0768741276478977e-06,5.176997319722432e-07,4.5200093268249475e-07,1.4877320609230082e-05,3.149805024804664e-06,0.00010968786955345422,1.0893080570895108e-06
870127277_6,870127277,19610908,R,1,Mexican workers,nat_role,Offering comparable conditions of employment to domestic workers before Mexican [MASK] . who possess these benefits . are hired seems to me a matter of elemental justice .,1.7813050362747163e-05,2.4604953068774194e-05,7.026208913885057e-05,0.00012590643018484116,0.00016968998534139246,7.078483577060979e-06,0.008290287107229233,3.853424277622253e-05
870127277_6,870127277,19610908,R,2,Mexican workers,nat_role,If these benefits are not offered . we have no means of judging the size of the true labor shortage on the basis of which Mexican [MASK] are admitted to the United States .,2.053486696240725e-06,8.7843918663566e-06,4.062779908053926e-07,5.103827902530611e-07,4.035074653074844e-06,8.320535584971367e-07,0.0006891687517054379,1.6313467199324805e-07
870127277_6,870127277,19610908,R,3,Mexican workers,nat_role,"Section 2 of H.R. 2010 as reported out by the Senate committee adds the requirement that Mexican [MASK] shall be made available only after efforts to attract domestic workers have been made by providing "" working conditions "" comparable to those offered to foreign workers .",1.571854045323562e-05,0.0026000135112553835,5.949257229076466e-06,5.871299435966648e-06,0.00013595301425084472,5.640632139147783e-07,0.00020979697001166642,2.7127766770718154e-06
870052570_23,870052570,19610523,D,0,Mexican,nationality,Yet there has been extensive testimony from many sources that the [MASK] farm labor program has had an adverse effect on wages and working conditions of domestic workers .,4.101331433048472e-05,2.9167504180804826e-06,2.7356571081327274e-05,3.494783231872134e-05,1.8647953766048886e-05,1.1417901077948045e-05,0.0004988189321011305,1.6389476513722911e-06
880250487_48,880250487,19640701,R,0,Mexican nationals,nat_role,For exampleif a grower has need for 10 workers and he receives a certification for 10 Mexican [MASK] and he pays for their recruitment and transportation to his place of employment . and then 10 domestic workers become available . the grower is required to release his Mexican nationals and employ the domestic workers . provided they are able . willing . and qualified .,2.266988531118841e-06,1.975358827621676e-05,1.1205170267203357e-06,1.5631428595952457e-07,1.4931242731108796e-05,6.169812536427344e-07,0.0004216608067508787,7.391620897578832e-07
880250487_48,880250487,19640701,R,1,Mexican nationals,nat_role,For exampleif a grower has need for 10 workers and he receives a certification for 10 Mexican nationals and he pays for their recruitment and transportation to his place of employment . and then 10 domestic workers become available . the grower is required to release his Mexican [MASK] and employ the domestic workers . provided they are able . willing . and qualified .,5.17285407113377e-05,0.002179952571168542,1.0441486665513366e-05,3.2812217796163168e-06,5.283297650748864e-05,8.003934453881811e-06,0.000356375880073756,1.7358081095153466e-05
880250487_48,880250487,19640701,R,2,Mexican,nationality,The [MASK] nations can only be contracted for a limited period of time not exceeding 6 months . with the exception that 15 percent may be recontracted for a period not exceeding 3 months .,1.1255715435254388e-05,1.2182206774014048e-05,2.327860420336947e-05,1.3378452422330156e-05,1.8506660126149654e-05,5.984964082017541e-05,0.00010329308861400932,5.4965817980701104e-05
880250487_48,880250487,19640701,R,3,Mexican national,nat_role,Actually the Mexican [MASK] program makes maximum employment available to domestic agricultural workers because they have the opportunity for any job a Mexican national has to the extent of the elimination of the Mexican national .,1.8826172890840098e-05,1.4642647556684096e-06,2.2335440519327676e-07,2.3487841644964647e-06,9.866171239991672e-06,1.7062508277376764e-06,0.0002997424453496933,3.5442656098894076e-07
880250487_48,880250487,19640701,R,4,Mexican national,nat_role,Actually the Mexican national program makes maximum employment available to domestic agricultural workers because they have the opportunity for any job a Mexican [MASK] has to the extent of the elimination of the Mexican national .,5.575187969952822e-06,3.300419280094502e-07,1.5082017057466146e-07,3.980782707913022e-07,9.234179742634296e-06,7.713326226621575e-07,0.000313717988319695,2.426979222036607e-07
880250487_48,880250487,19640701,R,5,Mexican national,nat_role,Actually the Mexican national program makes maximum employment available to domestic agricultural workers because they have the opportunity for any job a Mexican national has to the extent of the elimination of the Mexican [MASK] .,0.00014925288269296288,1.9511506252456456e-05,0.00031726667657494545,6.225636752787977e-05,0.0006593895959667861,0.00017559023399371654,0.06999581307172775,0.0002936702221632004
880078730_21,880078730,19630815,R,0,Mexican,nationality,If . in the implementation of the [MASK] labor program . domestic workers are being adversely affected . then there is something wrong not with the Congress but with the administration of that program by the Department of Labor .,6.341672269627452e-05,6.9334482759586535e-06,1.011843778542243e-05,2.1770585590275005e-05,5.705920193577185e-05,7.41418489269563e-06,0.0008273462299257517,5.140863322594669e-06
880078730_21,880078730,19630815,R,1,Migrant,direct,""" of the [MASK] Labor Agreement of 1951 . as amended . entered into between the Governments of Mexico and the United States of America . already provides . in part : The employer shall pay the Mexican worker not less than the prevailing wage rate paid to domestic workers for similar work at the time the work is performed and in the manner paid within the area of employment . or at the rate specified in the work contract . whichever is higher .",1.4242482393456157e-05,6.087835572543554e-06,3.624240321187244e-07,1.0723474588303361e-06,1.5082779100339394e-05,1.0441784752401873e-06,7.249583723023534e-05,6.737249691468605e-07
880078730_21,880078730,19630815,R,2,Mexican worker,nat_role,""" of the Migrant Labor Agreement of 1951 . as amended . entered into between the Governments of Mexico and the United States of America . already provides . in part : The employer shall pay the Mexican [MASK] not less than the prevailing wage rate paid to domestic workers for similar work at the time the work is performed and in the manner paid within the area of employment . or at the rate specified in the work contract . whichever is higher .",2.2444853584602242e-06,8.226601494243369e-06,3.8699334936609375e-07,6.29347994163254e-07,2.4997712898766622e-05,2.4324758669536095e-06,0.00040977192111313343,7.005447514529806e-06
870030650_10,870030650,19610329,R,0,migrant,direct,The plight of [MASK] farm workers is of serious concern to a great many Americans .,0.0001212102870340459,3.3566361707926262e-06,1.639409310882911e-05,8.988658009911887e-06,1.3066215615253896e-05,2.0289783151383745e-06,4.836170774069615e-05,3.2212551559496205e-06
870030650_10,870030650,19610329,R,1,migrant,direct,I offer my amendment as a logical and constructive first step in creating better working and living conditions for [MASK] farmworkers .,3.156232196488418e-05,3.7897159472777275e-06,4.735959919344168e-06,1.111286474042572e-05,1.3661530829267576e-05,1.0813860171765555e-06,2.18908789975103e-05,6.0096176639490295e-06
870030650_10,870030650,19610329,R,2,Mexican farmworkers,nat_role,Under the international agreement negotiated with the Republic of Mexico . however . growers must provide . at their own cost . workmens compensation or occupational insurance coverage for the Mexican [MASK] . as well as free transportation . free housing . written contracts and work guarantees .,8.55006801430136e-05,3.3687891118461266e-05,6.954367563594133e-06,5.8087589422939345e-06,2.45901301241247e-05,4.703105332737323e-06,0.005893023684620857,4.247947799740359e-06
900025078_10,900025078,19670309,D,0,Canadian,nationality,I had also requested from the Department of Labor figures covering the number of foreign laborers admitted so far this year as supplemental . foreign . harvest laborers and they have furnished me the following information . namely . that 8.762 canecutters have been certified this year to Florida sugarcane growers from offshore labor . and that 2.558 [MASK] woodcutters have been certified to New England States and New York .,1.4156066754367203e-05,0.00039166180067695677,2.8832630050601438e-05,1.4978330000303686e-05,9.579089237377048e-05,1.7237685824511573e-05,0.00013524593668989837,1.695876198937185e-05
870045541_6,870045541,19610510,D,0,Mexican workers,nat_role,Mexican [MASK] would not be admitted unless the Department of Labor certifies that domestic workers are not available .,4.849322522204602e-06,8.211462045437656e-06,2.4199541712732753e-06,7.107662440830609e-07,1.1729925972758792e-05,2.158729785151081e-06,0.0005078373360447586,4.634216566046234e-07
870045541_6,870045541,19610510,D,1,Mexican workers,nat_role,However . this argument loses sight of the fact that if it were not for the easy availability of exploitable Mexican [MASK] . domestic workers would become available because the growers would be obliged to pay agricultural workers a living wage .,0.0017333859577775002,0.005813856143504381,0.0002031713374890387,3.5498833312885836e-05,0.0007238589460030198,1.2700278603006154e-05,0.0002533247461542487,5.473761120811105e-06
870045541_6,870045541,19610510,D,2,Mexican,nationality,The importation of [MASK] labor will further deprive American workers of the operation of the economic law of supply and demand .,2.7887854230357334e-05,2.470383515174035e-05,7.578354598081205e-06,1.8200937574874843e-06,3.5256336559541523e-05,6.200354619068094e-06,0.0004769780789501965,4.002322839369299e-06
870045541_6,870045541,19610510,D,3,Mexican,nationality,It is beyond dispute that if [MASK] labor were not available .,0.0006575659499503672,0.00019402163161430508,2.286407834617421e-05,0.00017962574202101678,0.0006002890295349061,1.0530648978601675e-05,0.0008775970200076699,4.5463086280506104e-05
870127106_21,870127106,19610908,D,0,Mexican nationals,nat_role,The amendment simply provides that an employer must offer and pay Mexican [MASK] who are imported into the United States wages at least equal to 90 percent of the State or National average rate for hourly farmwork . whichever is the lesser .,1.6856411093613133e-05,2.7668767870636657e-05,1.144460270552372e-06,1.6647918243961612e-07,3.2161112812900683e-06,1.6069207049440593e-06,0.0009221580112352967,8.421124420010528e-08
870127106_21,870127106,19610908,D,1,Mexican nationals,nat_role,The table which I will include in the RECORD is clear evidence that if my amendment were now in force . the effect of the amendment would be moderate . and that it would not impose any undue hardship upon persons who employ Mexican [MASK] .,0.00020455224148463458,0.0008614815305918455,0.00024768809089437127,4.946705303154886e-06,0.0023159529082477093,4.205499408271862e-06,0.010078161023557186,9.272458555642515e-06
870127106_21,870127106,19610908,D,2,Mexican nationals,nat_role,In the State of Arizona . for example . where in 1960 some 14.000 Mexican [MASK] were employed at the peak of their employment . and overall some 19.000 were employed . the lowest wage rate which was paid to U.S. workers for work in which the Mexican nationals were also employed was 70r cents an hour .,3.433703170685476e-07,7.536191333201714e-07,6.057944546000726e-08,1.9505158377342013e-07,1.401964368596964e-06,6.897877256051288e-07,0.00022478075698018074,9.123947108946595e-08
870127106_21,870127106,19610908,D,3,Mexican nationals,nat_role,In the State of Arizona . for example . where in 1960 some 14.000 Mexican nationals were employed at the peak of their employment . and overall some 19.000 were employed . the lowest wage rate which was paid to U.S. workers for work in which the Mexican [MASK] were also employed was 70r cents an hour .,1.2797863746527582e-06,1.2743175830109976e-06,1.0261461369509561e-07,7.638253691766295e-07,1.570282847751514e-06,1.4721666730110883e-06,0.00018329884915146977,4.2483907236601226e-07
870092118_10,870092118,19610731,D,0,alien,direct,With an inexhaustible supply of [MASK] workers at our very borders we find . conversely . that the terms and conditions of employment offered domestic workers not only remain static but in many cases are less favorable than those offered domestic workers in areas where no alien workers are employed .,5.215302371652797e-05,1.2411650459398516e-05,6.485336598416325e-06,9.512209544482175e-07,0.00011599484423641115,1.9871040422003716e-05,0.00036714464658871293,7.240161266963696e-06
870092118_10,870092118,19610731,D,1,alien,direct,With an inexhaustible supply of alien workers at our very borders we find . conversely . that the terms and conditions of employment offered domestic workers not only remain static but in many cases are less favorable than those offered domestic workers in areas where no [MASK] workers are employed .,7.471031130990013e-05,5.745147973357234e-06,2.185702669521561e-06,1.779804165380483e-06,6.850501813460141e-05,7.6165993050381076e-06,0.0002339699276490137,1.3830090210831258e-05
870092118_10,870092118,19610731,D,2,alien,direct,We find . further . the incredible situation where [MASK] workers are offered better terms and conditions of employment than are afforded our own agricultural workers competing for the same jobs .,0.00012129933020332828,4.628523129213136e-06,2.989284894283628e-06,1.0758769349195063e-05,8.904265268938616e-05,7.98100791143952e-06,6.912987009854987e-05,5.794093453914684e-07
870092118_10,870092118,19610731,D,3,alien,direct,The simple fact is that under the present system an employer can refuse to offer to domestic workers the same terms and conditions that he is required to offer [MASK] workers .,2.3071206669555977e-05,1.70429684658302e-05,1.9005539115823922e-06,3.846970741960831e-07,2.017530641751364e-05,1.742548761285434e-06,2.309617048013024e-05,3.917124558938667e-06
870092118_10,870092118,19610731,D,4,Mexican workers,nat_role,If the domestic worker refuses to accept the job at less favorable terms . the employer is permitted to bring in Mexican [MASK] who are then afforded the very terms and conditions which were denied to our own workers .,1.8315982742933556e-05,1.8870852727559395e-05,2.0263446458557155e-06,3.0536762096744496e-07,1.049996444635326e-05,2.0825400497415103e-06,0.001131206750869751,1.9904086911992636e-06
860242249_20,860242249,19600613,Unknown,0,Mexican,nationality,""" ( 3 ) to establish specific criteria for judging whether the employment of [MASK] agricultural workers in the United States is adversely affecting or will adversely affect the wages . working conditions . or employment opportunities of domestic workers similarly employed .",2.699857941479422e-05,2.078817033179803e-06,1.5706666545156622e-06,1.0059250143967802e-06,1.1283722415100783e-05,1.974277438421268e-06,2.316898462595418e-05,3.681424914248055e-06
860242249_20,860242249,19600613,Unknown,1,Mexicans,nationality,Such criteria shall include but shall not be limited to ( a ) failure of wages and earnings in activities and areas using [MASK] to advance with wage increases generally .,1.6733869415475056e-05,0.0002871711039915681,3.935427594115026e-05,8.0572281149216e-05,0.0012387686874717474,1.6260206393781118e-05,0.0017925873398780823,0.0007960502989590168
860242249_20,860242249,19600613,Unknown,2,Mexican,nationality,( b ) the relationship between [MASK] employment trends and wage trends in areas using Mexican workers : ( c ) differences in wage and earning levels of workers on farms using Mexican labor compared with nonusers .,0.00010141087113879621,2.535665589675773e-05,5.109735138830729e-05,7.674174412386492e-06,1.7850596123025753e-05,2.2175196136231534e-05,5.1932169299107045e-05,1.6258829418802634e-05
860242249_20,860242249,19600613,Unknown,3,Mexican workers,nat_role,( b ) the relationship between Mexican employment trends and wage trends in areas using Mexican [MASK] : ( c ) differences in wage and earning levels of workers on farms using Mexican labor compared with nonusers .,6.615550773858558e-07,8.203575816878583e-06,4.15229202133105e-08,8.203856793898012e-08,1.7505139112472534e-05,8.887897706699732e-08,5.125458301336039e-06,2.7942395064428638e-08
860242249_20,860242249,19600613,Unknown,4,Mexican,nationality,( b ) the relationship between Mexican employment trends and wage trends in areas using Mexican workers : ( c ) differences in wage and earning levels of workers on farms using [MASK] labor compared with nonusers .,2.4637995466036955e-07,3.315376204682252e-07,3.227872369393481e-08,3.783656765676824e-08,1.2300208709348226e-06,7.574221427830707e-08,1.0624765991451568e-06,3.8649275779789605e-08
870114925_5,870114925,19610825,D,0,Mexican nationals,nat_role,No Mexican [MASK] were to be brought into this country for agricultural work unless the Secretary of Labor determined that there a shortage of domestic workers existed and that the employment of Mexican nationals would not adversely affect the wages and working conditions of domestic workers .,1.8732562239165418e-06,6.2230292314779945e-06,4.9969838045171855e-08,2.018674294390621e-08,1.1706272289302433e-06,1.4081665256071574e-07,0.00012427354522515088,8.030202280906451e-08
870114925_5,870114925,19610825,D,1,Mexican nationals,nat_role,No Mexican nationals were to be brought into this country for agricultural work unless the Secretary of Labor determined that there a shortage of domestic workers existed and that the employment of Mexican [MASK] would not adversely affect the wages and working conditions of domestic workers .,3.829152774414979e-06,5.176635113457451e-06,2.0223936303409573e-07,1.6332806751506723e-07,4.851684934692457e-06,8.489433298564109e-07,0.0006207121186889708,2.71895430614677e-07
870114925_5,870114925,19610825,D,2,Mexican nationals,nat_role,During the 10 years the program has been in effect the average number of workers employed on farms has decreased from 9.5 million to 7.1 million . but during the same period the number of Mexican [MASK] brought into the United States increased from less than 200.000 annually in 1951 and 1952 to over 430.000 annually for the years 1956 through 1959 .,8.64969115355052e-05,6.312490586424246e-05,4.8421115934615955e-06,5.779627372248797e-07,1.106411491491599e-05,9.901344128593337e-06,0.001058796769939363,2.348798062712376e-07
870092118_4,870092118,19610731,D,0,alien,direct,I quote : The availability of a large supply of [MASK] workers has created an anomalous situation in our agricultural labor market seriously interferring with the free interplay of supply and demand .,0.00028152958839200437,6.314981146715581e-05,1.3745440810453147e-05,3.771058800339233e-06,0.0006560470210388303,9.970814062398858e-06,0.00016875458823051304,1.6854323803272564e-06
870092118_4,870092118,19610731,D,1,alien,direct,The certification which permits the admission of any [MASK] workers into the United States for temporary employment must essentially be conditioned upon a shortage of available domestic labor .,9.947371836460661e-06,1.5665573300793767e-05,2.9451878162944922e-06,9.172330805995443e-07,2.0767223759321496e-05,2.1580970042123226e-06,0.00013388415391091257,3.014831690961728e-06
870114926_0,870114926,19610825,D,0,Mexican,nationality,Under the international agreement between our Nation and Mexico . the [MASK] Government has set 50 cents per hour as the minimum at which it will permit its nationals to come to this country for agricultural work .,5.0635513559882384e-08,3.381780899758269e-08,3.120271685475018e-08,3.004544169016299e-08,2.4958113797879378e-08,1.0859105614713371e-08,2.638001319610339e-07,9.573652093308738e-09
870114926_0,870114926,19610825,D,1,Mexican,nationality,In effect . this minimum which the [MASK] Government insists upon has become a kind of wage ceiling for thousands of domestic workers . and in many areas the wages for domestic workers have not gone above 50 cents an hour for 10 years .,2.9207722036517225e-06,2.3645748115086462e-06,4.655313205148559e-06,8.318159416376147e-06,5.5742793847457506e-06,1.9871199583576526e-06,2.5207900762325153e-05,1.2997431895200862e-06
870114926_0,870114926,19610825,D,2,Mexican nationals,nat_role,The purpose of my amendment is to establish a moderate and reasonable guide as to whether a shortage of domestic labor exists and as to whether importing Mexican [MASK] would have an adverse effect on wages and working conditions of domestic migratory workers .,0.00016035241424106061,0.0303561519831419,3.2633663067827e-05,1.503470457464573e-06,0.00026135361986234784,7.762829227431212e-06,0.0011501742992550135,1.6050082649599062e-06
870114926_0,870114926,19610825,D,3,Mexican nationals,nat_role,President . the amendment provides that no Mexican [MASK] would be made available to an employer unless he offers and pays such workers wages at least the equivalent to 90 percent of the average farm wage in the State . or 90 percent of the national farm wage average . whichever is the lesser .,4.410602559801191e-05,0.00035521690733730793,1.9155177142238244e-06,9.280970516556408e-07,0.00015173002611845732,1.1909547765753814e-06,0.0006495793350040913,1.6100243556138594e-06
880110495_26,880110495,19631031,R,0,Mexican,nationality,No [MASK] labor can be used unless the Secretary of Labor certifies that domestic workers are not available . that employment of Mexican workers will not adversely affect wages and working conditions of domestic agricultural workers . and that efforts have been made to attract domestic workers at comparable wages .,8.779183553997427e-05,1.1406934390834067e-05,1.9509770936565474e-06,1.455225515201164e-06,4.110244117327966e-05,5.419738954515196e-06,0.00025430996902287006,3.106314807155286e-06
880110495_26,880110495,19631031,R,1,Mexican workers,nat_role,No Mexican labor can be used unless the Secretary of Labor certifies that domestic workers are not available . that employment of Mexican [MASK] will not adversely affect wages and working conditions of domestic agricultural workers . and that efforts have been made to attract domestic workers at comparable wages .,1.0761998964881059e-05,7.906740393082146e-06,2.644811445406958e-07,4.771584372065263e-08,1.2559753486129921e-05,1.4440142592775373e-07,7.11903121555224e-05,1.0127141081284208e-07
860263907_6,860263907,19600629,R,0,Mexican workers,nat_role,"Mexican [MASK] can be used only in areas where the Secretary of Labor certifies that domestic workers . able . willing . and qualified . are not available and that the employment of Mexican workers "" will not adversely affect the wages and working conditions of domestic agricultural workers similarly employed .",9.007756489154417e-06,0.00013963266974315047,6.184336598380469e-06,2.9195374736445956e-05,0.0004532886960078031,4.6613195081590675e-06,0.0005083325086161494,2.3441285520675592e-05
860263907_6,860263907,19600629,R,1,Mexican workers,nat_role,"Mexican workers can be used only in areas where the Secretary of Labor certifies that domestic workers . able . willing . and qualified . are not available and that the employment of Mexican [MASK] "" will not adversely affect the wages and working conditions of domestic agricultural workers similarly employed .",2.9344573704292998e-05,1.948410499608144e-05,5.891092200727144e-07,2.8648003080888884e-07,2.9785287551931106e-05,9.858432576947962e-07,0.0001851249544415623,1.7668022564976127e-06
870127182_7,870127182,19610908,R,0,Mexican,nationality,The measure was not intended to create a permanent pool of inexpensive [MASK] labor to the detriment of American workers . but was rather a temporary measure to fill the gap caused by the increased draft .,2.03977706405567e-05,3.258693323004991e-05,8.966268069343641e-06,1.2955480997334234e-05,0.0002661585167516023,6.5390045165258925e-06,0.011075981892645359,3.7923769014014397e-06
870127182_7,870127182,19610908,R,1,Mexican,nationality,The Korean conflict is long since over . the domestic farm labor force has regained its former proportions . the farm labor shortage is all but nonexistent . the Nation is in a period of unusually high unemployment . yet [MASK] labor is still widely used at wage levels which are economically impossible for most American workers .,0.000400200835429132,9.570040674589109e-06,2.3577379124617437e-06,3.5347050015843706e-06,0.0012367292074486613,1.8207391576652299e-06,0.0004930346622131765,9.720125717649353e-07
870127182_7,870127182,19610908,R,2,Mexican,nationality,Because of the low level of the [MASK] economy in relation to that of the United States .,6.475877398770535e-06,2.1348914742702618e-05,7.901249773567542e-06,1.4936016668798402e-05,1.1353678928571753e-05,7.466902388841845e-06,2.799706271616742e-05,9.367146049044095e-06
870127182_7,870127182,19610908,R,3,Mexican,nationality,[MASK] farm labor accepts wages which are substandard for American workers .,1.7604566892259754e-05,8.591154255555011e-06,1.346743033536768e-06,3.92848369301646e-06,2.0017339920741506e-05,1.2476934898586478e-06,3.1995947210816666e-05,9.563107141730143e-07
870127182_7,870127182,19610908,R,4,Mexican,nationality,In fairness to both [MASK] and American farm labor . the law must be changed .,3.5603410651674494e-05,1.759724909788929e-05,1.4568139704351779e-05,6.0982833929301705e-06,1.897578658827115e-05,5.324239282344934e-06,0.00013305843458510935,1.5318114492401946e-06
860242248_12,860242248,19600613,D,0,Mexican nationals,nat_role,It provides that the use of Mexican [MASK] shall be confined to seasonal employment or employment requiring no specialized skills .,3.178818224114366e-05,0.0006984645151533186,1.5839354091440327e-05,1.0019208275480196e-05,0.00011470163008198142,6.468243554991204e-06,0.002637105993926525,5.134709226695122e-06
860242248_12,860242248,19600613,D,1,Mexican nationals,nat_role,It permits the Secretary of Labor to establish specific criteria for judging whether the employment of Mexican [MASK] in the United States is adversely affecting the wages . employment opportunities . or working conditions of domestic workers similarly employed .,1.2953804571225191e-06,1.6027252058847807e-06,1.422483677515629e-07,1.8795797984694218e-07,2.300787400599802e-06,5.883124458705424e-07,0.00025981967337429523,1.8065750850837503e-07
860242248_12,860242248,19600613,D,2,Mexican workers,nat_role,It provides that no workers recruited under this program shall be made available to an employer unless the U.S. agricultural workers employed by such employer are paid at wage rates not less favorable than those required to be offered to Mexican [MASK] .,1.4366261893883348e-05,9.571919690642972e-06,1.976213525267667e-06,7.305634426302277e-07,1.427729512215592e-05,5.443526447379554e-07,0.0016930733108893037,6.432816803680907e-07
870140353_16,870140353,19610921,D,0,Mexican national,nat_role,American employers or growers who use Mexican [MASK] workers must pay at least 50 cents an hour to the Mexican nationals who are brought into this country under that law .,2.3509046513936482e-06,1.8329576050746255e-05,3.5519137782102916e-06,2.088730070681777e-06,7.758462015772238e-05,8.791494110482745e-07,0.0003760844701901078,1.019660203382955e-06
870140353_16,870140353,19610921,D,1,Mexican nationals,nat_role,American employers or growers who use Mexican national workers must pay at least 50 cents an hour to the Mexican [MASK] who are brought into this country under that law .,4.961585545970593e-06,4.6626973926322535e-06,8.057020295382245e-07,4.648680373975367e-07,7.378580903605325e-06,9.028687486534182e-07,0.0008486795704811811,3.0450263466264005e-07
870140353_16,870140353,19610921,D,2,migrant,direct,However . the employers are not required to pay 50 cents an hour to American [MASK] or nonmigrant workers who are employed in the same kind of work .,2.6944064757117303e-06,3.668087811092846e-05,1.856897142715752e-05,4.4971011448069476e-06,4.8115482059074566e-05,1.1620584700722247e-05,0.002383686602115631,5.37744472239865e-06
870140353_16,870140353,19610921,D,3,Mexican nationals,nat_role,We had testimony to the effect that in certain areas of the country Mexican [MASK] employed in this type of work were paid 50 cents an hour minimum under the agreement with Mexico but Americans employed in the same type of work were earning only 30 cents an hour .,5.18435683716234e-07,1.1826840591311338e-06,6.174992961405223e-08,3.431265582776177e-08,2.830648327289964e-06,2.931600988631544e-07,0.00019702121790032834,4.7214982146215334e-08
870140353_16,870140353,19610921,D,4,Mexicans,nationality,The committee evidently felt that Americans should be paid as much as was being paid to [MASK] .,0.00032265816116705537,0.00015472157974727452,3.776563244173303e-05,1.5921819795039482e-05,0.00010218931856798008,1.4662488865724299e-05,0.00280380854383111,3.75473900930956e-05
870140353_16,870140353,19610921,D,5,Mexican nationals,nat_role,My amendment proposed that Mexican [MASK] employed in this country be paid at least 90 percent of the average farm wage in the State or in the Nation whichever was lower .,6.468475476140156e-05,4.752030690724496e-06,8.622968152849353e-07,2.619981955831463e-07,3.4040895116049796e-05,1.4229873386284453e-06,0.004585237707942724,1.7418844322492077e-07
860293226_0,860293226,19600830,R,0,Mexican worker,nat_role,"President . section 503 of Public Law 78 states that no Mexican [MASK] recruited under this title shall be available for employment in any area unless the Secretary of Labor has determined and certified that first . sufficient domestic workers are not available . second . the employment of Mexican workers will not adversely affect the wages and conditions of domestic workers and thirdand I quote-""reasonable efforts have been made to attract domestic workers for such employment at wages and standard hours of work comparable to those offered to foreign workers .",1.7847351045929827e-06,2.8994281819905154e-06,1.7408447661182436e-07,4.923763299302664e-07,3.608637825891492e-06,1.4244607200453174e-06,0.0005773329176008701,5.016636350774206e-07
860293226_0,860293226,19600830,R,1,Mexican workers,nat_role,"President . section 503 of Public Law 78 states that no Mexican worker recruited under this title shall be available for employment in any area unless the Secretary of Labor has determined and certified that first . sufficient domestic workers are not available . second . the employment of Mexican [MASK] will not adversely affect the wages and conditions of domestic workers and thirdand I quote-""reasonable efforts have been made to attract domestic workers for such employment at wages and standard hours of work comparable to those offered to foreign workers .",7.4337085607112385e-06,8.207453902286943e-06,9.652881090005394e-07,4.639734640932147e-07,1.6340047295670956e-05,2.8424533411453012e-06,0.0007589684682898223,2.502247980373795e-06
870247310_18,870247310,19620802,D,0,Mexican,nationality,I can not agree that proper administration of the [MASK] Farm Labor Act . under longestablished regulations . will permit any such thing since any domestic worker must be offered employment before a Mexican worker can be put to work .,5.1440842071315274e-05,2.7826927180285566e-05,1.8303813703823835e-05,7.210462626972003e-06,7.571896276203915e-05,6.380799732141895e-06,0.000540423730853945,1.4544878013111884e-06
870247310_18,870247310,19620802,D,1,Mexican worker,nat_role,I can not agree that proper administration of the Mexican Farm Labor Act . under longestablished regulations . will permit any such thing since any domestic worker must be offered employment before a Mexican [MASK] can be put to work .,0.0005067124729976058,2.8861919417977333e-05,1.3045803825662006e-05,3.428022182561108e-06,0.0004053030570503324,2.046696681645699e-05,0.01298175472766161,6.311595825536642e-06
870247310_18,870247310,19620802,D,2,Mexicans,nationality,"It is too arduousliterally backbreakingfor "" stoop "" labor is labor that most Americans will not do . but [MASK] will because the wages paid here are so far greater than they can get in their own country .",4.61993295175489e-06,2.6031184461317025e-06,7.27134136013774e-07,1.5713260381744476e-06,2.3460970624000765e-06,4.1104343040387903e-07,2.0570840206346475e-05,8.591038636041048e-07
870247310_18,870247310,19620802,D,3,Mexican,nationality,It is said that the [MASK] farm labor program is for the purpose of supplementing the domestic labor force .,0.00015677580086048692,1.3625847714138217e-05,2.479426984791644e-05,8.074525976553559e-05,7.744810136500746e-05,2.42199566855561e-05,0.001330360071733594,1.0383755579823628e-05
890013856_b000,890013856,19650218,R,0,Indian,nationality,This will occur despite the commissions effective and widespread communications system which conveys labor needs emanating from anywhere in the State on a moments notice . even throughout the [MASK] reservations .,0.0005970157217234373,1.7386262697982602e-05,1.5384412108687684e-05,6.063307955628261e-05,8.864173287292942e-05,2.898832826758735e-05,0.0002593225799500942,3.080248279729858e-05
870114926_0,870114926,19610825,D,0,Mexican,nationality,Under the international agreement between our Nation and Mexico . the [MASK] Government has set 50 cents per hour as the minimum at which it will permit its nationals to come to this country for agricultural work .,5.0635513559882384e-08,3.381780899758269e-08,3.120271685475018e-08,3.004544169016299e-08,2.4958113797879378e-08,1.0859105614713371e-08,2.638001319610339e-07,9.573652093308738e-09
870114926_0,870114926,19610825,D,1,Mexican,nationality,In effect . this minimum which the [MASK] Government insists upon has become a kind of wage ceiling for thousands of domestic workers . and in many areas the wages for domestic workers have not gone above 50 cents an hour for 10 years .,2.9207722036517225e-06,2.3645748115086462e-06,4.655313205148559e-06,8.318159416376147e-06,5.5742793847457506e-06,1.9871199583576526e-06,2.5207900762325153e-05,1.2997431895200862e-06
870114926_0,870114926,19610825,D,2,Mexican nationals,nat_role,The purpose of my amendment is to establish a moderate and reasonable guide as to whether a shortage of domestic labor exists and as to whether importing Mexican [MASK] would have an adverse effect on wages and working conditions of domestic migratory workers .,0.00016035241424106061,0.0303561519831419,3.2633663067827e-05,1.503470457464573e-06,0.00026135361986234784,7.762829227431212e-06,0.0011501742992550135,1.6050082649599062e-06
870114926_0,870114926,19610825,D,3,Mexican nationals,nat_role,President . the amendment provides that no Mexican [MASK] would be made available to an employer unless he offers and pays such workers wages at least the equivalent to 90 percent of the average farm wage in the State . or 90 percent of the national farm wage average . whichever is the lesser .,4.410602559801191e-05,0.00035521690733730793,1.9155177142238244e-06,9.280970516556408e-07,0.00015173002611845732,1.1909547765753814e-06,0.0006495793350040913,1.6100243556138594e-06
880054523_1,880054523,19630612,D,0,Mexican,nationality,With the defeat of the proposed extension of Public Law 78 . which had allowed for the importation of [MASK] agricultural workers . steps must be taken to prevent the development of labor shortages during the periods of peak seasonal employment .,2.5960222046705894e-05,5.399966175900772e-05,1.4858929716865532e-05,6.262482656893553e-06,1.3346039850148372e-05,4.7078970055736136e-06,9.437544940738007e-05,1.3389915693551302e-05
870127277_6,870127277,19610908,R,0,Mexicans,nationality,In answer to a point made in connection with the discussion of the McCarthy amendment . let me say that my amendment would in no way place in the hands of the Secretary of Labor any opportunity to fix wages or conditions for American farmworkers except on farms where [MASK] are employed .,0.00014444117550738156,1.0768741276478977e-06,5.176997319722432e-07,4.5200093268249475e-07,1.4877320609230082e-05,3.149805024804664e-06,0.00010968786955345422,1.0893080570895108e-06
870127277_6,870127277,19610908,R,1,Mexican workers,nat_role,Offering comparable conditions of employment to domestic workers before Mexican [MASK] . who possess these benefits . are hired seems to me a matter of elemental justice .,1.7813050362747163e-05,2.4604953068774194e-05,7.026208913885057e-05,0.00012590643018484116,0.00016968998534139246,7.078483577060979e-06,0.008290287107229233,3.853424277622253e-05
870127277_6,870127277,19610908,R,2,Mexican workers,nat_role,If these benefits are not offered . we have no means of judging the size of the true labor shortage on the basis of which Mexican [MASK] are admitted to the United States .,2.053486696240725e-06,8.7843918663566e-06,4.062779908053926e-07,5.103827902530611e-07,4.035074653074844e-06,8.320535584971367e-07,0.0006891687517054379,1.6313467199324805e-07
870127277_6,870127277,19610908,R,3,Mexican workers,nat_role,"Section 2 of H.R. 2010 as reported out by the Senate committee adds the requirement that Mexican [MASK] shall be made available only after efforts to attract domestic workers have been made by providing "" working conditions "" comparable to those offered to foreign workers .",1.571854045323562e-05,0.0026000135112553835,5.949257229076466e-06,5.871299435966648e-06,0.00013595301425084472,5.640632139147783e-07,0.00020979697001166642,2.7127766770718154e-06
870127885_46,870127885,19610911,R,0,Mexican workers,nat_role,The committee has specified that Mexican [MASK] will not be available in any area unless reasonable efforts have been made to attract domestic workers at wages . standard hours of work . and working conditions comparable to those offered to Mexican workers .,2.9799507501593325e-06,0.00031944451620802283,7.033493716335215e-07,1.7264392226934433e-06,7.68932222854346e-05,5.880505682398507e-07,0.0004290246870368719,2.3702168618910946e-06
870127885_46,870127885,19610911,R,1,Mexican workers,nat_role,The committee has specified that Mexican workers will not be available in any area unless reasonable efforts have been made to attract domestic workers at wages . standard hours of work . and working conditions comparable to those offered to Mexican [MASK] .,3.80269079869322e-06,9.999512258218601e-06,7.336295198001608e-07,3.686990339701879e-07,7.500605988752795e-06,8.78530499903718e-07,0.0003494066186249256,6.03993669301417e-07
870127885_46,870127885,19610911,R,2,Mexican workers,nat_role,Mexican [MASK] . under the bill now before the Senate . will not be available for employment in other than temporary or seasonal occupations or to operate or maintain powerdriven machinery . unless a determination is made by the Secretary of Labor that to do otherwise would invoke an undue hardship .,1.2240959222253878e-05,8.811744919512421e-05,1.01787500170758e-05,1.0318902241124306e-05,0.00011716238805092871,2.3817954570404254e-05,0.0038698287680745125,1.7220023437403142e-05
900046672_8,900046672,19670426,D,0,Mexican,nationality,Over the years . many of us in Congress worked to amend the [MASK] farm labor law .,6.560223482665606e-06,1.1509775504237041e-05,5.2460477490967605e-06,1.2713917385553941e-05,1.0650303011061624e-05,7.09999903847347e-06,0.0006125239888206124,4.897407279713661e-07
900046672_8,900046672,19670426,D,1,Mexican workers,nat_role,By 1963 . mechanization was reducing the number of Mexican [MASK] brought in for harvesting cotton and other crops .,0.0029264844488352537,1.8226566680823453e-05,7.190971246018307e-06,5.470211362990085e-06,0.0006508756196126342,3.8723257603123784e-05,0.00347600388340652,4.4184457692608703e-07
900046672_8,900046672,19670426,D,2,Mexican,nationality,Only about 33.000 growers were using braceros . and California growers accounted for more than half the manhours of [MASK] labor in 1962 .,0.001765982829965651,9.699365182314068e-05,0.00012057311687385663,3.0449282348854467e-05,0.004642860032618046,2.8929465770488605e-05,0.0009816584642976522,1.0817249858519062e-05
870030650_16,870030650,19610329,R,0,Mexicans,nationality,This amendment does not require that precisely the same terms and conditions be offered as are extended to [MASK] .,0.0002834416809491813,0.00011283065396128222,4.486533362069167e-05,8.013116894289851e-05,7.917618495412171e-05,3.5974144338979386e-06,0.0002587447233963758,4.073548916494474e-05
860263879_16,860263879,19600629,D,0,Mexicans,nationality,In areas where [MASK] are employed . there is considerable unemployment among domestic workers and their wages are lower in areas where there is widespread employment of Mexicans .,2.0231533198966645e-05,1.579799754836131e-05,2.7477817639010027e-06,2.679105818970129e-06,6.197786569828168e-05,7.569904482807033e-06,0.0005877789226360619,2.1815585569129325e-06
860263879_16,860263879,19600629,D,1,Mexicans,nationality,In areas where Mexicans are employed . there is considerable unemployment among domestic workers and their wages are lower in areas where there is widespread employment of [MASK] .,0.00014676546561531723,3.882044620695524e-05,2.4209643015637994e-05,1.2660649417739478e-06,0.0001687194308033213,2.9190538043621927e-05,0.0005341359064914286,3.4395047805446666e-06
860263879_16,860263879,19600629,D,2,Mexican,nationality,Only about 2 percent of American farms use [MASK] labor . but it costs the Department of Labor about $ 2.5 million a year to enforce this program .,0.012732693925499916,1.1539190381881781e-05,8.13277620181907e-06,1.6850819520186633e-05,0.0011293032439425588,0.00011205807095393538,0.0009432436781935394,3.7884299217694206e-06
860263879_16,860263879,19600629,D,3,Mexican,nationality,Thus . the farmers using [MASK] labor receive the benefits of cheap labor and that gives them an unfair advantage in their competition with family farms . which employ domestic workers .,0.0010602338006719947,4.6066856157267466e-05,6.475705049524549e-06,2.9186335268605035e-06,0.000899201026186347,3.161434142384678e-05,0.00041207013418897986,2.6364556106273085e-05
880078746_52,880078746,19630815,R,0,Mexican workers,nat_role,Under the provisions of this program . which I might add has the sanction of the Department of Labor . the use of Mexican [MASK] Is restricted to instances or areas where they will not compete with domestic labor .,0.00010451807611389086,0.00019448742386884987,4.614657882484607e-06,5.649154672937584e-07,0.00038707515341229737,3.134053713438334e-06,0.00031050920370034873,5.731923238272429e-07
880078746_52,880078746,19630815,R,1,Mexican workers,nat_role,"Prior to hiring braceros . the Secretary of Labor is required to certify that first . domestic workers . able . willing and qualified are not available . second . the employment of Mexican [MASK] "" will not adversely affect the wages and working conditions of domestic agricultural workers similarly employed "" . and third . reasonable efforts have been made to attract domestic workers at comparable wages . hour and working conditions .",9.968513040803373e-05,1.3122166819812264e-05,6.536042747029569e-06,1.5875766621320508e-06,0.0001138727820944041,5.096331733511761e-06,0.0016208984889090061,3.1242589102475904e-06
880078780_71,880078780,19630815,D,0,Mexican,nationality,The [MASK] farm labor program serves less than 1 percent of American farmers . and these farmers are usually the large corporation grower .,0.00011685080244205892,4.831847945752088e-06,1.7397433111909777e-05,1.0392126569058746e-05,2.5057674065465108e-05,1.282826269743964e-05,0.00044019019696861506,7.973181709530763e-06
880078780_71,880078780,19630815,D,1,Mexican workers,nat_role,Consequently . the annual migration of large masses of Mexican [MASK] helps the large corporation farm at the expense of the family farm which has for so long been the backbone of our agricultural economy ..,0.0002118199336109683,0.00010126587585546076,1.0885419214901049e-05,8.950652954808902e-06,2.032889642578084e-05,4.7466564865317196e-06,0.0011232183314859867,2.485682443875703e-06
880078780_71,880078780,19630815,D,2,aliens,direct,The House report on a 2year extension of the program states that the braceros program has virtually eliminated wetbacks . illegal [MASK] from south of our borders .,0.0006031191442161798,0.0008881405810825527,0.0003632697043940425,0.0006368255126290023,2.8482369089033455e-05,6.38342389720492e-05,0.0004749602230731398,0.00022667014854960144
820052650_9,820052650,19510507,D,0,Mexican,nationality,The amendment is very specific and clear . it merely provides that there shall be equality as between foreign and domestic farm workers . in respect to the wage rate . and in respect to the foreign farm workers . the amendment relates only to [MASK] farm workers .,5.7220158851123415e-06,2.5275912776123732e-06,7.110367050700006e-07,2.0631259189940465e-07,1.3011687087782775e-06,4.414972636368475e-07,1.6045431038946845e-05,4.858232500737358e-07
850276809_2,850276809,19580814,R,0,Mexican national,nat_role,I can tell the gentleman that the Mexican [MASK] labor will cost the grower about $ 1.13 an hour . because he must guarantee transportation . pay health dues . he must pay association dues and provide for the maintenance of the Mexican national that he does not have to provide for domestic labor .,0.00011161835573147982,5.428530585049884e-06,9.644262490837718e-07,2.022128228418296e-06,0.00024825832224451005,3.353300598973874e-06,0.0021778391674160957,6.04249294156034e-07
850276809_2,850276809,19580814,R,1,Mexican national,nat_role,I can tell the gentleman that the Mexican national labor will cost the grower about $ 1.13 an hour . because he must guarantee transportation . pay health dues . he must pay association dues and provide for the maintenance of the Mexican [MASK] that he does not have to provide for domestic labor .,0.00047593083581887186,0.0006601070635952055,1.647063072596211e-05,3.5450288123684004e-05,0.005010718479752541,1.1844224900414702e-05,0.008568516001105309,7.307456144189928e-06
850276809_2,850276809,19580814,R,2,Mexican national,nat_role,It is conservatively figured that if the prevailing rate is $ 1 per hour it means $ 1.13 per hour in cost to the farmer for Mexican [MASK] labor .,0.0002829036966431886,2.641416540427599e-05,4.2521919567661826e-06,1.4601077054976486e-05,0.0028735394589602947,3.207606823707465e-06,0.0038801953196525574,1.6146555026352871e-06
870140923_38,870140923,19610922,R,0,Mexicans,nationality,Many New York farmers must compete with farmers in areas in which [MASK] are used . and therefore wage rates and labor costs are much lower .,0.00792156346142292,0.005001222249120474,2.2311822249321267e-05,2.2617741706199013e-05,0.014726144261658192,3.704054688569158e-05,0.00010729820496635512,6.634620149270631e-06
870140923_38,870140923,19610922,R,1,Mexicans,nationality,President . the amendment which I offered when the H.R. 2010 was before us made the point that significant advantages are offered to [MASK] which are not offered to American workers .,4.7662757424404845e-05,0.0005804738029837608,3.7457732105394825e-05,1.4480123354587704e-05,0.0003983789647463709,1.139587539000786e-06,0.0003283630940131843,6.997263699304312e-05
870140923_38,870140923,19610922,R,2,Mexican,nationality,"Department of Labor publication entitled "" Information Concerning Entry of [MASK] Agricultural Workers Into the United States .",1.1319625627947971e-05,1.724060348351486e-05,1.1236790669499896e-05,3.909431598003721e-06,1.5786352378199808e-05,6.047884198778775e-06,0.0001850226108217612,2.8234990168130025e-06
870140923_38,870140923,19610922,R,3,Mexican laborers,nat_role,""" I wish to read some of the provisions which give special privileges and treatment to Mexican [MASK] .",0.00035277349525131285,5.674550720868865e-06,3.492202449706383e-05,2.609323928481899e-06,9.934472473105416e-06,7.723019734839909e-06,0.019908394664525986,3.363577434356557e-06
870140923_38,870140923,19610922,R,4,Mexican worker,nat_role,""" appears the following language : The employer agrees to furnish the Mexican [MASK] . upon the Mexican workers arrival at the place of employment and throughout his entire period of employment . without cost to such Mexican worker . hygienic lodgings . adequate to the climatic conditions of the area of employment and not inferior to those of the average type which are generally furnished to domestic agricultural workers in such area .",1.621534647711087e-05,0.0010055468883365393,1.693593617346778e-06,9.670603731137817e-07,5.5631382565479726e-05,2.5087933863687795e-06,0.00039175947313196957,2.9047464522591326e-06
870140923_38,870140923,19610922,R,5,Mexican workers,nat_role,""" appears the following language : The employer agrees to furnish the Mexican worker . upon the Mexican [MASK] arrival at the place of employment and throughout his entire period of employment . without cost to such Mexican worker . hygienic lodgings . adequate to the climatic conditions of the area of employment and not inferior to those of the average type which are generally furnished to domestic agricultural workers in such area .",3.2655420909577515e-06,3.963651033700444e-05,1.0969068853228237e-06,9.642119493946666e-07,1.0400068276794627e-05,2.831720394169679e-06,0.00039120164001360536,8.922849019654677e-07
870140923_38,870140923,19610922,R,6,Mexican worker,nat_role,""" appears the following language : The employer agrees to furnish the Mexican worker . upon the Mexican workers arrival at the place of employment and throughout his entire period of employment . without cost to such Mexican [MASK] . hygienic lodgings . adequate to the climatic conditions of the area of employment and not inferior to those of the average type which are generally furnished to domestic agricultural workers in such area .",7.247468602145091e-06,3.913501132046804e-05,1.5266064110619482e-06,1.3794024198432453e-06,1.7980306438403204e-05,1.4607363709728816e-06,0.00015508981596212834,3.205524990335107e-06
880062081_6,880062081,19630701,D,0,migrant,direct,Matt Triggs . assistant legislative director for the American Farm Bureau Federation . based his argument for low [MASK] worker wages on their low productivity when he testified before the Senate Subcommittee on Migratory Labor on April 24 .,0.000251996360020712,8.999805686471518e-06,8.415348929702304e-06,6.736509931215551e-06,0.0004258055123500526,2.5586800802557264e-06,8.990716014523059e-05,2.330522875126917e-06
880062081_6,880062081,19630701,D,1,migrant,direct,He argued for allowing free economic forces to improve the lot of the [MASK] workers . and claimed that wages will not rise in such a free market until the productivity of the migrants increases .,1.8741985741144163e-06,7.801187166478485e-06,1.1780837212427286e-06,3.7738348055427196e-06,1.1008695764758158e-05,1.3485396266332828e-06,1.84590771823423e-05,9.880177458398975e-07
880062081_6,880062081,19630701,D,2,migrants,direct,He argued for allowing free economic forces to improve the lot of the migrant workers . and claimed that wages will not rise in such a free market until the productivity of the [MASK] increases .,7.392399857053533e-05,2.4624443540233187e-05,3.457959792285692e-06,8.022067049751058e-06,0.0005293267895467579,6.0439069784479216e-06,0.00028017692966386676,2.4453590867778985e-06
870127885_69,870127885,19610911,R,0,Mexican,nationality,Why should the Secretary of Labor be permitted to set wages for the farmworker through the vehicle of the [MASK] labor program . when he can not set them for the industrial sector of our economy under the Fair Labor Standards Act ?,2.7585590942180716e-05,4.0990325942402706e-06,7.759064146739547e-07,6.291142199188471e-06,3.1971132557373494e-05,1.54274732722115e-06,0.0002644572523422539,1.090970499717514e-06
870127878_23,870127878,19610911,D,0,Mexicans,nationality,Under the existing situation of [MASK] being paid 50 cents an hour and American workers being paid 30 cents an hour . the Secretary of Labor has no power to fix the wage of the American cotton chopper getting 30 cents an hour today .,3.805453525274061e-05,0.0007021132623776793,2.0566321836668067e-05,2.2979816094448324e-06,0.0005826386041007936,2.2521588107338175e-05,0.000954146555159241,3.324755198264029e-06
870127878_23,870127878,19610911,D,1,Mexican worker,nat_role,Both types of workers would have to be paid the prevailing wage . and the American worker could not be paid less than the Mexican [MASK] would be paid .,1.3270109775476158e-06,4.337069640314439e-06,1.721735145565617e-07,1.9798311257090973e-07,6.532606676046271e-06,7.482993282792449e-07,8.706461812835187e-05,5.449616082842113e-07
870127878_23,870127878,19610911,D,2,Mexican nationals,nat_role,My amendment applies only to Mexican [MASK] and it provides that they must be paid 90 percent of the average farm wage being paid in the State or Nation . whichever is lower .,0.00020663712348323315,6.130585006758338e-06,1.7686021465124213e-06,1.5538754496446927e-06,1.0554899745329749e-05,9.271292356061167e-07,0.001097027794457972,3.0866232236803626e-07
870127106_30,870127106,19610908,D,0,Mexican nationals,nat_role,In the State of Arkansas . which is one of the States in which the problem is very serious . the average which is paid to Mexican [MASK] is approximately 50 cents an hour . the minimum which is required under the law .,3.144443326164037e-05,1.725951733533293e-05,3.0111850719549693e-06,2.108131866407348e-06,1.2178707038401626e-05,1.4477420791081386e-06,0.004838421009480953,3.021948941750452e-06
870127106_30,870127106,19610908,D,1,Mexican,nationality,The effect of my amendment would be to require . taking into account 90 percent of the average rate in Arkansas of 73 cents an hour . payment to [MASK] nations of 65 cents an hour . instead of the 50 cents an hour rate now being paid to them .,6.02677755523473e-05,1.81164773493947e-06,6.012411176925525e-06,5.883399808226386e-06,6.945266250113491e-06,6.802840289310552e-06,0.0006467415951192379,1.1757591892092023e-05
870127106_30,870127106,19610908,D,2,Mexican nationals,nat_role,In the State of Texas . which contracted in 1960 for the employment of 112.000 Mexican [MASK] . the lowest rate paid to Americans performing similar work was 40 cents an hour . and the most common rate paid to Americans was 50 cents an hour .,4.224045824230416e-06,8.659231980345794e-07,6.20651917415671e-07,2.821923601459275e-07,1.6834857888170518e-05,3.5092621146759484e-06,0.0016154063632711768,3.1028963576318347e-07
870127106_30,870127106,19610908,D,3,Mexican nationals,nat_role,My amendment would have the effect of requiring the growers in Texas to pay Mexican [MASK] at least 70 cents an hour . or 90 percent of the prevailing rate for agricultural wages in the State of Texas .,0.00024231476709246635,0.00012449556379579008,2.6413274099468254e-05,1.2026976037304848e-06,6.792535714339465e-05,1.0231791520709521e-06,0.003335538087412715,1.3054831242698128e-06
850276809_2,850276809,19580814,R,0,Mexican national,nat_role,I can tell the gentleman that the Mexican [MASK] labor will cost the grower about $ 1.13 an hour . because he must guarantee transportation . pay health dues . he must pay association dues and provide for the maintenance of the Mexican national that he does not have to provide for domestic labor .,0.00011161833390360698,5.428529675555183e-06,9.644261353969341e-07,2.0221277736709453e-06,0.0002482582931406796,3.3533003716001986e-06,0.0021778387017548084,6.042491804691963e-07
850276809_2,850276809,19580814,R,1,Mexican national,nat_role,I can tell the gentleman that the Mexican national labor will cost the grower about $ 1.13 an hour . because he must guarantee transportation . pay health dues . he must pay association dues and provide for the maintenance of the Mexican [MASK] that he does not have to provide for domestic labor .,0.00047593083581887186,0.0006601070635952055,1.647063072596211e-05,3.5450288123684004e-05,0.005010718479752541,1.1844224900414702e-05,0.008568516001105309,7.307456144189928e-06
850276809_2,850276809,19580814,R,2,Mexican national,nat_role,It is conservatively figured that if the prevailing rate is $ 1 per hour it means $ 1.13 per hour in cost to the farmer for Mexican [MASK] labor .,0.0002829036966431886,2.641416540427599e-05,4.2521919567661826e-06,1.4601077054976486e-05,0.0028735394589602947,3.207606823707465e-06,0.0038801953196525574,1.6146555026352871e-06
880049965_7,880049965,19630529,R,0,Mexicans,nationality,When our country Is faced with the problem of more than 4 million unemployed Americans . it clearly is not in the national interest to import a quarterofamillion [MASK] to additionally burden the internal labor market .,0.00011769668344641104,0.004229565151035786,0.00013278507685754448,6.12044968875125e-05,0.0005319635383784771,8.782518307270948e-06,0.0023982750717550516,0.0004075461474712938
880049965_7,880049965,19630529,R,1,Mexican,nationality,I feel a far better method of assuring an adequate work force for those farms where [MASK] labor has been employed would be for this Congress to enact a similar program of recruitment . transportation and contracts for American farm workers .,0.0019098017364740372,1.834774957387708e-05,1.138053721660981e-05,1.0856147127924487e-05,0.00028753408696502447,1.252416132047074e-05,0.0007002868806011975,4.442978934093844e-06
880049965_7,880049965,19630529,R,2,Mexican workers,nat_role,Because the hired labor costs of large corporationtype farms using Mexican [MASK] are less than those of competing family farms . the value of family farm labor becomes less .,0.0003687580465339124,0.00024705412215553224,1.9764516764553264e-05,3.1491026675212197e-06,0.002829977311193943,3.825948624580633e-06,0.0006079070153646171,1.2076917528247577e-06
870142253_51,870142253,19610923,D,0,Mexican workers,nat_role,I should like to read a paragraph from the Secretarys letter on this point : We do not believe that the bill as reported by the committee reaches the basic problems which stem from the largescale use of Mexican [MASK] . that is . the adverse impact that their employment has on wages . conditions of employment . and employment opportunities of our own workers .,1.8245098544866778e-05,9.624596714274958e-05,2.2149240521684987e-06,1.2997819567317492e-06,8.392669406021014e-05,2.0276947907404974e-06,0.002342791063711047,9.028649969877733e-07
870142253_51,870142253,19610923,D,1,Mexican,nationality,The committees failure to accept your amendment which would require growers using [MASK] labor to pay them the average farm wage of their particular State or of the Nation . whichever is lower .,0.0010135108605027199,4.4358439481584355e-06,7.882430509198457e-06,7.510886462114286e-06,0.0016591015737503767,2.5963952793972567e-05,0.0005939427646808326,1.2816973367080209e-06
870142253_51,870142253,19610923,D,2,Mexican,nationality,As you know . the effect of the [MASK] program in many areas has been to place a ceiling on the wages offered to U.S. workers . at the wage level at which Mexican workers are made available .,3.5161101550329477e-05,5.255602445686236e-05,6.270557605603244e-06,4.762374373967759e-05,4.290950164431706e-05,1.580038951942697e-05,0.00013872564886696637,4.643052307073958e-06
870142253_51,870142253,19610923,D,3,Mexican workers,nat_role,As you know . the effect of the Mexican program in many areas has been to place a ceiling on the wages offered to U.S. workers . at the wage level at which Mexican [MASK] are made available .,4.403484854265116e-05,0.006283904425799847,5.7526003729435615e-06,1.7571888974998728e-06,0.00011554682714631781,1.908123294924735e-06,0.0006984526989981532,5.3638123063137755e-06
880110495_26,880110495,19631031,R,0,Mexican,nationality,No [MASK] labor can be used unless the Secretary of Labor certifies that domestic workers are not available . that employment of Mexican workers will not adversely affect wages and working conditions of domestic agricultural workers . and that efforts have been made to attract domestic workers at comparable wages .,8.779183553997427e-05,1.1406934390834067e-05,1.9509770936565474e-06,1.455225515201164e-06,4.110244117327966e-05,5.419738954515196e-06,0.00025430996902287006,3.106314807155286e-06
880110495_26,880110495,19631031,R,1,Mexican workers,nat_role,No Mexican labor can be used unless the Secretary of Labor certifies that domestic workers are not available . that employment of Mexican [MASK] will not adversely affect wages and working conditions of domestic agricultural workers . and that efforts have been made to attract domestic workers at comparable wages .,1.0761998964881059e-05,7.906740393082146e-06,2.644811445406958e-07,4.771584372065263e-08,1.2559753486129921e-05,1.4440142592775373e-07,7.11903121555224e-05,1.0127141081284208e-07
860242247_20,860242247,19600613,D,0,Mexican nationals,nat_role,The great majority of migratory workers are used on less than 5 percent of the farms of the Nation . the percentage using Mexican [MASK] are even fewer .,0.00030388979939743876,0.0004491975996643305,1.43453071359545e-05,4.120159246667754e-06,0.0005001849494874477,1.0110349649039563e-05,0.0010153469629585743,1.6074301356638898e-06
860242247_20,860242247,19600613,D,1,Mexican nationals,nat_role,In 1958 . for example . the Department of Labor had to take action to try to guarantee that Mexican [MASK] working on the piecerate basis would receive at least 50 cents per hour . the minimum set by the Mexican Government for braceros paid on an hourly rate .,4.698511020251317e-06,4.6395261961151846e-06,1.990906497439937e-07,2.493363808753202e-07,6.276553176576272e-05,1.8959132148665958e-06,0.0006115385913290083,1.5931422581161314e-07
860242247_20,860242247,19600613,D,2,Mexican,nationality,In 1958 . for example . the Department of Labor had to take action to try to guarantee that Mexican nationals working on the piecerate basis would receive at least 50 cents per hour . the minimum set by the [MASK] Government for braceros paid on an hourly rate .,9.609003370769642e-08,1.2410588112743426e-07,1.4975054796195764e-07,6.80817549891799e-07,3.0876344681018963e-07,1.1758088191982097e-07,4.36332493336522e-06,5.681494030795875e-08
870056474_5,870056474,19610526,D,0,Mexican national,nat_role,My work with these problems . as chairman of this subcommittee . has convinced me that one of the most urgent problems facing agricultural workers generally . and migratory agricultural workers particularly . is the effect of the Mexican [MASK] importation program on the employment opportunities of domestic agricultural workers .,0.0006983326165936887,0.00147857959382236,0.00018106061907019466,5.489229351951508e-06,8.619329310022295e-05,8.177070412784815e-05,0.0004925860557705164,2.8326223855401622e-06
870056474_5,870056474,19610526,D,1,Mexican nationals,nat_role,In 1951 . shortly after the beginning of the Korean conflict . the Congress enacted Public Law 78 . which provides for the importation of Mexican [MASK] for the purpose of temporary agricultural employment in the United States .,0.0038653567899018526,0.006857533939182758,2.5114159143413417e-05,3.347061010572361e-06,0.00017188307538162917,2.3263275579665788e-05,0.003205672837793827,8.438518079856294e-07
870141031_21,870141031,19610922,D,0,Mexican workers,nat_role,However . it appears that Mexican [MASK] have been made available under the program for the operation of tractors and other machinery .,0.00048481530393473804,0.005573055241256952,5.649470040225424e-06,1.9512757717166096e-05,0.024838076904416084,6.1379159888019785e-06,0.002461156342178583,1.2774898095813114e-05
870141031_21,870141031,19610922,D,1,Mexicans,nationality,The conference report would reserve these better jobs for domestic workers and restrict the employment of [MASK] to the less desirable jobs for which domestic workers are not available .,1.943885763466824e-05,4.352147243480431e-06,3.1401805244968273e-06,5.856906000190065e-07,1.4138809092401061e-05,2.104092573063099e-06,0.00012054043327225372,1.6625123180347146e-06
870141031_21,870141031,19610922,D,2,Mexican workers,nat_role,"The conference substitute would further restrict the employment of Mexican [MASK] recruited under Public Law 78 by eliminating the employment just described from the definition of "" agricultural employment .",4.5388143917080015e-05,2.1000696506234817e-06,6.365138460751041e-07,5.85345333092846e-07,1.1296193406451494e-05,1.3168129271434736e-06,0.004460890777409077,6.195924697749433e-07
880078780_71,880078780,19630815,D,0,Mexican,nationality,The [MASK] farm labor program serves less than 1 percent of American farmers . and these farmers are usually the large corporation grower .,0.00011685080244205892,4.831847945752088e-06,1.7397433111909777e-05,1.0392126569058746e-05,2.5057674065465108e-05,1.282826269743964e-05,0.00044019019696861506,7.973181709530763e-06
880078780_71,880078780,19630815,D,1,Mexican workers,nat_role,Consequently . the annual migration of large masses of Mexican [MASK] helps the large corporation farm at the expense of the family farm which has for so long been the backbone of our agricultural economy ..,0.0002118199336109683,0.00010126587585546076,1.0885419214901049e-05,8.950652954808902e-06,2.032889642578084e-05,4.7466564865317196e-06,0.0011232183314859867,2.485682443875703e-06
880078780_71,880078780,19630815,D,2,aliens,direct,The House report on a 2year extension of the program states that the braceros program has virtually eliminated wetbacks . illegal [MASK] from south of our borders .,0.0006031191442161798,0.0008881405810825527,0.0003632697043940425,0.0006368255126290023,2.8482369089033455e-05,6.38342389720492e-05,0.0004749602230731398,0.00022667014854960144
870141127_11,870141127,19610922,D,0,Spanish,nationality,Furthermore . in California during that period there was a drive to unionize the workers on the large ranches in California . which in the main operate under the old Roman system of latifundia and which carry over the old [MASK] and Mexican procedure of having large estates . together with the huge railway grants which were given to a limited group . for the construction of railroads through that part of the country .,1.0057636927740532e-06,1.0772835139505332e-06,1.1159743280586554e-06,1.6142605545610422e-06,5.714035978598986e-06,1.843914390065038e-07,8.010998499230482e-06,2.8087507075724716e-07
870141127_11,870141127,19610922,D,1,Mexican,nationality,Furthermore . in California during that period there was a drive to unionize the workers on the large ranches in California . which in the main operate under the old Roman system of latifundia and which carry over the old Spanish and [MASK] procedure of having large estates . together with the huge railway grants which were given to a limited group . for the construction of railroads through that part of the country .,3.2727425605116878e-06,7.868125067034271e-07,2.962287226182525e-06,4.85279201711819e-07,2.969482466141926e-06,9.833711374085397e-07,7.232981715787901e-06,3.104265147158003e-07
880272731_11,880272731,19640812,D,0,Mexican,nationality,""" As you should know . the [MASK] farm labor importation is a Federal Government program which prevents the laws of supply and demand from working in the Western farm labor market .",1.736767626425717e-05,9.169728400593158e-06,6.872591256978922e-06,3.0745413823751733e-06,5.0784810810000636e-06,1.7446680431021377e-05,5.2872132073389366e-05,8.328710464411415e-06
890036794_b000,890036794,19650409,D,0,British,nationality,In a memorandum submitted to the Secretary of Labor on April 24 . 1962 . by President George Meany . of the AFLCIO . which I inserted in the RECORD in connection with my remarks on February 18 of this year . and which appears in full on page 3137 of the pointed out that the [MASK] West Indies agricultural labor program constituted a most effective form of foreign aid to the West Indies at no expense to the American taxpayer .,2.145549387932988e-06,1.8037593690678477e-05,1.7425194528186694e-05,4.4569037527253386e-06,9.823454092838801e-06,6.3170700741466135e-06,0.0001328681973973289,1.6811904970381875e-06
890036794_b000,890036794,19650409,D,1,Indian workers,nat_role,His exact words were : These earnings show that the United States is making a substantial aid contribution to the West Indies at no cost to the American taxpayer . at no loss of selfrespect to the West Indians . but merely as a fair return for a fair days work on the part of lawabiding and ambitious West Indian [MASK] .,5.896454240428284e-05,1.5641338904970326e-05,7.883599209890235e-06,2.7713664167094976e-05,3.746265429072082e-05,3.4568969567772e-05,0.005295948125422001,2.771848267002497e-05
890036794_b000,890036794,19650409,D,2,Indian workers,nat_role,The gainful employment of West Indian [MASK] on American farms constitutes a substantial relief to the serious West Indian unemployment problem where . for example . in Jamaica the rate is as high as 18 percent .,0.0001076351836672984,4.635271761799231e-05,1.3587588910013437e-05,1.960611371032428e-06,4.502310730458703e-06,1.3097862392896786e-05,0.000669643166474998,1.3559260878537316e-06
890036794_b000,890036794,19650409,D,3,Indian,nationality,The gainful employment of West Indian workers on American farms constitutes a substantial relief to the serious West [MASK] unemployment problem where . for example . in Jamaica the rate is as high as 18 percent .,9.883872564842022e-08,2.5408255055481277e-08,1.1039970715387426e-08,3.063687472604215e-07,4.180097334938182e-08,1.357666405965574e-07,1.4687989846606797e-07,8.961374220461948e-08
890036794_b000,890036794,19650409,D,4,Indian,nationality,The dismay with which our West [MASK] neighbors view the termination of the program is set forth in an editorial in the Daily Gleaner . published in Montego Bay .,4.960627961736463e-07,4.456419731013739e-07,1.2952987127334836e-08,6.322879016806837e-06,1.6830269089496142e-07,1.629076535891727e-07,8.835557991915266e-07,3.061882125621196e-07
870141006_8,870141006,19610922,D,0,Mexican,nationality,If there is . then the Secretary of Labor has been improperly certifying . every year . that we in Florida have a right to bring in wellpaid workers from offshore areas to do the necessary work . and the Secretary of Labor has made the same finding with reference to the areas that use the [MASK] labor .,2.338880585739389e-05,1.7590937204658985e-05,4.127276042709127e-06,3.392355574760586e-05,2.91009037027834e-05,6.548341843881644e-06,5.4610009101452306e-05,2.5085813831537962e-05
880049817_20,880049817,19630529,D,0,Mexican nationals,nat_role,I submit further that those growers who now use Mexican [MASK] would find no difficulty in getting their crops harvested .,0.00046816980466246605,0.0003887695784214884,0.0001721231237752363,4.409727262100205e-05,0.0022126492112874985,3.786093884627917e-06,0.0002568237541709095,3.847998414130416e-06
880049817_20,880049817,19630529,D,1,Mexican nationals,nat_role,"I submit . further . that the extension of this program is more to the advantage of farm labor associationswhich is a glorified way of saying "" farm labor contractors""-and to other middlemen who provide services to Mexican [MASK] . than it is to farmers themselves .",0.00020957663946319371,4.984070983482525e-05,6.468893843702972e-06,8.424763109360356e-06,0.00019079430785495788,6.686274900857825e-06,0.0018072847742587328,4.811296548723476e-06
870246213_111,870246213,19620801,D,0,Mexican,nationality,It is the position of the Department of Labor that [MASK] and other foreign workers should be employed only during those periods of peak activity where . after intensive recruitment efforts have been made . it is apparent that there is a real shortage of domestic labor .,1.7219314258909435e-06,1.159602925326908e-05,2.3412576410919428e-06,8.78270384419011e-07,1.4427119822357781e-05,1.179461037281726e-06,0.0003265799314249307,4.5605514742419473e-07
870246213_111,870246213,19620801,D,1,Mexican farmworkers,nat_role,At the same time . we have given assurances to farm employers that in peak periods . such as at harvest time . they will not be denied the use of Mexican [MASK] if there are not sufficient American workers available .,9.424021118320525e-05,0.00028762852889485657,4.928131602355279e-06,2.2673489183944184e-06,0.0003021027077920735,1.550802267047402e-06,0.0019635481294244528,1.7131621916632866e-06
880049948_8,880049948,19630529,D,0,Mexican workers,nat_role,And this is the Situation throughout the United States wherever Mexican [MASK] are imported to compete with our local people .,0.00019945732492487878,0.007338306400924921,5.817527562612668e-05,7.357354661507998e-06,0.0002813804312609136,4.96035318064969e-06,0.0030040896963328123,3.077160044995253e-06
870127291_44,870127291,19610908,Unknown,0,Mexican national,nat_role,On the other hand disability insurance provided by State law may not be appropriate to the Mexican [MASK] and it is likely that an amendment will be offered to exempt him from State disability insurance provisions applicable to domestic workers .,1.407654690410709e-05,4.443813850230072e-06,1.8026246834779158e-05,6.256515916902572e-06,3.6089208151679486e-05,2.3661017621634528e-05,0.008022763766348362,2.1845242372364737e-05
870127291_44,870127291,19610908,Unknown,1,Mexican worker,nat_role,Terms as to a guaranteed number of workdays and provision for subsistence that fit into the standard work contract for a Mexican [MASK] brought from Mexico to Michigan may not fit into an agreement with the worker who is temporarily laid off from industrial employment and seeks agricultural work only until he can get his job back .,5.199993665883085e-06,2.0293537090765312e-05,2.6105224151251605e-06,1.4889200201650965e-06,1.632782004890032e-05,3.971520072809653e-06,0.004549157805740833,1.7068108491002931e-06
870127291_44,870127291,19610908,Unknown,2,Mexican worker,nat_role,Likewise provision for transportation for the Mexican [MASK] brought up from Mexico with a number of other male workers does not involve the same problems as transportation provisions for domestic workers who may be from near or far . may be traveling with their families . or others . and may switch to nonagricultural employment at any time .,6.457065410359064e-06,1.655127198318951e-05,2.5764761630853172e-06,7.105442819010932e-06,8.989753041532822e-06,3.4335362215642817e-06,0.0020154358353465796,1.7002737422444625e-06
870127291_44,870127291,19610908,Unknown,3,Mexicans,nationality,The Secretary of Labor must find that the employment of [MASK] will not adversely affect his wages or working conditions .,0.0006586625822819769,6.715937342960387e-05,2.8235939680598676e-05,1.9307290131109767e-05,0.00015781748516019434,0.00011687901860568672,0.0008926404407247901,0.000235180021263659
880054523_1,880054523,19630612,D,0,Mexican,nationality,With the defeat of the proposed extension of Public Law 78 . which had allowed for the importation of [MASK] agricultural workers . steps must be taken to prevent the development of labor shortages during the periods of peak seasonal employment .,2.5960222046705894e-05,5.399966175900772e-05,1.4858929716865532e-05,6.262482656893553e-06,1.3346039850148372e-05,4.7078970055736136e-06,9.437544940738007e-05,1.3389915693551302e-05
870045698_18,870045698,19610510,D,0,Mexican nationals,nat_role,Department of Labor are required to make surveys during active seasons to determine prevailing wages paid to American workers in each of the activities in which Mexican [MASK] are employed .,6.533198757097125e-06,2.3466961920348695e-06,2.2084351769535715e-07,3.349146879827458e-07,2.04635871341452e-05,1.2568193596962374e-06,0.00184316944796592,6.516778512377641e-07
870045698_18,870045698,19610510,D,1,Mexicans,nationality,A study made by the Department of Labor shows that in the great majority of areas where [MASK] have been employed . wages for American workers employed in similar activities have remained virtually unchanged year after year .,1.5036562217574101e-05,3.7026547943241894e-06,9.807957894736319e-07,2.8905956241942476e-06,0.00015081302262842655,1.5707752027083188e-05,0.00047714769607409835,2.423477781121619e-06
870045698_18,870045698,19610510,D,2,Mexicans,nationality,In the Arkansas Delta area . for example . farmers have been paying American workers 30 . 40 . and 50 cents an hour for cotton chopping while at the same time thousand of [MASK] are employed in this activity .,1.8667245967662893e-05,9.737468644743785e-07,7.02636157257075e-07,4.1492435798318184e-07,6.230523285921663e-05,1.3487432397596422e-06,8.913318015402183e-05,3.1513638987235026e-07
870045698_18,870045698,19610510,D,3,Mexicans,nationality,In California . where average farm wages are among the highest farm wages in the countryabout $ 1.20 per hourthe rate paid to American workers in the Imperial Valley . which is largely dominated by [MASK] . has remained approximately 70 to 75 cents an hour .,6.712003232678398e-05,0.00013619968376588076,3.947789446101524e-05,2.0584244339261204e-05,0.0002284693473484367,1.4509928405459505e-05,0.00010751988156698644,1.8737791833700612e-06
880078522_24,880078522,19630815,D,0,Mexican workers,nat_role,If domestic workers are not available to do the work . failure to furnish Mexican [MASK] can not advance the interests of domestic workers .,0.00032085375278256834,0.03660948947072029,1.4980152627686039e-05,4.50519746664213e-06,0.0007559512741863728,1.5011482901172712e-06,0.0009445507312193513,7.012677087914199e-06
880078522_24,880078522,19630815,D,1,Mexican,nationality,It is to the advantage of the [MASK] Government and the Mexican economy that the workers be brought from areas of high unemployment in Mexico rather than from areas where the workers may be needed locally . as was the case before this bill passed . 1963,4.061671177169046e-08,3.9191824896533944e-08,7.418950787041467e-08,9.660129052235789e-08,1.6202207575588545e-07,2.069718441077839e-08,9.697724863144686e-07,7.620808162300818e-08
880078522_24,880078522,19630815,D,2,Mexican,nationality,It is to the advantage of the Mexican Government and the [MASK] economy that the workers be brought from areas of high unemployment in Mexico rather than from areas where the workers may be needed locally . as was the case before this bill passed . 1963,6.292401053542562e-07,5.046814749221085e-06,5.443767463475524e-07,3.2214152270171326e-06,2.144892278010957e-05,4.583632460253284e-07,2.350932845729403e-06,9.84920802693523e-07
870247310_18,870247310,19620802,D,0,Mexican,nationality,I can not agree that proper administration of the [MASK] Farm Labor Act . under longestablished regulations . will permit any such thing since any domestic worker must be offered employment before a Mexican worker can be put to work .,5.1440842071315274e-05,2.7826927180285566e-05,1.8303813703823835e-05,7.210462626972003e-06,7.571896276203915e-05,6.380799732141895e-06,0.000540423730853945,1.4544878013111884e-06
870247310_18,870247310,19620802,D,1,Mexican worker,nat_role,I can not agree that proper administration of the Mexican Farm Labor Act . under longestablished regulations . will permit any such thing since any domestic worker must be offered employment before a Mexican [MASK] can be put to work .,0.0005067125312052667,2.8861921236966737e-05,1.3045804735156707e-05,3.428022637308459e-06,0.0004053030861541629,2.0466968635446392e-05,0.012981755658984184,6.311596735031344e-06
870247310_18,870247310,19620802,D,2,Mexicans,nationality,"It is too arduousliterally backbreakingfor "" stoop "" labor is labor that most Americans will not do . but [MASK] will because the wages paid here are so far greater than they can get in their own country .",4.61993295175489e-06,2.6031184461317025e-06,7.27134136013774e-07,1.5713260381744476e-06,2.3460970624000765e-06,4.1104343040387903e-07,2.0570840206346475e-05,8.591038636041048e-07
870247310_18,870247310,19620802,D,3,Mexican,nationality,It is said that the [MASK] farm labor program is for the purpose of supplementing the domestic labor force .,0.00015677580086048692,1.3625847714138217e-05,2.479426984791644e-05,8.074525976553559e-05,7.744810136500746e-05,2.42199566855561e-05,0.001330360071733594,1.0383755579823628e-05
860189913_45,860189913,19600314,Unknown,0,Mexican,nationality,The [MASK] farmlabor program . authorized by what is commonly termed Public Law 78 . has also been used as a means of extending regulation to the employment of domestic farmworkers .,0.0003040324372705072,9.262854291591793e-06,1.208493449667003e-05,2.803064853651449e-05,5.541223436011933e-05,2.3555980078526773e-05,0.0004920101491734385,1.0824591299751773e-05
860189913_45,860189913,19600314,Unknown,1,Mexican,nationality,This statute contains a provisiom that the Secretary of Labor must determine that the [MASK] farmlabor program is not adversely affecting wages and working conditions of domestic farmworkers .,0.0001782669423846528,8.340522981598042e-06,1.6614081687293947e-05,3.2099811505759135e-05,2.493478314136155e-05,2.0481676983763464e-05,0.0004848250828217715,8.788017112237867e-06
860189913_45,860189913,19600314,Unknown,2,Mexican workers,nat_role,To an increasing extent this authority is being used by the Spcretary of Labor to require either increases in wages paid Mexican [MASK] to avoid adverse effect on domestic workers or to require employers to do certain things for domestic workers as a condition of eligibility for employment of Mexican nationals .,1.2155341266861797e-07,1.2271144669284695e-06,2.7374440492167196e-08,7.527253131911493e-08,9.114153840528161e-07,1.5330007840930193e-07,9.770660835783929e-05,3.98737682871797e-08
860189913_45,860189913,19600314,Unknown,3,Mexican nationals,nat_role,To an increasing extent this authority is being used by the Spcretary of Labor to require either increases in wages paid Mexican workers to avoid adverse effect on domestic workers or to require employers to do certain things for domestic workers as a condition of eligibility for employment of Mexican [MASK] .,2.674657707757433e-06,1.9988867279607803e-05,6.576188980034203e-07,9.080368101876957e-08,5.253476956568193e-06,8.774424031798844e-07,0.00019014140707440674,9.593552476871992e-07
870127182_7,870127182,19610908,R,0,Mexican,nationality,The measure was not intended to create a permanent pool of inexpensive [MASK] labor to the detriment of American workers . but was rather a temporary measure to fill the gap caused by the increased draft .,2.03977706405567e-05,3.258693323004991e-05,8.966268069343641e-06,1.2955480997334234e-05,0.0002661585167516023,6.5390045165258925e-06,0.011075981892645359,3.7923769014014397e-06
870127182_7,870127182,19610908,R,1,Mexican,nationality,The Korean conflict is long since over . the domestic farm labor force has regained its former proportions . the farm labor shortage is all but nonexistent . the Nation is in a period of unusually high unemployment . yet [MASK] labor is still widely used at wage levels which are economically impossible for most American workers .,0.00040020071901381016,9.570038855599705e-06,2.3577372303407174e-06,3.534704092089669e-06,0.0012367288582026958,1.8207385892310413e-06,0.0004930344875901937,9.720123443912598e-07
870127182_7,870127182,19610908,R,2,Mexican,nationality,Because of the low level of the [MASK] economy in relation to that of the United States .,6.475877398770535e-06,2.1348914742702618e-05,7.901249773567542e-06,1.4936016668798402e-05,1.1353678928571753e-05,7.466902388841845e-06,2.799706271616742e-05,9.367146049044095e-06
870127182_7,870127182,19610908,R,3,Mexican,nationality,[MASK] farm labor accepts wages which are substandard for American workers .,1.760456507327035e-05,8.591154255555011e-06,1.3467428061630926e-06,3.928483238269109e-06,2.0017338101752102e-05,1.24769337617181e-06,3.1995947210816666e-05,9.563107141730143e-07
870127182_7,870127182,19610908,R,4,Mexican,nationality,In fairness to both [MASK] and American farm labor . the law must be changed .,3.5603410651674494e-05,1.759724909788929e-05,1.4568139704351779e-05,6.0982833929301705e-06,1.897578658827115e-05,5.324239282344934e-06,0.00013305843458510935,1.5318114492401946e-06
880064907_7,880064907,19630715,Unknown,0,Mexican,nationality,The same source was quoted to show that California . the largest user of the imported [MASK] fieldhands . pays the highest farm wages in the Nation . the average composite wage being $ 1.33 an hour in this State .,0.0006960094324313104,0.0012479230063036084,0.00029947294387966394,7.269076377269812e-06,0.0010494537418708205,6.802067946409807e-05,0.0015348357846960425,2.6559542675386183e-05
880250487_48,880250487,19640701,R,0,Mexican nationals,nat_role,For exampleif a grower has need for 10 workers and he receives a certification for 10 Mexican [MASK] and he pays for their recruitment and transportation to his place of employment . and then 10 domestic workers become available . the grower is required to release his Mexican nationals and employ the domestic workers . provided they are able . willing . and qualified .,2.2669887584925164e-06,1.9753590095206164e-05,1.1205171404071734e-06,1.5631430017037928e-07,1.49312445500982e-05,6.169813104861532e-07,0.00042166083585470915,7.391621466013021e-07
880250487_48,880250487,19640701,R,1,Mexican nationals,nat_role,For exampleif a grower has need for 10 workers and he receives a certification for 10 Mexican nationals and he pays for their recruitment and transportation to his place of employment . and then 10 domestic workers become available . the grower is required to release his Mexican [MASK] and employ the domestic workers . provided they are able . willing . and qualified .,5.1728537073358893e-05,0.0021799523383378983,1.0441485756018665e-05,3.2812215522426413e-06,5.283296559355222e-05,8.00393354438711e-06,0.0003563758509699255,1.735807745717466e-05
880250487_48,880250487,19640701,R,2,Mexican,nationality,The [MASK] nations can only be contracted for a limited period of time not exceeding 6 months . with the exception that 15 percent may be recontracted for a period not exceeding 3 months .,1.1255715435254388e-05,1.2182206774014048e-05,2.327860420336947e-05,1.3378452422330156e-05,1.8506660126149654e-05,5.984964082017541e-05,0.00010329308861400932,5.4965817980701104e-05
880250487_48,880250487,19640701,R,3,Mexican national,nat_role,Actually the Mexican [MASK] program makes maximum employment available to domestic agricultural workers because they have the opportunity for any job a Mexican national has to the extent of the elimination of the Mexican national .,1.8826171071850695e-05,1.464264641981572e-06,2.2335437677156733e-07,2.3487837097491138e-06,9.86617033049697e-06,1.7062504866771633e-06,0.00029974241624586284,3.544265041455219e-07
880250487_48,880250487,19640701,R,4,Mexican national,nat_role,Actually the Mexican national program makes maximum employment available to domestic agricultural workers because they have the opportunity for any job a Mexican [MASK] has to the extent of the elimination of the Mexican national .,5.5751888794475235e-06,3.3004198485286906e-07,1.508201989963709e-07,3.980783844781399e-07,9.2341815616237e-06,7.713327931924141e-07,0.0003137180465273559,2.4269795062537014e-07
880250487_48,880250487,19640701,R,5,Mexican national,nat_role,Actually the Mexican national program makes maximum employment available to domestic agricultural workers because they have the opportunity for any job a Mexican national has to the extent of the elimination of the Mexican [MASK] .,0.00014925288269296288,1.9511506252456456e-05,0.00031726667657494545,6.225636752787977e-05,0.0006593895959667861,0.00017559023399371654,0.06999581307172775,0.0002936702221632004
1090021472_42,1090021472,20050418,Unknown,0,alien,direct,By allowing employers to flood the labor market with foreign workers in these sectors . wages and working conditions have gone down drastically and made these jobs much less attractive to American workers . while making them much more attractive to [MASK] workers .,5.552326456381707e-07,7.093762633303413e-06,4.4285707190283574e-07,2.4766660544628394e-07,4.086898570676567e-06,4.406357447805931e-07,8.554803571314551e-06,8.209744919440709e-07
1090021472_42,1090021472,20050418,Unknown,1,aliens,direct,As for stifling technological advances . according to a February 9 . 2004 . article appearing in National Review : the huge supply of lowwage illegal [MASK] encourages American farmers to lag technologically behind farmers in other countries .,0.003360600909218192,0.004838425200432539,0.0007940881187096238,0.0001196842422359623,0.0018626770470291376,0.0005598062998615205,0.00013051449786871672,4.417974560055882e-05
870127878_23,870127878,19610911,D,0,Mexicans,nationality,Under the existing situation of [MASK] being paid 50 cents an hour and American workers being paid 30 cents an hour . the Secretary of Labor has no power to fix the wage of the American cotton chopper getting 30 cents an hour today .,3.805453525274061e-05,0.0007021132623776793,2.0566321836668067e-05,2.2979816094448324e-06,0.0005826386041007936,2.2521588107338175e-05,0.000954146555159241,3.324755198264029e-06
870127878_23,870127878,19610911,D,1,Mexican worker,nat_role,Both types of workers would have to be paid the prevailing wage . and the American worker could not be paid less than the Mexican [MASK] would be paid .,1.3270109775476158e-06,4.337069640314439e-06,1.721735145565617e-07,1.9798311257090973e-07,6.532606676046271e-06,7.482993282792449e-07,8.706461812835187e-05,5.449616082842113e-07
870127878_23,870127878,19610911,D,2,Mexican nationals,nat_role,My amendment applies only to Mexican [MASK] and it provides that they must be paid 90 percent of the average farm wage being paid in the State or Nation . whichever is lower .,0.00020663712348323315,6.130585006758338e-06,1.7686021465124213e-06,1.5538754496446927e-06,1.0554899745329749e-05,9.271292356061167e-07,0.001097027794457972,3.0866232236803626e-07
860242249_20,860242249,19600613,Unknown,0,Mexican,nationality,""" ( 3 ) to establish specific criteria for judging whether the employment of [MASK] agricultural workers in the United States is adversely affecting or will adversely affect the wages . working conditions . or employment opportunities of domestic workers similarly employed .",2.699857941479422e-05,2.078817033179803e-06,1.5706666545156622e-06,1.0059250143967802e-06,1.1283722415100783e-05,1.974277438421268e-06,2.316898462595418e-05,3.681424914248055e-06
860242249_20,860242249,19600613,Unknown,1,Mexicans,nationality,Such criteria shall include but shall not be limited to ( a ) failure of wages and earnings in activities and areas using [MASK] to advance with wage increases generally .,1.6733869415475056e-05,0.0002871711039915681,3.935427594115026e-05,8.0572281149216e-05,0.0012387686874717474,1.6260206393781118e-05,0.0017925873398780823,0.0007960502989590168
860242249_20,860242249,19600613,Unknown,2,Mexican,nationality,( b ) the relationship between [MASK] employment trends and wage trends in areas using Mexican workers : ( c ) differences in wage and earning levels of workers on farms using Mexican labor compared with nonusers .,0.00010141087113879621,2.535665589675773e-05,5.109735138830729e-05,7.674174412386492e-06,1.7850596123025753e-05,2.2175196136231534e-05,5.1932169299107045e-05,1.6258829418802634e-05
860242249_20,860242249,19600613,Unknown,3,Mexican workers,nat_role,( b ) the relationship between Mexican employment trends and wage trends in areas using Mexican [MASK] : ( c ) differences in wage and earning levels of workers on farms using Mexican labor compared with nonusers .,6.615550773858558e-07,8.203575816878583e-06,4.15229202133105e-08,8.203856793898012e-08,1.7505139112472534e-05,8.887897706699732e-08,5.125458301336039e-06,2.7942395064428638e-08
860242249_20,860242249,19600613,Unknown,4,Mexican,nationality,( b ) the relationship between Mexican employment trends and wage trends in areas using Mexican workers : ( c ) differences in wage and earning levels of workers on farms using [MASK] labor compared with nonusers .,2.4637995466036955e-07,3.315376204682252e-07,3.227872369393481e-08,3.783656765676824e-08,1.2300208709348226e-06,7.574221427830707e-08,1.0624765991451568e-06,3.8649275779789605e-08
890034230_45,890034230,19650406,D,0,Mexican,nationality,Now the subsidy is goneand American farmers must seek American workers to fill American farm jobs once filled by lowly paid [MASK] labor .,0.000298119819490239,3.763386848731898e-05,6.666006356681464e-06,4.2274032239220105e-06,0.0009419587440788746,3.971133992308751e-06,0.0011259331367909908,3.6565586469805567e-06
870045384_18,870045384,19610510,D,0,Mexican,nationality,Apparently there was no need for [MASK] seasonal workers up to World War 2 . when this program got its foot in the door due to a wartime shortage of domestic or domestic agricultural labor .,2.697994204936549e-05,1.844147664087359e-05,1.23920972328051e-05,2.3115055228117853e-05,1.7825132090365514e-05,2.6552900180831784e-06,0.0007453374564647675,6.2473054640577175e-06
870045384_18,870045384,19610510,D,1,Mexican farmworkers,nat_role,By playing off Mexican [MASK] against our own . the net effect is to exert economic pressure against the agricultural workers of our country .,6.337452214211226e-05,0.0015693260356783867,0.0002368253335589543,0.0001083290480892174,0.0012336870422586799,2.0859233700321056e-05,0.0398593433201313,0.001040753209963441
870045384_18,870045384,19610510,D,2,Mexican,nationality,The whole case for the continuation of the [MASK] farm labor program is rooted in expediency .,5.3998068324290216e-05,6.900887456140481e-06,8.577373591833748e-06,3.114391802228056e-05,6.096837387303822e-05,6.911012405907968e-06,0.0010651424527168274,1.6663600490574026e-06
880110371_40,880110371,19631031,D,0,Mexican workers,nat_role,I want to quote what he said : The President also directed the Secretary of Labor to use the full scope of his authority under the law to institute policies which would safeguard domestic workers against adverse effect resulting from the use of Mexican [MASK] .,0.00016366784984711558,0.0009435854735784233,5.33286074642092e-05,5.144505394127918e-06,0.0013576929923146963,6.498209586425219e-06,0.004615850280970335,8.767445251578465e-06
880110371_40,880110371,19631031,D,1,alien,direct,The availability of a large supply of [MASK] workers has created an anomalous situation in our agricultural labor market seriously interfering with the free interplay of supply and demand .,0.0002579618594609201,7.284644379979e-05,1.7874839613796212e-05,3.8430571294156834e-06,0.0005933226202614605,8.82393851497909e-06,0.00016516880714334548,2.335719955226523e-06
880110371_40,880110371,19631031,D,2,alien,direct,The certification which permits the admission of any [MASK] workers into the United States for temporary employment must essentially be conditioned upon a shortage of available domestic labor .,9.947371836460661e-06,1.5665573300793767e-05,2.9451878162944922e-06,9.172330805995443e-07,2.0767223759321496e-05,2.1580970042123226e-06,0.00013388415391091257,3.014831690961728e-06
880078788_53,880078788,19630815,R,0,Mexican nationals,nat_role,The use of Mexican [MASK] in the type of work under discussion has declined in the last few years . but they are still very much needed in certain areas and for certain crops .,0.0006863906746730208,0.0001583685225341469,8.260224421974272e-05,3.5934233892476186e-05,0.0015860339626669884,8.498746319673955e-05,0.0008548468467779458,5.311590030032676e-06
880078788_53,880078788,19630815,R,1,Mexican workers,nat_role,Peak employment under the program essentially as it exists today was in 1959 . when 291.000 Mexican [MASK] were used in this country .,0.00016923068324103951,0.0005995422834530473,1.3716105058847461e-05,6.505180863314308e-06,0.0031840959563851357,3.727029979927465e-05,0.033235639333724976,1.2883550652986742e-06
870126974_5,870126974,19610908,Unknown,0,Mexican,nationality,This bill would extend the [MASK] farm labor program for 2 years and make a number of improvements in the program .,6.391503848135471e-05,4.972947863279842e-06,2.958528057206422e-06,6.3900106397341006e-06,1.4904806448612362e-05,3.817233391600894e-06,0.0014854128239676356,9.295576433032693e-07
870126974_5,870126974,19610908,Unknown,1,Mexican,nationality,The [MASK] farm labor program was authorized in 1951 by Public Law 78 of the 82d Congress .,2.034896533587016e-05,3.2027101042331196e-06,4.262034508428769e-06,1.4873864529363345e-05,1.3092619155941065e-05,5.248020897852257e-06,0.004564780276268721,1.6096398667286849e-06
870126974_5,870126974,19610908,Unknown,2,Mexican workers,nat_role,Pursuant to this agreement . as well as the law . a number of assurances are provided for the protection of the Mexican [MASK] . including a guarantee by the Secretary of the payment of wages and transportation by farm employers .,0.001621840987354517,0.00013198383385315537,9.20831644179998e-06,4.459242336452007e-05,0.00013362687604967505,1.8076738342642784e-05,0.009547721594572067,3.3085707400459796e-05
870126974_5,870126974,19610908,Unknown,3,Mexican workers,nat_role,Employers who employ Mexican [MASK] are required to indemnify the United States for its guarantee of their contracts and to pay into a revolving fund a fee for each worker to support the program financially .,2.3948017769725993e-05,5.180639618629357e-06,3.7684626477130223e-06,1.1234350267841364e-06,2.2740998247172683e-05,4.611810709320707e-06,0.0015555531717836857,9.686585826784722e-07
870127277_26,870127277,19610908,R,0,Mexican nationals,nat_role,Growers are presently required to furnish transportation for Mexican [MASK] to and from reception centers .,0.0016424458008259535,0.002981550758704543,0.00024056779511738569,2.572087942098733e-05,0.00016060109192039818,1.1606247426243499e-05,0.006046045571565628,1.6734142036511912e-06
870127277_26,870127277,19610908,R,1,Mexican nationals,nat_role,Mexican [MASK] are guaranteed the opportunity to work at least threefourths of the work days in the contract period . which usually has a minimum of 6 weeks .,2.7648857212625444e-06,5.089738806418609e-06,3.5127123965139617e-07,7.547651534878241e-07,2.262579437228851e-05,2.5805827590374975e-06,0.0008288096287287772,1.0961559837596724e-06
870127277_26,870127277,19610908,R,2,Mexican workers,nat_role,If Mexican [MASK] are offered employment for less than 64 hours in any 2week period . they are entitled to subsistence during Idle days at the employers expense .,2.6920574782707263e-06,4.9126251724374015e-06,6.241192522793426e-07,1.5538957995886449e-06,1.102557416743366e-05,1.6944484286796069e-06,0.0006513718981295824,6.234142801986309e-07
870127277_26,870127277,19610908,R,3,Mexicans,nationality,[MASK] must be provided with free housing .,0.0002248579985462129,7.722715963609517e-06,8.316368621308357e-06,3.330349500174634e-06,4.628526767191943e-06,6.063007276679855e-06,0.00011528926552273333,1.7970301087189e-06
870127277_26,870127277,19610908,R,4,Mexicans,nationality,Because of the complication of computing housing costs and conditions and because the [MASK] who come into the United States under Public Law 78 are single men .,7.595681381644681e-05,1.544387123431079e-05,2.847087125701364e-05,4.8215268179774284e-05,3.4399155993014574e-05,8.832711500872392e-06,0.0019270755583420396,5.059004706708947e-06
880078714_44,880078714,19630815,D,0,migrant,direct,I wish that we could bring about a substantial improvement in the wages and living conditions of the [MASK] worker .,4.610402538673952e-05,4.276266190572642e-05,4.130362503929064e-05,3.2602387364022434e-05,0.0005522081046365201,7.214131528598955e-06,0.00025807967176660895,6.920721716596745e-06
880078714_44,880078714,19630815,D,1,Migrant,direct,[MASK] workers deserve better treatment . but they will not get it merely by cutting off the Mexican labor program .,3.275414883319172e-06,3.1045492505654693e-06,3.4955771752720466e-06,4.933677928420366e-07,1.2750228052027524e-05,8.659071681904607e-07,3.387384640518576e-05,4.859335831497447e-07
880078714_44,880078714,19630815,D,2,Mexican,nationality,Migrant workers deserve better treatment . but they will not get it merely by cutting off the [MASK] labor program .,0.0002226546494057402,2.1551004465436563e-05,3.148222458548844e-05,7.005763472989202e-05,0.0002231723046861589,1.6107620467664674e-05,0.0026393390726298094,1.2398327271512244e-05
880078714_44,880078714,19630815,D,3,Mexican workers,nat_role,Mexican [MASK] compete with machines . not with domestic workers .,2.8930435291840695e-05,9.669989231042564e-05,1.6557268054384622e-06,1.0290448244631989e-06,0.0016253584763035178,4.396365511638578e-06,0.0005954232183285058,2.3869849883340066e-06
860262556_17,860262556,19600628,R,0,Mexican nationals,nat_role,To replace the 437.600 Mexican [MASK] with the 427.000 domestic migrant workers would use up all of the available supply and leave a serious labor shortage in the remaining areas that have depended upon our domestic migratory labor .,1.9841654648189433e-05,1.5201571841316763e-05,3.6365827327244915e-06,3.1578367725160206e-06,1.681006142462138e-05,3.689801133077708e-06,0.0014498108066618443,2.8982119602005696e-06
860262556_17,860262556,19600628,R,1,migrant,direct,To replace the 437.600 Mexican nationals with the 427.000 domestic [MASK] workers would use up all of the available supply and leave a serious labor shortage in the remaining areas that have depended upon our domestic migratory labor .,1.1930450455110986e-05,1.8279273717780598e-05,1.5718609347459278e-06,8.680304745212197e-06,8.811266525299288e-06,6.22744096290262e-07,1.659414920140989e-05,7.657826586182637e-07
860262556_17,860262556,19600628,R,2,Mexican nationals,nat_role,The northwestern area of the United States employs very few Mexican [MASK] . the great majority of our migrant agricultural labor coming from Texas and other southwestern States .,1.2695101759163663e-05,8.76774538483005e-06,1.1732413440768141e-06,7.653652573935688e-07,1.0997284334735014e-05,1.5576647456327919e-06,0.0007468980620615184,3.78489716013064e-07
860262556_17,860262556,19600628,R,3,migrant,direct,The northwestern area of the United States employs very few Mexican nationals . the great majority of our [MASK] agricultural labor coming from Texas and other southwestern States .,4.090501897735521e-05,4.3876592826563865e-05,1.4395511698239716e-06,5.992104888719041e-06,2.733525434450712e-05,6.773746008548187e-07,0.00024162208137568086,6.227945505088428e-06
870127871_2,870127871,19610911,D,0,Mexican national,nat_role,President . some confusion has become evident as to whether the proposed amendment to section 505 . the amendment of the Senator from Minnesota . would confer upon the Secretary of Labor the authority to fix wages for either domestic or Mexican [MASK] agricultural workers .,2.865542955987621e-05,1.322084335697582e-05,2.5884203296300257e-06,5.85474117542617e-06,3.9376500353682786e-05,1.5207175465548062e-06,0.0011304416693747044,1.1039528544642963e-06
870127871_2,870127871,19610911,D,1,Mexican nationals,nat_role,Under section 503 of that act he may now prescribe wage criteria . which he finds necessary . in the determination of whether the employment of Mexican [MASK] in an area will adversely affect the wages and working conditions of our agricultural workers similarly employed .,6.462587043642998e-05,1.1050211469409987e-05,6.049669082131004e-06,1.289227043343999e-06,4.809584061149508e-05,2.9206635190348607e-06,0.006002284586429596,1.4603508589061676e-06
870127871_2,870127871,19610911,D,2,Mexican,nationality,He is . however . advocating that a congressional standard be written into the law to relieve him from the litigation and the pressures and protests of users of [MASK] labor whenever he has taken any steps to give meaning and effect to the mandate of the Congress that he must not permit the employment of Mexican workers in any area unless he has assured himself that their employment will not adversely affect the wages . hours . and working conditions of our own workers .,1.5188476936600637e-05,2.1195323824940715e-06,3.0791380822847714e-07,9.998882433137624e-07,2.0193248928990215e-05,4.285373620405153e-07,3.442684101173654e-05,3.5527796171663795e-07
870127871_2,870127871,19610911,D,3,Mexican workers,nat_role,He is . however . advocating that a congressional standard be written into the law to relieve him from the litigation and the pressures and protests of users of Mexican labor whenever he has taken any steps to give meaning and effect to the mandate of the Congress that he must not permit the employment of Mexican [MASK] in any area unless he has assured himself that their employment will not adversely affect the wages . hours . and working conditions of our own workers .,6.83818916513701e-06,5.996368599880952e-06,4.209103963148664e-07,1.4475506304734154e-07,2.256670268252492e-05,8.622436098448816e-07,0.0006000060820952058,4.2394819388391625e-07
820083470_3,820083470,19510630,D,0,Mexican workers,nat_role,So all those requirements must be met before the Secretary of Labor can ccrtify that Mexican [MASK] are needed .,4.839385292143561e-05,0.0002829505247063935,4.28266730523319e-06,1.9919343685614876e-05,0.00040981420897878706,2.5715455649333308e-06,0.006836703047156334,1.2323906958044972e-05
880078780_50,880078780,19630815,D,0,Mexican,nationality,It is said that under subsection ( 2 ) of section 503 of the act permitting the use of [MASK] farm laborers the Secretary of Labor must certify that the employment of such workers will not adversely affect the wages and working conditions of domestic agricultural workers similarly employed .,6.494092667708173e-05,1.5188534234766848e-06,4.695996551618009e-07,3.6649549883804866e-07,8.948397407948505e-06,8.254542649410723e-07,2.1002109861001372e-05,5.855139306731871e-07
880078780_50,880078780,19630815,D,1,Mexican,nationality,House hearings revealed that many employers of the bracero systematically refuse work to domestic farmworkers or harass them into quitting once they are hired in order to take advantage of the ready supply of cheap [MASK] labor .,0.0011167466873303056,2.3716664145467803e-05,4.923668711853679e-06,4.44347460870631e-06,0.003056407906115055,3.999465207016328e-06,0.000342071580234915,1.8983580503117992e-06
860263813_20,860263813,19600629,D,0,Mexican,nationality,I think what the gentleman from Rhode Island is afraid of is that some of these socalled [MASK] braceros are going to take away some American jobs .,0.00013306541950441897,0.00011664665362332016,6.836155080236495e-05,1.5013833035482094e-05,0.0001231624628417194,4.247450124239549e-05,0.0014994069933891296,1.7991873392020352e-05
860263813_20,860263813,19600629,D,1,Mexican national,nat_role,The Secretary of Labor administers this program . and he must solemnly certify that there is no local worker available for a job . before it may be offered to a Mexican [MASK] .,9.653345841798e-06,2.869778654712718e-05,2.1108878627273953e-06,1.3515355021809228e-06,5.8344776334706694e-05,5.3063481573190074e-06,0.0019052930874750018,4.461086064111441e-06
870141031_21,870141031,19610922,D,0,Mexican workers,nat_role,However . it appears that Mexican [MASK] have been made available under the program for the operation of tractors and other machinery .,0.00048481530393473804,0.005573055241256952,5.649470040225424e-06,1.9512757717166096e-05,0.024838076904416084,6.1379159888019785e-06,0.002461156342178583,1.2774898095813114e-05
870141031_21,870141031,19610922,D,1,Mexicans,nationality,The conference report would reserve these better jobs for domestic workers and restrict the employment of [MASK] to the less desirable jobs for which domestic workers are not available .,1.943885763466824e-05,4.352147243480431e-06,3.1401805244968273e-06,5.856906000190065e-07,1.4138809092401061e-05,2.104092573063099e-06,0.00012054043327225372,1.6625123180347146e-06
870141031_21,870141031,19610922,D,2,Mexican workers,nat_role,"The conference substitute would further restrict the employment of Mexican [MASK] recruited under Public Law 78 by eliminating the employment just described from the definition of "" agricultural employment .",4.5388154831016436e-05,2.1000701053708326e-06,6.365139597619418e-07,5.853455036231026e-07,1.1296196134935599e-05,1.3168133818908245e-06,0.004460891708731651,6.19592583461781e-07
860094354_39,860094354,19590715,D,0,Mexican,nationality,President . the recent accident which took the lives of 16 [MASK] farm workers in Arizona is a reminder of the need for protective regulations in this area .,0.0007258661789819598,1.7474138076067902e-05,6.905323516548378e-06,4.124481347389519e-05,8.586848707636818e-05,1.43360221045441e-05,0.00045555699034594,2.150647560483776e-06
880110371_40,880110371,19631031,D,0,Mexican workers,nat_role,I want to quote what he said : The President also directed the Secretary of Labor to use the full scope of his authority under the law to institute policies which would safeguard domestic workers against adverse effect resulting from the use of Mexican [MASK] .,0.0001636665256228298,0.0009435776737518609,5.3328763897297904e-05,5.144492206454743e-06,0.0013576860073953867,6.498181846836815e-06,0.004615854471921921,8.767406143306289e-06
880110371_40,880110371,19631031,D,1,alien,direct,The availability of a large supply of [MASK] workers has created an anomalous situation in our agricultural labor market seriously interfering with the free interplay of supply and demand .,0.0002579622669145465,7.284637831617147e-05,1.7874783225124702e-05,3.843061676889192e-06,0.0005933241918683052,8.823913958622143e-06,0.0001651686179684475,2.3357079044217244e-06
880110371_40,880110371,19631031,D,2,alien,direct,The certification which permits the admission of any [MASK] workers into the United States for temporary employment must essentially be conditioned upon a shortage of available domestic labor .,9.947352737071924e-06,1.5665560567867942e-05,2.9451859973050887e-06,9.172300110549259e-07,2.0767201931448653e-05,2.1580876818916295e-06,0.00013388438674155623,3.0148321457090788e-06
870127106_8,870127106,19610908,D,0,Mexican,nationality,The [MASK] Government will not permit its nationals to work in the United States for less than 50 cents an hour .,8.030692697502673e-07,1.6821651342979749e-06,1.5907306760709616e-06,9.29919167447224e-07,1.7939510144060478e-07,5.450916660265648e-07,2.6205041194771184e-06,7.952043006298481e-07
870127106_8,870127106,19610908,D,1,Mexican nationals,nat_role,So in this case the wage demanded and received by the Mexican [MASK] who come here under contract is 50 cents an hour .,8.369929673790466e-06,9.864911589829717e-06,3.628211118211766e-07,6.056815777810698e-07,1.4210694644134492e-05,1.0243003316645627e-06,0.005357099696993828,4.1305915488010214e-07
870127106_8,870127106,19610908,D,2,migrant,direct,In some cases . there are no Americans . either [MASK] or nonmigrant performing the work . so the prevailing wage of the Mexican worker becomes the prevailing wage for that area .,2.06062486540759e-06,2.6955847715726122e-05,5.379171398089966e-06,9.474418902755133e-07,2.179695002269e-06,2.27320037993195e-06,0.00022262682614382356,1.8782225197355729e-06
870127106_8,870127106,19610908,D,3,Mexican worker,nat_role,In some cases . there are no Americans . either migrant or nonmigrant performing the work . so the prevailing wage of the Mexican [MASK] becomes the prevailing wage for that area .,1.7098129319492728e-05,2.5547338736942038e-05,2.6511727355682524e-06,8.494613211951219e-06,6.26932451268658e-05,2.0688452423200943e-05,0.005739950109273195,6.883516562083969e-06
870114925_5,870114925,19610825,D,0,Mexican nationals,nat_role,No Mexican [MASK] were to be brought into this country for agricultural work unless the Secretary of Labor determined that there a shortage of domestic workers existed and that the employment of Mexican nationals would not adversely affect the wages and working conditions of domestic workers .,1.8732492890194408e-06,6.222994215931976e-06,4.996985936145393e-08,2.018668254777367e-08,1.170624045698787e-06,1.40816140969946e-07,0.00012427344336174428,8.030186648966264e-08
870114925_5,870114925,19610825,D,1,Mexican nationals,nat_role,No Mexican nationals were to be brought into this country for agricultural work unless the Secretary of Labor determined that there a shortage of domestic workers existed and that the employment of Mexican [MASK] would not adversely affect the wages and working conditions of domestic workers .,3.829128672805382e-06,5.176620561542222e-06,2.0223899355187314e-07,1.633279396173748e-07,4.851671747019282e-06,8.489461720273539e-07,0.0006207132246345282,2.718958853620279e-07
870114925_5,870114925,19610825,D,2,Mexican nationals,nat_role,During the 10 years the program has been in effect the average number of workers employed on farms has decreased from 9.5 million to 7.1 million . but during the same period the number of Mexican [MASK] brought into the United States increased from less than 200.000 annually in 1951 and 1952 to over 430.000 annually for the years 1956 through 1959 .,8.649672236060724e-05,6.31247166893445e-05,4.842094313062262e-06,5.7795972452368e-07,1.1064063073717989e-05,9.901306839310564e-06,0.0010587949072942138,2.3487940836730559e-07
880049963_8,880049963,19630529,D,0,Mexicans,nationality,The law restricts the use of [MASK] to areas and situations where the Secretary of Labor has found that no American citizens are ready . willing . or able to do the needed work .,0.0005059436080045998,0.0001097854838008061,2.613101969473064e-05,9.55707291723229e-05,0.00394147215411067,7.764413021504879e-05,0.09688584506511688,0.0002035497163888067
880049963_8,880049963,19630529,D,1,Mexican workers,nat_role,The Secretary must also find that the employment of Mexican [MASK] will not adversely affect the wages and working conditions of American farmworkers and that farmers have made reasonable efforts to obtain domestic labor .,0.00015703307872172445,4.742957571579609e-06,4.8604879339109175e-06,7.822891916475783e-07,3.063324038521387e-05,3.308035275040311e-06,0.003633724059909582,9.527310567136738e-07
870142315_2,870142315,19610923,Unknown,0,Mexican nationals,nat_role,represents a California district where braceros ( imported Mexican [MASK] ) are used in great numbers .,0.000526751100551337,0.005725057329982519,6.319998647086322e-05,1.8332781110075302e-05,0.00039245805237442255,2.9470516892615706e-05,0.004798803478479385,5.749481715611182e-06
870142315_2,870142315,19610923,Unknown,1,Mexican,nationality,Although the [MASK] farm labor program was not intended to displace domestic workers or to depress their wages . these results in fact have occurred .,3.8344333006534725e-05,6.491634394478751e-06,1.2701239029411227e-05,6.619890336878598e-05,5.4092673963168636e-05,2.5232431653421372e-05,0.0010565125849097967,2.4152661808329867e-06
870142315_2,870142315,19610923,Unknown,2,Mexican,nationality,Department of Labor studies demonstrate conclusively that wages in the majority of areas where [MASK] farm laborers are employed have not kept pace with the rise of farm wages nationally .,7.071438449202105e-05,1.0542044037720188e-05,3.973607817897573e-06,1.5128683116927277e-05,3.585902595659718e-05,1.9936180706281448e-06,8.893065387383103e-05,3.46976776199881e-06
870142315_2,870142315,19610923,Unknown,3,Mexicans,nationality,In 1960 while over 300.000 [MASK] were imported into this country to work in the fields of California .,0.00018757811631076038,1.6683125068084337e-05,4.062765128765022e-06,1.16966884888825e-05,0.0003860529977828264,1.1145453754579648e-05,0.0012701632222160697,1.6568044713949348e-07
820083581_8,820083581,19510630,R,0,Mexican laborers,nat_role,The Secretary of Labor also has to determine that the employment of such Mexican [MASK] will not adversely affect the wages and working conditions of domestic agricultural workers similarly employed .,6.662889063591138e-05,7.668971193197649e-06,2.435898750263732e-06,7.780444661875663e-07,5.4275955335469916e-05,2.5824074327829294e-06,0.0006097665173001587,4.2563619899738114e-06
870127106_21,870127106,19610908,D,0,Mexican nationals,nat_role,The amendment simply provides that an employer must offer and pay Mexican [MASK] who are imported into the United States wages at least equal to 90 percent of the State or National average rate for hourly farmwork . whichever is the lesser .,1.6856483853189275e-05,2.7668829716276377e-05,1.1444598158050212e-06,1.664791682287614e-07,3.216109007553314e-06,1.6069215007519233e-06,0.0009221552172675729,8.42113934140798e-08
870127106_21,870127106,19610908,D,1,Mexican nationals,nat_role,The table which I will include in the RECORD is clear evidence that if my amendment were now in force . the effect of the amendment would be moderate . and that it would not impose any undue hardship upon persons who employ Mexican [MASK] .,0.00020455372577998787,0.0008614752441644669,0.00024768817820586264,4.946713943354553e-06,0.002315963851287961,4.2055180529132485e-06,0.01007820013910532,9.272489478462376e-06
870127106_21,870127106,19610908,D,2,Mexican nationals,nat_role,In the State of Arizona . for example . where in 1960 some 14.000 Mexican [MASK] were employed at the peak of their employment . and overall some 19.000 were employed . the lowest wage rate which was paid to U.S. workers for work in which the Mexican nationals were also employed was 70r cents an hour .,3.433684412357252e-07,7.536144153164059e-07,6.057921808633182e-08,1.9505056059188064e-07,1.4019584568814025e-06,6.897839170960651e-07,0.00022477810853160918,9.12390447638245e-08
870127106_21,870127106,19610908,D,3,Mexican nationals,nat_role,In the State of Arizona . for example . where in 1960 some 14.000 Mexican nationals were employed at the peak of their employment . and overall some 19.000 were employed . the lowest wage rate which was paid to U.S. workers for work in which the Mexican [MASK] were also employed was 70r cents an hour .,1.279795469599776e-06,1.274327246392204e-06,1.0261560134949832e-07,7.638298029633006e-07,1.57029103320383e-06,1.472178610129049e-06,0.0001833006099332124,4.248423124408873e-07
870056474_5,870056474,19610526,D,0,Mexican national,nat_role,My work with these problems . as chairman of this subcommittee . has convinced me that one of the most urgent problems facing agricultural workers generally . and migratory agricultural workers particularly . is the effect of the Mexican [MASK] importation program on the employment opportunities of domestic agricultural workers .,0.000698335818015039,0.0014785893727093935,0.00018106123025063425,5.489237082656473e-06,8.619334403192624e-05,8.177095878636464e-05,0.0004925857065245509,2.8326246592769166e-06
870056474_5,870056474,19610526,D,1,Mexican nationals,nat_role,In 1951 . shortly after the beginning of the Korean conflict . the Congress enacted Public Law 78 . which provides for the importation of Mexican [MASK] for the purpose of temporary agricultural employment in the United States .,0.0038653567899018526,0.006857501342892647,2.511419734219089e-05,3.347068741277326e-06,0.00017188311903737485,2.3263293769559823e-05,0.0032056793570518494,8.438522627329803e-07
880078714_11,880078714,19630815,D,0,migrant,direct,Every Member of this body would . of course . like to improve the conditions of domestic [MASK] workers .,0.0004217696550767869,0.00025564609677530825,1.0970882613037247e-05,5.818405043100938e-06,0.0003718638326972723,1.7400308934156783e-05,0.005095860455185175,1.5542060282314196e-05
880078714_11,880078714,19630815,D,1,Mexican,nationality,To improve their lot and enable them to enjoy more of the better things in life now available every day to the average American will not be achieved merely by cutting off the [MASK] labor program .,0.00014458141231443733,2.0497442164923996e-05,1.8076570995617658e-05,4.078200799995102e-05,0.0007513205637224019,1.3225939255789854e-05,0.005791150499135256,1.4210228982847184e-05
880078714_11,880078714,19630815,D,2,Mexican,nationality,I fail to see how eliminating the [MASK] labor program will have any appreciable effect on the wages or conditions of employment for domestic farmworkers .,0.0005484382854774594,1.294218236580491e-05,2.4472308723488823e-05,4.763695324072614e-05,0.00022852759866509587,3.788282265304588e-05,0.002279696986079216,9.132633749686647e-06
880078714_11,880078714,19630815,D,3,Mexicans,nationality,Ample statutory and regulatory safeguards have been erected to prevent the use of [MASK] to replace domestic workers or their having any adverse effect on wages and working conditions .,0.001167931710369885,0.00017276383005082607,0.0004032761207781732,8.215056004701182e-05,0.060983359813690186,0.0003432133235037327,0.07157725840806961,0.00013768053031526506
880078714_11,880078714,19630815,D,4,migrants,direct,It makes little sense to cut off this program as a meaningless gesture of sympathy to the domestic [MASK] .,0.003968697041273117,0.0003773841599468142,0.0005879967357032001,0.00020304362988099456,0.0017107798485085368,0.0017993777291849256,0.017634324729442596,0.0025510808918625116
880078607_14,880078607,19630815,D,0,Mexican,nationality,The wages earned by male migratory workers in America in 1961 were less than their aVerage wages in 1952 . when the [MASK] farm labor program began .,2.000813401537016e-05,4.529244961304357e-06,7.567064130853396e-06,6.123238563304767e-05,1.3601506907434668e-05,3.4834592952392995e-05,0.002189922844991088,7.300472475435527e-07
880078607_14,880078607,19630815,D,1,Mexican,nationality,In a period of approximately 10 years male migratory farmworkers in America are now receiving lower wages than they received in 1952 . whenthe [MASK] farm labor program began .,0.00014554882363881916,1.6691095879650675e-05,2.5430057576159015e-05,9.993204002967104e-05,2.3726364815956913e-05,2.8267550078453496e-05,0.001357161090709269,2.7497301289258758e-06
890018906_5,890018906,19650303,Unknown,0,Mexican nationals,nat_role,Public Law 78 . has now changed his mind . admitted that he was wrong and now has urgently petitioned the Secretary of Labor to admit Mexican [MASK] to prevent drastic crop spoilage in California .,0.00010938157356576994,5.772172880824655e-05,1.862721001089085e-05,2.150697218894493e-05,5.8581870689522475e-05,3.678132088680286e-06,0.010648341849446297,2.3676524506299756e-05
890018906_5,890018906,19650303,Unknown,1,Mexican workers,nat_role,He now sees employment going downnot up -- as a result of the exclusion of Mexican [MASK] .,8.217151844291948e-06,4.896678001387045e-05,4.857296062255045e-06,8.72061173140537e-06,1.3594578376796562e-05,4.398219061840791e-06,0.00055549485841766,9.663503988122102e-06
870127246_20,870127246,19610908,D,0,Mexican workers,nat_role,Secretary Goldberg went on to summarize the problemwhich I think is of concern to usof administrative difficulty . and asked that we clarify and establish workable standards : In far too many areas employers have not . since the inception of this program . voluntarily introduced any wage increases and have vigorously opposed any efforts of the Department to give meaning and effect to the statutory responsibility of the Secretary not to make Mexican [MASK] available under circumstances which would adversely affect the wages and working conditions of our own agricultural workers .,0.00013115022738929838,0.002684579463675618,4.08321693612379e-06,2.050469902314944e-06,0.0001829608518164605,6.932214091648348e-07,0.00018872982764150947,3.3897904359037057e-06
870127246_20,870127246,19610908,D,0,Mexican workers,nat_role,Secretary Goldberg went on to summarize the problemwhich I think is of concern to usof administrative difficulty . and asked that we clarify and establish workable standards : In far too many areas employers have not . since the inception of this program . voluntarily introduced any wage increases and have vigorously opposed any efforts of the Department to give meaning and effect to the statutory responsibility of the Secretary not to make Mexican [MASK] available under circumstances which would adversely affect the wages and working conditions of our own agricultural workers .,0.00013115022738929838,0.002684579463675618,4.08321693612379e-06,2.050469902314944e-06,0.0001829608518164605,6.932214091648348e-07,0.00018872982764150947,3.3897904359037057e-06
860263695_5,860263695,19600629,R,0,Mexican,nationality,In the first place . in a highly industrial State like my State of Michigan . where we have a substantial amount of unemployment in our large Industrial centers from time to time . and where we still use some 8.000 or more of these [MASK] contract laborers a year . our farmers have found it absolutely impossible to get reliable . skilled . trained domestic labor to perform many of these socalled stoop labor tasks involving the thinning of sugar beets . the picking of pickles . and the harvesting of cherries . apples . and so forth . from our various orchards and so forth .,0.0001601018593646586,5.901487747905776e-05,2.1652460418408737e-05,5.815519671159564e-06,0.001547010149806738,6.003318048897199e-06,0.00032210705103352666,7.471307981177233e-06
860263695_5,860263695,19600629,R,1,Mexican,nationality,Of course . the committee is well aware that the Department of Labor will not certify any grower for [MASK] contract labor unless all attempts to find domestic labor have been exhausted .,5.809606227558106e-05,6.046839916962199e-05,8.459989658149425e-06,1.2083922911187983e-06,2.445214158797171e-05,4.952295967086684e-06,3.6712121072923765e-05,1.8703701698541408e-06
860263695_5,860263695,19600629,R,2,Mexican,nationality,Our farmers . just like the farmers in other parts otthe country that use this [MASK] contract labor . have to rely on a steady . guaranteed . skilled source of supply . and there is absolutely no way they can get it except under a continuation of this program .,0.00018220172205474228,2.8606824344024062e-05,9.738134394865483e-05,4.287347837816924e-05,0.0003731115721166134,1.3652039342559874e-05,0.0003173564618919045,2.5385967092006467e-05
820165346_4,820165346,19520205,R,0,Mexican,nationality,The fact of the matter is that many of the farm groups . as well as some of those in the Labor Department . have told me that the wages paid were comparable to those paid to other labor . and that the [MASK] labor actually cost the farmer a little more than other labor would cost . because of the expense of bringing the labor in . the bond . and so forth .,0.0008286015945486724,0.0003858389100059867,2.3736534785712138e-05,6.3321140260086395e-06,0.0010919501073658466,8.33835219964385e-05,0.0006548945093527436,7.563497638329864e-05
820165346_4,820165346,19520205,R,1,Mexican,nationality,If [MASK] labor were allowed to come from the region immediately south of the border . the situation would not be quite so serious . because the agricultural problems in that region are . to some degree . at least . comparable to those in Imperial County .,0.0002926365123130381,2.49275253736414e-05,3.943280717066955e-06,2.661840699147433e-05,0.00010841854964382946,3.299681793578202e-06,0.0014626065967604518,3.7625136428687256e-06
820165346_4,820165346,19520205,R,2,Mexican,nationality,When [MASK] labor is brought from farther down in Mexico . many persons come into the United States who have not had very much agricultural experience under modern methods .,0.004585571587085724,7.83418508945033e-05,1.7882915926747955e-05,2.0545769075397402e-05,0.0009680449147708714,1.9754570530494675e-05,0.0005894326604902744,1.348841396975331e-05
820165346_4,820165346,19520205,R,3,Mexican,nationality,When [MASK] labor is employed in this country it accumulates a substantial number of dollars to take back to Mexico .,0.000561267021112144,5.44880167581141e-05,7.568405635538511e-06,1.0444297004141845e-05,0.0006919442676007748,9.858697012532502e-06,0.0007932099979370832,3.007361556228716e-06
820165346_4,820165346,19520205,R,4,Mexicans,nationality,I was given certain figures relative to the amounts which [MASK] had accumulated and taken back into Mexico .,6.770383333787322e-05,8.919456013245508e-05,3.779858525376767e-05,1.1795389582403004e-05,3.0209152100724168e-05,1.5197157154034358e-05,0.00023361013154499233,1.0195311915595084e-05
870127885_46,870127885,19610911,R,0,Mexican workers,nat_role,The committee has specified that Mexican [MASK] will not be available in any area unless reasonable efforts have been made to attract domestic workers at wages . standard hours of work . and working conditions comparable to those offered to Mexican workers .,2.979965302074561e-06,0.0003194453311152756,7.033526685518154e-07,1.7264502503167023e-06,7.689370977459475e-05,5.880551725567784e-07,0.0004290263168513775,2.3702327780483756e-06
870127885_46,870127885,19610911,R,1,Mexican workers,nat_role,The committee has specified that Mexican workers will not be available in any area unless reasonable efforts have been made to attract domestic workers at wages . standard hours of work . and working conditions comparable to those offered to Mexican [MASK] .,3.8026721540518338e-06,9.999484063882846e-06,7.336251428569085e-07,3.686973855110409e-07,7.500584160879953e-06,8.785249292486697e-07,0.0003494052798487246,6.039902018528664e-07
870127885_46,870127885,19610911,R,2,Mexican workers,nat_role,Mexican [MASK] . under the bill now before the Senate . will not be available for employment in other than temporary or seasonal occupations or to operate or maintain powerdriven machinery . unless a determination is made by the Secretary of Labor that to do otherwise would invoke an undue hardship .,1.2240958312759176e-05,8.811781299300492e-05,1.0178738193644676e-05,1.0318907698092517e-05,0.00011716290464391932,2.3818025510990992e-05,0.0038698422722518444,1.722001252346672e-05
820052274_22,820052274,19510507,D,0,Mexican,nationality,I realize there are certain practical difficulties involved in this problem . and I am quite agreeable to providing the expenses of maintaining a system under which the Federal Government may . agreeably to the [MASK] Government . get labor in Mexico at places where there is unemployment . transport such labor into the United States . and make it equally available to all . but I would not be willing . and I do not believe any other Senator understanding the situation would be willing . to vote for a system under which there would be paid transportation within the United States for 2.500 miles in each direction of labor brought in from Mexico . in order that they might work in fields . let us say . in Washington .,4.4956362899029045e-07,5.264092806100962e-07,5.426933284979896e-07,3.7661834539903793e-07,1.4482246797342668e-06,1.7178598454847815e-07,1.677942600508686e-05,7.767690135551675e-07
820052274_22,820052274,19510507,D,1,Mexicans,nationality,Idaho . or Oregonand I have nothing but the friendliest feelings for all those good Statesand at the same time no effort whatever would be made to reimburse the travel or other expense of domestic laborers who might have equally as great a desire to see that interesting part of the country and to work there for a few months in the summer or fall as would the [MASK] .,0.002844538539648056,0.0006146496743895113,0.00033654202707111835,0.0002847978612408042,0.00023061450337991118,2.7218044124310836e-05,0.012217378243803978,0.0001305306941503659
880126789_37,880126789,19631203,D,0,Mexican nationals,nat_role,All the defenses made for this program . and all the pleas to let the growers have Mexican [MASK] for 1 more year . can not hide the central fact that this program has depressed the economic and social conditions of domestic migratory workers .,0.001297805574722588,0.0023232148960232735,0.0004575558996293694,2.1396268493845128e-05,0.001117647043429315,3.312995613669045e-05,0.0005240989266894758,2.1255707451928174e-06
880126789_37,880126789,19631203,D,1,Mexican,nationality,In 1952 . when the [MASK] farm labor program went into effect . male migratory farmworkers in the Nation averaged $ 7.35 per day .,8.168943895725533e-05,2.7559756290429505e-06,9.391975254402496e-06,1.6122799934237264e-05,1.5414210793096572e-05,3.3147640351671726e-05,0.007660164963454008,5.417504667093453e-07
880126789_37,880126789,19631203,D,2,Mexican nationals,nat_role,During the last 10 years as many as 400.000 Mexican [MASK] annually have entered the United States under Public Law 78 to compete with Americans .,3.057073399759247e-06,5.356600468076067e-06,8.140260092659446e-07,1.0199915777775459e-05,6.993857368797762e-06,1.326007463831047e-06,0.0003870275686495006,2.1382136594638723e-07
880078704_5,880078704,19630815,D,0,Mexican worker,nat_role,That means that no small producer in the field of perishable commodities can possibly qualify to obtain one Mexican [MASK] .,1.288440944335889e-05,0.0007395448628813028,1.8126227132597705e-06,9.984662028728053e-06,0.00018321075185667723,4.079585323779611e-06,0.0002849050215445459,7.85062184149865e-06
880064907_7,880064907,19630715,Unknown,0,Mexican,nationality,The same source was quoted to show that California . the largest user of the imported [MASK] fieldhands . pays the highest farm wages in the Nation . the average composite wage being $ 1.33 an hour in this State .,0.0006960100145079195,0.0012479235883802176,0.0002994731767103076,7.269075013027759e-06,0.0010494544403627515,6.802055577281862e-05,0.001534840790554881,2.655958815012127e-05
870046473_14,870046473,19610511,D,0,Mexican nationals,nat_role,Mexican [MASK] should be confined to crops in temporary labor shortage situations and to unskilled nonmachine jobs .,3.677163476822898e-05,3.92484143958427e-05,6.220105660759145e-06,1.7624595329834847e-06,7.762538734823465e-05,6.9987472670618445e-06,0.004412694368511438,5.018631782149896e-06
870046473_14,870046473,19610511,D,1,Mexicans,nationality,The Secretary of Labor should be authorized to establish wage rates for [MASK] at prevailing levels in the area or in the closest similar area for like work . and at no less than a rate necessary to avoid adverse effect on domestic wage rates .,3.614980960264802e-05,9.01396488188766e-05,2.9736736451013712e-06,4.954751489094633e-07,4.9742793635232374e-05,6.20365256054356e-07,4.932066076435149e-05,2.043403810603195e-06
870046473_14,870046473,19610511,D,2,Mexicans,nationality,The Secretary should be authorized to insure active competition among employers for the available supply of U.S. workers by being empowered to refuse to certify employment of [MASK] unless ( a ) employers have made positive and direct recruitment efforts to obtain U.S. workers .,4.97412183904089e-05,8.691240509506315e-05,2.3328802853939123e-05,2.6037985207949532e-06,5.601142765954137e-05,1.399786924594082e-05,0.0007301198784261942,0.00010587430006125942
860263711_58,860263711,19600629,D,0,Mexican nationals,nat_role,There is no question but that the recruitment efforts demonstrated by New Mexico employers of Mexican [MASK] indicates willingness to hire domestic workers .,6.668351488769986e-06,3.249705696362071e-05,3.694933639053488e-06,1.1397618209230131e-06,1.3825461792293936e-05,1.325861717305088e-06,0.0010844131466001272,7.519336122641107e-07
860263711_58,860263711,19600629,D,1,Mexican,nationality,I believe it is incumbent upon the Congress of the United States to extend the [MASK] farm labor program in order to fill the need for farmworkers in many areas of the country . areas that can not otherwise come anywhere near to meeting the pressing problem .,1.198077188746538e-05,1.5787542224643403e-06,4.487643309403211e-06,4.667250323109329e-06,5.428434633358847e-06,1.517747023171978e-06,0.0004936348996125162,1.461715100958827e-06
860262476_47,860262476,19600628,D,0,Mexican nationals,nat_role,( c ) U.S. workers are provided benefits equivalent to those given Mexican [MASK] .,5.465856247610645e-06,8.981319842860103e-05,6.778012448194204e-06,1.7149286577478051e-06,3.034252131328685e-06,1.1318140877847327e-06,0.0005507968016900122,6.897826665408502e-07
860262476_47,860262476,19600628,D,1,Mexicans,nationality,( d ) Employers of [MASK] offer and pay U.S. workers wages which are not less than those paid to Mexicans . 4 .,2.262485622850363e-06,0.00016888824757188559,1.8650935089681298e-06,2.688053371002752e-07,1.1595493560889736e-05,6.39546101410815e-07,4.350543531472795e-05,1.4973268207540968e-06
860262476_47,860262476,19600628,D,2,Mexicans,nationality,( d ) Employers of Mexicans offer and pay U.S. workers wages which are not less than those paid to [MASK] . 4 .,4.393406015879009e-06,1.5193265426205471e-05,1.2606785730895353e-06,3.3658295706118224e-07,9.208523806591984e-06,3.0231490200094413e-06,5.7138742704410106e-05,5.653657808579737e-07
860262476_47,860262476,19600628,D,3,Mexicans,nationality,The Secretary should be empowered to set up standards for judging adverse effects resulting from employing [MASK] based on wages . earnings . and employment trends and levels . 5 .,0.0007549462607130408,5.36357874807436e-05,1.1147438272018917e-05,2.496178240107838e-06,0.0007019070326350629,2.7969912480330095e-05,0.0023337844759225845,4.675317904911935e-05
860262476_47,860262476,19600628,D,4,Mexican,nationality,A tripartite advisory group composed of members from management . labor . and the public should be established to advise the Secretary on the [MASK] farm labor program .,1.1659092706395313e-05,2.8654712878051214e-06,3.6400042517925613e-06,2.9238255592645146e-05,1.0188750820816495e-05,5.578768195846351e-06,0.00014312154962681234,8.494903340761084e-06
780024607_8,780024607,19430316,D,0,Mexicans,nationality,Of course . 50.000 [MASK] should prove to be of some service . but it would hardly be a drop in the bucket . it would add on an average of a little over 1.000 persons to the farm labor supply in each State . but we know they will not be distributed in each State . and this number will probably meet the needs in those States where farmers will accept and know how to handle this type of labor .,0.0008266210788860917,6.833358202129602e-05,4.331253148848191e-05,2.8221935281180777e-05,0.00035646281321533024,3.546208972693421e-06,0.0011779031483456492,1.4005985349285766e-06
870141374_114,870141374,19610922,D,0,Mexican,nationality,It is true that Public Law 78 . as it is presently written . does not specifically limit the employment of [MASK] labor to unskilled occupations . but it is our contention that it was the intent of Congress to so limit their employment .,0.00016991570009849966,1.4777557225897908e-05,3.394367922737729e-06,1.2422530744515825e-05,0.0004454535956028849,3.3932151382032316e-06,0.0008649920928291976,1.582995719218161e-05
870141374_114,870141374,19610922,D,1,Mexicans,nationality,The use of [MASK] for skilled work reduces the opportunities of domestic farmworkers to advance from unskilled to higher paid skilled jobs and tends to lower the wage levels of domestic farmworkers employed in skilled occupations .,0.0026975246146321297,0.00022735037782695144,2.6208519557258114e-05,2.419295924482867e-05,0.05672084540128708,3.6363708204589784e-05,0.0016930997371673584,1.9894017896149307e-05
870127182_1,870127182,19610908,R,0,Mexican,nationality,H.R. 2010 is clearly inadequate as a solution to the problem of preventing the competition of [MASK] bracero labor from disastrously undercutting wage standards and employment conditions of seasonal farm labor in the United States .,0.00028855502023361623,7.296267722267658e-05,2.6049759981106035e-05,1.7848926290753298e-05,7.245832239277661e-05,9.509440133115277e-06,0.00010125308472197503,1.0961900443362538e-05
870127182_1,870127182,19610908,R,1,Mexican,nationality,When Public Law 78 was enacted in 1951 for the regulation of [MASK] farm labor in this country . it was designed to provide a means of replacing the large numbers of domestic farm workers who were drafted during the Korean conflict .,0.00014172487135510892,5.101811893837294e-06,2.3880036223999923e-06,1.455487222301599e-06,5.167775088921189e-05,1.5363360716946772e-06,0.0016576575580984354,1.4414351880986942e-06
870127182_1,870127182,19610908,R,2,Mexican,nationality,The measure was not intended to create a permanent pool of inexpensive [MASK] labor to the detriment of American workers . but was rather a temporary measure to fill the gap caused by the increased draft .,2.0397736079758033e-05,3.258691867813468e-05,8.966280802269466e-06,1.2955498277733568e-05,0.0002661579637788236,6.539006790262647e-06,0.011075960472226143,3.7923864510958083e-06
880049963_8,880049963,19630529,D,0,Mexicans,nationality,The law restricts the use of [MASK] to areas and situations where the Secretary of Labor has found that no American citizens are ready . willing . or able to do the needed work .,0.0005059440154582262,0.00010978549835272133,2.613109609228559e-05,9.557081648381427e-05,0.003941481001675129,7.7644239354413e-05,0.09688560664653778,0.00020355000742711127
880049963_8,880049963,19630529,D,1,Mexican workers,nat_role,The Secretary must also find that the employment of Mexican [MASK] will not adversely affect the wages and working conditions of American farmworkers and that farmers have made reasonable efforts to obtain domestic labor .,0.00015703287499491125,4.742943474411732e-06,4.860474746237742e-06,7.822865200068918e-07,3.063317490159534e-05,3.308020950498758e-06,0.0036337189376354218,9.527276461085421e-07
820052594_6,820052594,19510507,D,0,Mexican worker,nat_role,If we should adopt the amendment of the distinguished Senator from Minnesota it would mean that before the Secretary of Labor could certify that a Mexican [MASK] is needed it would have to be shown that a domestic worker was offered everything offered to the Mexican workerthat is . his transportation . subsistence . housing . insurance against occupational risks . and everything of that kind .,6.8249482865212485e-06,1.811672882467974e-05,1.8925557014881633e-06,1.2843777312809834e-06,2.8146572731202468e-05,2.4716630377952242e-06,0.0010766234481707215,3.4667871204874245e-06
820052594_6,820052594,19510507,D,1,Mexican,nationality,If we should adopt the amendment of the distinguished Senator from Minnesota it would mean that before the Secretary of Labor could certify that a Mexican worker is needed it would have to be shown that a domestic worker was offered everything offered to the [MASK] workerthat is . his transportation . subsistence . housing . insurance against occupational risks . and everything of that kind .,1.064781281456817e-05,1.2790909750037827e-05,4.6294195499285706e-07,2.5169643436129263e-07,1.3912302165408619e-05,6.64874733047327e-07,5.5714168411213905e-05,1.6045711390688666e-06
880078746_19,880078746,19630815,R,0,Mexican,nationality,Remittances home from the braceros . estimated to average at least $ 100 per worker and possibly twice this amount . not only have often substantially supported their families and relatives . but have contributed notably to cover the [MASK] deficit in its trade and in repaying its loans .,9.127190423896536e-06,0.00012220270582474768,1.2445052561815828e-05,7.260935672093183e-05,1.527282438473776e-05,9.597688404028304e-06,3.844452294288203e-05,5.21129768458195e-05
880078746_19,880078746,19630815,R,1,Mexican workers,nat_role,The program also provides an important source of temporary employment for many thousands of Mexican [MASK] .,6.151095703899045e-07,2.956608398108074e-07,1.9157430131144793e-07,7.065607974254817e-07,5.644504312840581e-07,3.9114303262977046e-07,0.000664369435980916,8.10073217394347e-08
880078746_19,880078746,19630815,R,2,Mexican workers,nat_role,When it is recognized that the annual per capita income in many of the areas from which the Mexican [MASK] come is approximately $ 100 . it can readily be seen how important this supplemental income can be to Mexican workers .,1.7256855926461867e-06,6.930882591404952e-06,5.855991958014783e-07,2.202241603299626e-06,3.802281980824773e-06,5.411017127698869e-07,0.00035535977804102004,2.5303566530965327e-07
880078746_19,880078746,19630815,R,3,Mexican workers,nat_role,When it is recognized that the annual per capita income in many of the areas from which the Mexican workers come is approximately $ 100 . it can readily be seen how important this supplemental income can be to Mexican [MASK] .,9.067774954019114e-06,4.03410813305527e-05,7.144847131712595e-06,5.808526111650281e-06,1.5860456187510863e-05,4.6976748535598745e-07,0.00041914934990927577,1.5316296639866778e-06
880078746_19,880078746,19630815,R,4,Mexican workers,nat_role,This temporary program has thus fulfilled mutually satisfactory objectives : American farmers have been able to obtain temporary agricultural laborers and Mexican [MASK] have been able to earn a fair income under labor conditions satisfactory to both Governments . .The acting director said also : But I would also want to note that the sudden loss of the dollar income of Mexican workers would be a serious blow to their family income and constitute a significant loss of foreign exchange to Mexico .,3.9222930354299024e-05,2.0895404304610565e-05,1.715985149530752e-06,1.875598627520958e-06,1.9020881154574454e-05,1.2539516092147096e-06,0.0013351928209885955,5.147576302988455e-07
880078746_19,880078746,19630815,R,5,Mexican workers,nat_role,This temporary program has thus fulfilled mutually satisfactory objectives : American farmers have been able to obtain temporary agricultural laborers and Mexican workers have been able to earn a fair income under labor conditions satisfactory to both Governments . .The acting director said also : But I would also want to note that the sudden loss of the dollar income of Mexican [MASK] would be a serious blow to their family income and constitute a significant loss of foreign exchange to Mexico .,3.7573652662103996e-05,4.5430850150296465e-05,1.3012198678552522e-06,1.8979214928549482e-06,8.247186087828595e-06,7.918039273135946e-07,0.0023926598951220512,5.501439090949134e-07
880049948_8,880049948,19630529,D,0,Mexican workers,nat_role,And this is the Situation throughout the United States wherever Mexican [MASK] are imported to compete with our local people .,0.00019945664098486304,0.007338309660553932,5.8174915466224775e-05,7.357328740908997e-06,0.000281380518572405,4.9603245315665845e-06,0.0030040766578167677,3.0771443562116474e-06
870233703_50,870233703,19620718,D,0,Mexican,nationality,Secretary of Labor . at the hearings on the bill to extend the [MASK] farm labor program . on June 13 .,1.4726279005117249e-05,4.6044797272770666e-06,1.5989683106454322e-06,3.446323717071209e-06,1.0455622032168321e-05,2.8341783036012203e-06,0.001553632435388863,4.883795554633252e-07
870233703_50,870233703,19620718,D,1,Mexican,nationality,He said : The adverse effect of the [MASK] farm labor program as it has operated in recent years on the wage and employment conditions of domestic workers is clear and is cumulative in its impact .,2.9472492315107957e-05,1.4668622725366731e-06,1.2202284779050387e-05,1.6146343114087358e-05,1.748848990246188e-05,3.6339542930363677e-06,0.0003506997018121183,1.0204836371485726e-06
860263711_58,860263711,19600629,D,0,Mexican nationals,nat_role,There is no question but that the recruitment efforts demonstrated by New Mexico employers of Mexican [MASK] indicates willingness to hire domestic workers .,6.668297828582581e-06,3.249693691032007e-05,3.694919769259286e-06,1.1397642083466053e-06,1.3825409041601233e-05,1.3258572835184168e-06,0.0010844029020518064,7.519303153458168e-07
860263711_58,860263711,19600629,D,1,Mexican,nationality,I believe it is incumbent upon the Congress of the United States to extend the [MASK] farm labor program in order to fill the need for farmworkers in many areas of the country . areas that can not otherwise come anywhere near to meeting the pressing problem .,1.1980825547652785e-05,1.5787705933689722e-06,4.487676505959826e-06,4.667281245929189e-06,5.428462827694602e-06,1.5177583918557502e-06,0.0004936361219733953,1.4617262422689237e-06
870011183_17,870011183,19610216,D,0,Mexican nationals,nat_role,Obviously . if there is overcontracting for Mexican [MASK] . the result is that the labor market . which is in part supplied by domestic workers . will be oversupplied .,6.780692729080329e-06,0.00035472819581627846,2.3132522528612753e-06,3.098923571087653e-06,7.966315752128139e-05,1.3606340871774592e-06,0.00042541915900073946,2.4353430490009487e-06
870011183_17,870011183,19610216,D,1,Mexican nationals,nat_role,It is a matter for the Congress to clarify and to set proper regulations and safeguardsboth for the protection of Mexican [MASK] and also to make certain that the Mexican farm labor program is not misused to the detriment of domestic workers and domestic agriculture .,0.013807269744575024,0.001167207956314087,2.3158203475759365e-05,7.421217560477089e-06,6.563399801962078e-05,2.475119345035637e-06,0.0007139629451557994,7.0566120484727435e-06
870011183_17,870011183,19610216,D,2,Mexican,nationality,It is a matter for the Congress to clarify and to set proper regulations and safeguardsboth for the protection of Mexican nationals and also to make certain that the [MASK] farm labor program is not misused to the detriment of domestic workers and domestic agriculture .,3.7167112623137655e-06,2.151250328097376e-06,8.974060392574756e-07,1.2129851256759139e-06,2.1638609268848086e-06,4.2432463942532195e-07,2.2044516299501993e-05,5.581388222708483e-07
870141374_52,870141374,19610922,D,0,Mexican,nationality,These distinguished Americans . from varied backgrounds and varied points of view . arrived at the unanimous conclusion that the [MASK] farm labor program was undermining the already deplorable economic condition of American farmworkers .,9.553039490128867e-06,1.9543972484825645e-06,7.759641448501498e-05,2.7818463422590867e-05,8.642913599032909e-05,1.6168614820344374e-05,0.0006675907643511891,7.871933121350594e-06
870141374_52,870141374,19610922,D,1,Mexican,nationality,These four men were men of outstanding distinction and fairness . men who were looking for answers . not from the standpoint of any political advantage . but because they wanted to get the most honest and fair answers they could get . and they came to the unanimous conclusion that the [MASK] farm labor program was undermining the already deplorable economic condition of the American farmworkers .,2.1050331270089373e-05,3.256664058426395e-06,7.992814062163234e-05,2.6425406758789904e-05,3.895095142070204e-05,4.140429518884048e-05,0.0007163899135775864,8.80479819898028e-06
870141374_52,870141374,19610922,D,2,Mexican,nationality,WAGES A vast amount of evidence accumulated by the Department of Labor proves conclusively that the importation of [MASK] labor has had a definite adverse effect on the wages offered to American labor .,1.7075250070774928e-05,2.0674404368037358e-05,4.000968147011008e-06,6.859625614197284e-07,8.682063707965426e-06,2.101111704178038e-06,0.0001608401071280241,1.30745922888309e-06
710179551_b000,710179551,19300422,D,0,Mexicans,nationality,According to the statistics . 51 per cent of the men who work on the railroads at common labor are [MASK] .,1.7378846678184345e-05,1.4087992894928902e-05,3.2759930945758242e-06,2.1953626401227666e-06,4.8192938265856355e-05,2.9687505502806744e-06,0.0005135331302881241,1.558267854306905e-06
710179551_b000,710179551,19300422,D,1,Mexican,nationality,If it has to be treated like a hothouse plant . if we have to pamper the sugar industry by a high tariff that raises the price to the American consumer and then pamper it again by bringing in cheap or illiterate [MASK] labor . then I say we had better put our soil to some other use ..,0.00030877653625793755,1.727985181787517e-05,1.233838247571839e-05,3.968187684222357e-06,0.0013713636435568333,7.5089446909260005e-06,0.0009235903271473944,1.4534736010318738e-06
880078788_53,880078788,19630815,R,0,Mexican nationals,nat_role,The use of Mexican [MASK] in the type of work under discussion has declined in the last few years . but they are still very much needed in certain areas and for certain crops .,0.0006863890448585153,0.00015836865350138396,8.26020332169719e-05,3.5934310290031135e-05,0.001586036290973425,8.498757961206138e-05,0.000854848709423095,5.311594577506185e-06
880078788_53,880078788,19630815,R,1,Mexican workers,nat_role,Peak employment under the program essentially as it exists today was in 1959 . when 291.000 Mexican [MASK] were used in this country .,0.00016923110524658114,0.0005995435058139265,1.3716125977225602e-05,6.50518177280901e-06,0.0031841115560382605,3.727026341948658e-05,0.03323575109243393,1.288356315853889e-06
880049965_7,880049965,19630529,R,0,Mexicans,nationality,When our country Is faced with the problem of more than 4 million unemployed Americans . it clearly is not in the national interest to import a quarterofamillion [MASK] to additionally burden the internal labor market .,0.00011769683624152094,0.004229574929922819,0.00013278474216349423,6.120441685197875e-05,0.0005319632473401725,8.782531040196773e-06,0.0023982899729162455,0.00040754867950454354
880049965_7,880049965,19630529,R,1,Mexican,nationality,I feel a far better method of assuring an adequate work force for those farms where [MASK] labor has been employed would be for this Congress to enact a similar program of recruitment . transportation and contracts for American farm workers .,0.0019098062766715884,1.8347709556110203e-05,1.138055267801974e-05,1.0856170774786733e-05,0.00028753545484505594,1.2524165867944248e-05,0.0007002867059782147,4.442977115104441e-06
880049965_7,880049965,19630529,R,2,Mexican workers,nat_role,Because the hired labor costs of large corporationtype farms using Mexican [MASK] are less than those of competing family farms . the value of family farm labor becomes less .,0.00036875830846838653,0.00024705403484404087,1.9764547687373124e-05,3.149106305500027e-06,0.0028299714904278517,3.82595226255944e-06,0.0006079081213101745,1.2076915254510823e-06
880078624_33,880078624,19630815,D,0,Mexican workers,nat_role,It required employers to furnish the same working conditions to domestic and Mexican [MASK] .,1.1634588190645445e-05,6.1652681324630976e-06,5.944622785136744e-07,1.4745639020929957e-07,5.176602826395538e-06,3.3209067851203145e-07,0.0006037571001797915,2.6351747806074854e-07
880078624_33,880078624,19630815,D,1,Mexican workers,nat_role,The amendment proposed by the Senator from Minnesota would require employers . as a condition of obtaining Mexican [MASK] . to offer domestic workers occupational insurance . housing . transportation . and work guarantees comparable to those required to be furnished Mexican workers .,9.587572094460484e-06,0.0013842904008924961,5.278096523397835e-06,6.827250444985111e-07,2.1233434381429106e-05,1.2720479389827233e-06,0.00010656504309736192,3.3701617212500423e-06
880078624_33,880078624,19630815,D,2,Mexican workers,nat_role,The amendment proposed by the Senator from Minnesota would require employers . as a condition of obtaining Mexican workers . to offer domestic workers occupational insurance . housing . transportation . and work guarantees comparable to those required to be furnished Mexican [MASK] .,3.7863810575800017e-05,0.0022104778327047825,4.197458110866137e-06,5.026054168411065e-07,6.693800241919234e-05,3.377399252713076e-06,0.00024271638540085405,1.1588222150749061e-06
990083663_17,990083663,19850918,D,0,Mexicans,nationality,I would point out that Secretary of Labor James Mitchell . serving under a Republican administration . in 1959 had a study of the bracero program which said this : Studies of the Department of Labor have shown the wage rates paid to domestic workers by farmers who use [MASK] are generally lower than those paid by nonusers for comparable work in the same area .,0.0007509724237024784,4.1546238207956776e-05,7.286688742169645e-06,6.866113380965544e-06,0.006547568365931511,1.6945015886449255e-05,0.00023719979799352586,5.157258328836178e-06
870142253_51,870142253,19610923,D,0,Mexican workers,nat_role,I should like to read a paragraph from the Secretarys letter on this point : We do not believe that the bill as reported by the committee reaches the basic problems which stem from the largescale use of Mexican [MASK] . that is . the adverse impact that their employment has on wages . conditions of employment . and employment opportunities of our own workers .,1.8245131286676042e-05,9.624625090509653e-05,2.214935420852271e-06,1.2997846852158546e-06,8.392654854105785e-05,2.0276895611459622e-06,0.002342807361856103,9.028651675180299e-07
870142253_51,870142253,19610923,D,1,Mexican,nationality,The committees failure to accept your amendment which would require growers using [MASK] labor to pay them the average farm wage of their particular State or of the Nation . whichever is lower .,0.001013509463518858,4.435834398464067e-06,7.882390491431579e-06,7.510850082326215e-06,0.0016590888844802976,2.5963860025512986e-05,0.0005939417751505971,1.281693243981863e-06
870142253_51,870142253,19610923,D,2,Mexican,nationality,As you know . the effect of the [MASK] program in many areas has been to place a ceiling on the wages offered to U.S. workers . at the wage level at which Mexican workers are made available .,3.5161003324901685e-05,5.2556042646756396e-05,6.270563062571455e-06,4.7623729187762365e-05,4.290958167985082e-05,1.580037860549055e-05,0.00013872601266484708,4.643052307073958e-06
870142253_51,870142253,19610923,D,3,Mexican workers,nat_role,As you know . the effect of the Mexican program in many areas has been to place a ceiling on the wages offered to U.S. workers . at the wage level at which Mexican [MASK] are made available .,4.403466664371081e-05,0.006283908151090145,5.752585821028333e-06,1.7571874195709825e-06,0.00011554671073099598,1.9081207938143052e-06,0.0006984530482441187,5.363803211366758e-06
820077135_122,820077135,19510626,D,0,Mexican,nationality,This bill provides that the man who employs the [MASK] will pay all the costs . then it provides that he will pay the current wages in the community . and it provides that he shall not have the opportunity to recruit any Mexican until the Department of Labornot the State Department as some have suggested . not the Department of Agricu2 ture which might be accused of being biased toward the farmer . not somebody elsebut until the United States Department of Labor finds : First . that there are not enough American workers in the community to do the work . and . second . that the importation of Mexican nationals would not impair the wage standard or living conditions of Americans if those Mexican nationals were brought in .,0.0001605956204002723,4.009504664281849e-06,4.0328486647922546e-06,1.7932126183950459e-06,0.0020596638787537813,9.286115528084338e-06,0.00016624596901237965,8.522944199285121e-07
820077135_122,820077135,19510626,D,1,Mexican,nationality,This bill provides that the man who employs the Mexican will pay all the costs . then it provides that he will pay the current wages in the community . and it provides that he shall not have the opportunity to recruit any [MASK] until the Department of Labornot the State Department as some have suggested . not the Department of Agricu2 ture which might be accused of being biased toward the farmer . not somebody elsebut until the United States Department of Labor finds : First . that there are not enough American workers in the community to do the work . and . second . that the importation of Mexican nationals would not impair the wage standard or living conditions of Americans if those Mexican nationals were brought in .,0.0001628861209610477,7.570930029032752e-05,6.4704418036853895e-06,1.041170435200911e-06,0.0002567353658378124,1.3306013897818048e-05,0.0005482116248458624,5.148970558366273e-06
820077135_122,820077135,19510626,D,2,Mexican nationals,nat_role,This bill provides that the man who employs the Mexican will pay all the costs . then it provides that he will pay the current wages in the community . and it provides that he shall not have the opportunity to recruit any Mexican until the Department of Labornot the State Department as some have suggested . not the Department of Agricu2 ture which might be accused of being biased toward the farmer . not somebody elsebut until the United States Department of Labor finds : First . that there are not enough American workers in the community to do the work . and . second . that the importation of Mexican [MASK] would not impair the wage standard or living conditions of Americans if those Mexican nationals were brought in .,5.987167969578877e-05,0.0037033334374427795,5.75222520637908e-06,6.016605311742751e-07,4.8111003707163036e-05,4.212118255964015e-06,0.001346854493021965,6.382659876180696e-07
820077135_122,820077135,19510626,D,3,Mexican nationals,nat_role,This bill provides that the man who employs the Mexican will pay all the costs . then it provides that he will pay the current wages in the community . and it provides that he shall not have the opportunity to recruit any Mexican until the Department of Labornot the State Department as some have suggested . not the Department of Agricu2 ture which might be accused of being biased toward the farmer . not somebody elsebut until the United States Department of Labor finds : First . that there are not enough American workers in the community to do the work . and . second . that the importation of Mexican nationals would not impair the wage standard or living conditions of Americans if those Mexican [MASK] were brought in .,4.232879746268736e-06,6.864968599984422e-05,7.174103302531876e-07,4.2833579527723487e-07,5.169444193597883e-06,1.9149165382259525e-06,0.0002823838731274009,1.160227498075983e-06
820077135_122,820077135,19510626,D,4,Mexican national,nat_role,Those things have to be affirmatively found by the United States Department of Labor before any man can get a certificate to bring in a Mexican [MASK] .,0.00017751754785422236,0.0012724563712254167,3.4821459848899394e-05,5.011503617424751e-06,0.0006167474202811718,5.76416241528932e-05,0.0030069074127823114,5.362724914448336e-05
820077135_122,820077135,19510626,D,5,Mexican national,nat_role,After that has been found and after the American employer has brought the Mexican [MASK] in . the American employer has got to pay his transportation . his subsistence while he is bringing him in . provide him with a place to live when he gets there . and then he has to pay him current wages .,0.00015609600814059377,0.0011562660802155733,2.3273201804840937e-05,4.241943315719254e-06,0.00014612000086344779,7.113025640137494e-05,0.09173019975423813,3.783565261983313e-05
880049829_13,880049829,19630529,D,0,Mexican,nationality,The [MASK] Government handles the problem of locating qualified laborers in Mexico .,6.13735906540569e-08,9.605310680171897e-08,8.825990960303898e-08,7.890380970820843e-08,9.78392193928812e-08,3.087948030611187e-08,7.259191079356242e-07,5.9138631769428684e-08
880049829_13,880049829,19630529,D,1,Mexican workers,nat_role,Further . that bringing in the Mexican [MASK] will not have an adverse effect on the wages and working conditions of local workers .,1.8236873074783944e-05,8.107114990707487e-05,0.00027028165641240776,0.00012899489956907928,0.001050323829986155,2.175839472329244e-05,0.18792009353637695,0.00010177871445193887
870141030_15,870141030,19610922,D,0,Mexicans,nationality,Why should wages be raised when [MASK] can be obtained at the lower rate of pay ?,3.801305138040334e-05,0.008724366314709187,1.517798318673158e-05,1.974042970687151e-05,0.00014215856208465993,8.957243835538975e-07,0.0001278912095585838,2.6888781576417387e-05
860262589_21,860262589,19600628,D,0,Mexican nationals,nat_role,Only 2 percent of the Nations commercial farms employ Mexican [MASK] .,0.0004870014381594956,3.190088318660855e-05,6.289601969911018e-06,6.951270279387245e-07,0.0002573177625890821,8.294829058286268e-06,0.001370648038573563,7.852344765524322e-07
860262589_21,860262589,19600628,D,1,migrant,direct,To argue . as a few will do . that we must continue to import underpaid and underprivileged workers if the large scale farm operators are to survive . is to condemn American [MASK] farm laborers . and family farmers . to abject poverty .,0.000559584645088762,4.8530957428738475e-05,3.11081312247552e-05,4.838447057409212e-05,0.00016473126015625894,3.5360259062144905e-05,0.002297997009009123,2.7163690901943482e-05
860262589_21,860262589,19600628,D,2,Mexican,nationality,By providing for a gradual reduction in the importation of [MASK] contract labor over a 5year period . while reducing the adverse effects upon domestic farmworkers at the same time . it will cushion the readjustment to modern standards .,0.000460348732303828,7.572152389911935e-05,1.6938212866079994e-05,4.28907469540718e-06,7.025158265605569e-05,7.793539225531276e-06,0.00048292812425643206,5.4260867727862205e-06
870056474_11,870056474,19610526,D,0,Mexican nationals,nat_role,Despite this high rate of underemployment . 315.000 Mexican [MASK] were imported into the United States last year under the provisions of Public Law 78 .,0.00025758674019016325,0.000987927196547389,2.1457624825416133e-05,3.5977175230073044e-06,8.599152351962402e-05,5.894325295230374e-05,0.004693135153502226,1.192983745568199e-06
870056474_11,870056474,19610526,D,1,Mexican national,nat_role,As if this situation were not in itself serious enough . we are faced with the irony that Public Law 78 gives better protection to Mexican [MASK] farm laborers than we now accord our own citizens engaged in agricultural work .,2.9137590900063515e-05,2.2181789063324686e-06,1.6417395727330586e-06,4.788425940205343e-06,3.4519329346949235e-05,9.915208920574514e-07,0.0008725628140382469,7.468439093827328e-07
870056474_11,870056474,19610526,D,2,Mexican,nationality,The contract governing the employment of braceros provides them with workmens compensation . free housing while at employment centers . free transportation from [MASK] migrant stations to reception centers in the United States . guarantees of minimum work periods . and guarantees of wages not less than the prevailing wages paid to domestic farmworkers for similar work within the area of employment .,5.502138446900062e-05,3.187431866535917e-05,2.830314406310208e-05,2.74898593488615e-06,4.977076059731189e-06,4.42458076577168e-06,0.00024245558597613126,2.4679588932485785e-06
870056474_11,870056474,19610526,D,3,migrant,direct,The contract governing the employment of braceros provides them with workmens compensation . free housing while at employment centers . free transportation from Mexican [MASK] stations to reception centers in the United States . guarantees of minimum work periods . and guarantees of wages not less than the prevailing wages paid to domestic farmworkers for similar work within the area of employment .,1.2024885108985472e-05,0.0005732516874559224,3.633446112871752e-06,1.128625535784522e-05,2.7556654458749108e-05,7.09749065208598e-06,0.006876584142446518,3.3823914691311074e-06
870127173_26,870127173,19610908,D,0,Mexican nationals,nat_role,These data . covering the same State and the same work performed by Mexican [MASK] . show that the most common hourly wage rate paid American workers was about an average of 21 cents lower than the average hourly farm wage rate for the whole State .,3.63693857252656e-06,2.3919060367916245e-06,1.6256241508472158e-07,2.9371932441790705e-07,1.4219910553947557e-05,7.168479214669787e-07,0.00032446012482978404,1.9255352867730835e-07
870127173_26,870127173,19610908,D,1,Mexican nationals,nat_role,At the height of the season in October of 1960 . for example . more than 40 percent of all Mexican [MASK] employed in the United States were employed in this crop .,3.10040450131055e-05,6.7684172790904995e-06,5.973354291199939e-07,3.3235551200050395e-07,1.688318843662273e-05,1.2736340977426153e-06,0.0024890608619898558,1.2100839796858054e-07
860262579_54,860262579,19600628,D,0,Mexican worker,nat_role,I would point out that these improvements . whatever they may be . inure to the benefit of the Mexican [MASK] . not to the domestic farmworker .,0.00035929569276049733,2.0477151338127442e-05,3.8521997339557856e-05,0.00011408219143049791,0.0002790768339764327,3.0619921744801104e-05,0.062058329582214355,2.535372732381802e-05
860262579_54,860262579,19600628,D,1,Mexican,nationality,Not only is the value of his crop reduced by the presence of [MASK] labor but the value and the dignity of his own efforts and calling are lowered .,0.0020094262436032295,2.1566856958088465e-05,1.0622034096741118e-05,8.104851076495834e-06,0.0005283700884319842,1.5985324353096075e-05,0.0010066009126603603,1.1459633242338896e-05
820077204_5,820077204,19510626,R,0,Mexican,nationality,It is not the intent of the farmers in my district to use [MASK] labor to beat down the wages of our own American citizens .,0.00043651144369505346,4.025433099741349e-06,4.250635356584098e-06,6.378216312441509e-06,0.0007863048813305795,1.1213155630684923e-05,0.0008220667368732393,2.565075419624918e-06
820077204_5,820077204,19510626,R,1,Mexican,nationality,Farmers are required to arrange and pay for transportation for workers from the [MASK] border to places of employment .,2.293080251547508e-05,1.5992285625543445e-05,9.361841875943355e-06,2.9797953175147995e-05,2.5169679247483145e-06,5.24303095517098e-06,8.525978773832321e-05,4.863043614022899e-06
880272731_11,880272731,19640812,D,0,Mexican,nationality,""" As you should know . the [MASK] farm labor importation is a Federal Government program which prevents the laws of supply and demand from working in the Western farm labor market .",1.736773810989689e-05,9.169742952508386e-06,6.872597623441834e-06,3.0745434287382523e-06,5.078488356957678e-06,1.7446749552618712e-05,5.287200110615231e-05,8.328711373906117e-06
880067065_10,880067065,19630718,D,0,migrants,direct,That conclusion is simple supplyanddemand analysis . supplemented by the fact that braceros can live much more cheaply than can domestic [MASK] .,0.2473137080669403,0.0006598214386031032,4.940289363730699e-05,2.5316210667369887e-05,0.000473819236503914,0.0026456057094037533,0.0004156829381827265,5.54310972802341e-05
870126974_5,870126974,19610908,Unknown,0,Mexican,nationality,This bill would extend the [MASK] farm labor program for 2 years and make a number of improvements in the program .,6.391502392943949e-05,4.972946044290438e-06,2.9585271477117203e-06,6.390009730239399e-06,1.4904802810633555e-05,3.817232482106192e-06,0.0014854124747216702,9.295574159295938e-07
870126974_5,870126974,19610908,Unknown,1,Mexican,nationality,The [MASK] farm labor program was authorized in 1951 by Public Law 78 of the 82d Congress .,2.034896533587016e-05,3.2027101042331196e-06,4.262034508428769e-06,1.4873864529363345e-05,1.3092619155941065e-05,5.248020897852257e-06,0.004564780276268721,1.6096398667286849e-06
870126974_5,870126974,19610908,Unknown,2,Mexican workers,nat_role,Pursuant to this agreement . as well as the law . a number of assurances are provided for the protection of the Mexican [MASK] . including a guarantee by the Secretary of the payment of wages and transportation by farm employers .,0.001621840987354517,0.00013198383385315537,9.208315532305278e-06,4.459242336452007e-05,0.00013362686149775982,1.807673652365338e-05,0.009547721594572067,3.3085707400459796e-05
870126974_5,870126974,19610908,Unknown,3,Mexican workers,nat_role,Employers who employ Mexican [MASK] are required to indemnify the United States for its guarantee of their contracts and to pay into a revolving fund a fee for each worker to support the program financially .,2.3948017769725993e-05,5.180639618629357e-06,3.7684626477130223e-06,1.1234350267841364e-06,2.2740998247172683e-05,4.611810709320707e-06,0.0015555531717836857,9.686585826784722e-07
880078522_53,880078522,19630815,D,0,Mexican,nationality,But the [MASK] agreement requires that the Mexicans be paid the prevailing rates .,4.198905116936658e-06,6.596669845748693e-05,3.044397999474313e-06,2.879266867239494e-05,6.179508545756107e-06,3.0496823910652893e-06,5.872291512787342e-05,6.406866305042058e-06
880078522_53,880078522,19630815,D,1,Mexicans,nationality,But the Mexican agreement requires that the [MASK] be paid the prevailing rates .,0.00014201118028722703,0.0005358735797926784,1.1728208846761845e-05,8.403565880144015e-05,0.00034828821662813425,1.1862473911605775e-05,0.0023302342742681503,7.948625716380775e-05
880078522_53,880078522,19630815,D,2,Mexican,nationality,If domestic rates are raised to include a housing allowance . will the [MASK] rates have to be raised also ?,2.6001507649198174e-05,0.0001644957228563726,2.5445051505812444e-05,3.130699769826606e-05,2.6390176572022028e-05,1.5784216884640045e-05,9.763313573785126e-05,1.3743024283030536e-05
880078522_53,880078522,19630815,D,3,Mexican,nationality,This [MASK] agreement would so require .,0.00010668580216588452,7.43317068554461e-05,3.9892165659694e-05,1.5456509572686628e-05,4.002752393716946e-05,2.0299166862969287e-05,0.00011514557263581082,6.848624616395682e-05
1040203616_32,1040203616,19960429,D,0,migrant,direct,I have been assured that across the country there are hundreds of thousands of [MASK] farmworkers . ready . willing and able to work .,7.485960668418556e-05,9.562232662574388e-06,1.3413624401437119e-05,8.536293535144068e-06,9.61024416028522e-05,2.514763764338568e-06,0.0002763960510492325,2.260228939121589e-06
1040203616_32,1040203616,19960429,D,1,immigrants,direct,Now as far as I can tell . no one can say for certain how many illegal [MASK] there are in this country and how many are part of the migrant labor work force .,0.0003581088094506413,2.041415064013563e-05,2.0504727217485197e-05,3.0552889711543685e-06,2.0458137441892177e-05,5.4073780120234005e-06,0.00023922169930301607,6.205013960425276e-06
1040203616_32,1040203616,19960429,D,2,migrant,direct,Now as far as I can tell . no one can say for certain how many illegal immigrants there are in this country and how many are part of the [MASK] labor work force .,2.6675423214328475e-05,1.282519497181056e-05,3.360029950272292e-05,1.3297656551003456e-05,8.423343388130888e-05,4.747340426547453e-06,0.0020591497886925936,3.688210881591658e-06
880078624_33,880078624,19630815,D,0,Mexican workers,nat_role,It required employers to furnish the same working conditions to domestic and Mexican [MASK] .,1.1634576367214322e-05,6.165283593873028e-06,5.944640975030779e-07,1.4745685916750517e-07,5.176606464374345e-06,3.320919290672464e-07,0.0006037586135789752,2.635181601817749e-07
880078624_33,880078624,19630815,D,1,Mexican workers,nat_role,The amendment proposed by the Senator from Minnesota would require employers . as a condition of obtaining Mexican [MASK] . to offer domestic workers occupational insurance . housing . transportation . and work guarantees comparable to those required to be furnished Mexican workers .,9.587600288796239e-06,0.0013842899352312088,5.278103799355449e-06,6.827266361142392e-07,2.123339982063044e-05,1.2720519180220435e-06,0.0001065652395482175,3.3701608117553405e-06
880078624_33,880078624,19630815,D,2,Mexican workers,nat_role,The amendment proposed by the Senator from Minnesota would require employers . as a condition of obtaining Mexican workers . to offer domestic workers occupational insurance . housing . transportation . and work guarantees comparable to those required to be furnished Mexican [MASK] .,3.78637523681391e-05,0.002210477367043495,4.197445832687663e-06,5.026040525990538e-07,6.69380824547261e-05,3.3773837913031457e-06,0.0002427155850455165,1.1588186907829368e-06
880078634_7,880078634,19630815,R,0,migrant,direct,There are direct methods of considering such proposalslegislation dealing with [MASK] labor which I have supported and any proposals for minimum wages should be addressed directly to the committee which has jurisdictionthe Committee on Labor and Public Welfare .,0.00010334502439945936,8.266383701993618e-06,5.367181529436493e-06,1.1173213351867162e-05,8.760402124607936e-05,9.99573603621684e-06,0.00026664111646823585,6.7423065956973005e-06
870126974_43,870126974,19610908,Unknown,0,Mexican workers,nat_role,"In addition to "" wages and standard hours of work "" comparable to those furnished the Mexican [MASK] . the committee amendment provides that employers must offer "" working conditions "" to domestic workers comparable to those offered foreign workers .",5.174155376153067e-06,2.8167327400296926e-05,2.1703122001781594e-06,2.829737695719814e-06,3.9911825297167525e-05,3.138303782179719e-06,0.00736932223662734,3.90135164707317e-06
870126974_43,870126974,19610908,Unknown,1,Mexican workers,nat_role,Thus employers would have to offer domestic workers at least as good wages . hours . and physical conditions of safety and sanitation . as would be provided the Mexican [MASK] .,3.579491749405861e-05,0.00011790735879912972,3.205933899153024e-05,3.07357004203368e-05,0.000312743301037699,1.3147735444363207e-05,0.07042643427848816,1.5343777704401873e-05
870126974_43,870126974,19610908,Unknown,2,Mexican workers,nat_role,The employers would not have to offer domestic workers anything comparable to transportation from Mexico or to the other terms peculiar to the importation of Mexican [MASK] .,0.00018536449351813644,0.0856323316693306,3.293651025160216e-05,1.1629193750195554e-06,0.00018758210353553295,6.188948191265808e-06,0.0013213568599894643,1.1613720971581643e-06
870126974_43,870126974,19610908,Unknown,3,Mexican workers,nat_role,Another provision of S. 1945 would have prohibited the employment of Mexican [MASK] in other than temporary or seasonal occupations . except when necessary to avoid undue hardship .,3.062110408791341e-06,1.3881945051252842e-06,1.9152666652644257e-07,4.33757008977409e-07,4.231837920087855e-06,1.2815509080610354e-06,0.001955960411578417,5.057286784904136e-07
880078508_1,880078508,19630815,D,0,Mexican,nationality,Matt Triggs of the American Farm Bureau Federation at page 31 of the House hearings . the number of farms using [MASK] labor does not fully indicate the importance of the program .,0.005841583479195833,5.025075552111957e-06,1.8609263861435466e-05,3.229534922866151e-05,0.0003220982616767287,4.163660196354613e-05,0.0007337125716730952,6.0964011936448514e-06
880078508_1,880078508,19630815,D,1,Mexican,nationality,In the areas where [MASK] farm labor was needed the program was essential .,0.0002302187349414453,1.9705406884895638e-05,5.585980943578761e-06,1.1286554581602104e-05,4.885208181804046e-05,2.3928657810756704e-06,0.0001736596750561148,6.507324542326387e-06
1070013453_87,1070013453,20010322,D,0,immigrants,direct,Speaker . the H2A foreign agricultural worker program is a complicated program designed to stop illegal immigration into the country . exploitation of [MASK] . and that has worked in many ways in terms of an orderly flow of immigrants into the country into the farm areas where large numbers of farm workers were needed .,0.02806253358721733,0.0014098378596827388,0.000880794832482934,9.799090184969828e-05,0.0015151245752349496,0.000480938091641292,0.0005394879844971001,0.0007250836351886392
1070013453_87,1070013453,20010322,D,1,immigrants,direct,Speaker . the H2A foreign agricultural worker program is a complicated program designed to stop illegal immigration into the country . exploitation of immigrants . and that has worked in many ways in terms of an orderly flow of [MASK] into the country into the farm areas where large numbers of farm workers were needed .,0.00021597155136987567,0.0004887513932771981,0.00010311987716704607,1.0126299457624555e-05,3.206920519005507e-05,5.730139491788577e-06,0.00018229809938929975,9.587745807948522e-06
1070013453_87,1070013453,20010322,D,2,immigrants,direct,But in order not to undercut farm laborers who already are in the country . citizens of the Nation who are working in the farm areas . farm workers who are not [MASK] . in order not to undercut them . this law requires that there be a survey made of the area . and you reach some kind of level of identifying a prevailing wage for farm area workers .,0.00024485759786330163,7.603057019878179e-05,5.679669357050443e-06,1.1942973969780724e-06,2.2880733013153076e-05,5.697193500964204e-06,8.60922082210891e-05,2.8169943107059225e-06
880078714_31,880078714,19630815,D,0,Mexican,nationality,I point out that in 1959 nearly 85.000 manmonths of [MASK] labor were used .,0.002408957341685891,5.908885214012116e-05,1.15093444037484e-05,1.7549324184074067e-05,0.0030661076307296753,4.998391887056641e-05,0.0027812884654849768,3.0301134756882675e-06
880078714_31,880078714,19630815,D,1,Mexican,nationality,It is possible that no [MASK] labor will be needed in my State next year for cotton picking . but there will still be a need for some braceros for cotton chopping and for the harvesting of fruits and vegetables . to supplement domestic labor available .,0.0020791832357645035,2.4426226445939392e-05,4.4575567699212115e-06,3.844733782898402e-06,0.00054252112749964,1.3300651517056394e-05,0.00042929992196150124,4.753750545205548e-06
880078714_31,880078714,19630815,D,2,Mexican,nationality,It should be remembered that the [MASK] labor program is important to our good neighbor to the South also . and that by abolishing it we will have cut off her second most important source of dollars .,0.000135172696900554,1.6582182070123963e-05,1.4552121683664154e-05,6.015107283019461e-05,0.0001697013940429315,1.1079859177698381e-05,0.0028268618043512106,2.54787846643012e-06
870127893_25,870127893,19610911,Unknown,0,Mexican,nationality,Any farmer would be foolish to hire [MASK] labor if he could find sufficient domestic labor available to harvest his crop . because he is required to pay the transportation of Mexicans from Mexico . the premiums on insurance . and the cost of returning the Mexicans after he is through harvesting his crop .,0.0004370100796222687,2.5768764317035675e-05,1.7396946532244328e-06,1.2864583140981267e-06,8.862781396601349e-05,2.5215772438968997e-06,0.0003187170368619263,1.9624892502179136e-06
870127893_25,870127893,19610911,Unknown,1,Mexicans,nationality,Any farmer would be foolish to hire Mexican labor if he could find sufficient domestic labor available to harvest his crop . because he is required to pay the transportation of [MASK] from Mexico . the premiums on insurance . and the cost of returning the Mexicans after he is through harvesting his crop .,0.013102742843329906,0.08825653791427612,0.00029029769939370453,1.9868424715241417e-05,0.0014156466349959373,2.4196429876610637e-05,0.00637948140501976,1.267827974515967e-05
870127893_25,870127893,19610911,Unknown,2,Mexicans,nationality,Any farmer would be foolish to hire Mexican labor if he could find sufficient domestic labor available to harvest his crop . because he is required to pay the transportation of Mexicans from Mexico . the premiums on insurance . and the cost of returning the [MASK] after he is through harvesting his crop .,0.008249742910265923,0.04894765093922615,0.00046082696644589305,8.638501458335668e-05,0.0008513410575687885,8.472548506688327e-05,0.001719150342978537,7.966998964548111e-05
870127893_25,870127893,19610911,Unknown,3,Mexican,nationality,Another provision of the [MASK] farm agreement referred to a few moments ago is that under the contract Mexican laborers must perform the duties prescribed for them or they are sent back to Mexico .,0.0011204765178263187,5.616065755020827e-05,1.8425065718474798e-05,7.971452578203753e-05,0.00016138143837451935,4.015559170511551e-05,0.001097796019166708,5.648210844810819e-06
870127893_25,870127893,19610911,Unknown,4,Mexican laborers,nat_role,Another provision of the Mexican farm agreement referred to a few moments ago is that under the contract Mexican [MASK] must perform the duties prescribed for them or they are sent back to Mexico .,0.0028760803397744894,2.6602727302815765e-05,2.9251937121443916e-06,1.2887999218946788e-06,2.0636420231312513e-05,3.7963377508276608e-06,0.002222660928964615,4.43519354575983e-07
870127182_1,870127182,19610908,R,0,Mexican,nationality,H.R. 2010 is clearly inadequate as a solution to the problem of preventing the competition of [MASK] bracero labor from disastrously undercutting wage standards and employment conditions of seasonal farm labor in the United States .,0.0002885549620259553,7.29626917745918e-05,2.6049725420307368e-05,1.7848920833785087e-05,7.245829328894615e-05,9.509417395747732e-06,0.00010125305561814457,1.0961887710436713e-05
870127182_1,870127182,19610908,R,1,Mexican,nationality,When Public Law 78 was enacted in 1951 for the regulation of [MASK] farm labor in this country . it was designed to provide a means of replacing the large numbers of domestic farm workers who were drafted during the Korean conflict .,0.0001417252788087353,5.1018123485846445e-06,2.3880015760369133e-06,1.455489268664678e-06,5.167788913240656e-05,1.5363394822998089e-06,0.0016576588386669755,1.4414345059776679e-06
870127182_1,870127182,19610908,R,2,Mexican,nationality,The measure was not intended to create a permanent pool of inexpensive [MASK] labor to the detriment of American workers . but was rather a temporary measure to fill the gap caused by the increased draft .,2.03977706405567e-05,3.258693323004991e-05,8.966268069343641e-06,1.2955480997334234e-05,0.0002661585167516023,6.5390045165258925e-06,0.011075981892645359,3.7923769014014397e-06
870140353_8,870140353,19610921,D,0,Mexican nationals,nat_role,As a result very minor improvements in the program were recommended . one having to do with the employment of Mexican [MASK] in the operation of powerdriven machinery . and . second . having to do with their employment in nonseasonal work .,3.5768080124398693e-06,2.3136894924391527e-06,4.5591860953209107e-07,6.382554147421615e-07,5.127602707943879e-05,2.3345803583652014e-06,0.004748142324388027,1.0460368002895848e-06
870140353_8,870140353,19610921,D,1,Mexican nationals,nat_role,The position of the committee was that some limitation . some tightening up . was necessary regarding the employment of Mexican [MASK] in these two general areas .,1.0227657185168937e-05,1.402495036018081e-05,2.259781012980966e-06,2.027652044489514e-06,5.9987622080370784e-05,3.968989858549321e-06,0.0065345242619514465,3.519091251291684e-06
870140353_8,870140353,19610921,D,2,Mexican nationals,nat_role,The Secretary of Labor and those responsible for administering the program expressed the opinion that this tightening up would be helpful to them in efforts to keep Mexican [MASK] employed at the kind of work originally intended .,3.9041738091327716e-06,1.5008783975645201e-06,2.021033083110524e-07,2.956673199605575e-07,7.521346105932025e-06,7.860527944103524e-07,0.0008126386674121022,2.2563159518540488e-07
870140353_8,870140353,19610921,D,3,Mexican nationals,nat_role,The .ommittee report provided that American farmworkers could not be employed in the same kind of work in which Mexican [MASK] were being employed . unless the Americans were paid as much as the Mexicans were being paid .,3.60791341336153e-06,1.3061237496003741e-06,1.7470776469963312e-07,7.27269409139808e-08,2.508754732843954e-06,3.7932750274194404e-07,0.0012694407487288117,9.508139697800289e-08
870140353_8,870140353,19610921,D,4,Mexicans,nationality,The .ommittee report provided that American farmworkers could not be employed in the same kind of work in which Mexican nationals were being employed . unless the Americans were paid as much as the [MASK] were being paid .,2.8908480089739896e-05,0.00011625243496382609,9.915762575474218e-07,8.482605835524737e-07,4.78670590382535e-05,3.330005256430013e-06,0.0009993987623602152,2.7405342279962497e-06
870127885_69,870127885,19610911,R,0,Mexican,nationality,Why should the Secretary of Labor be permitted to set wages for the farmworker through the vehicle of the [MASK] labor program . when he can not set them for the industrial sector of our economy under the Fair Labor Standards Act ?,2.7585590942180716e-05,4.0990325942402706e-06,7.759064146739547e-07,6.291142199188471e-06,3.1971132557373494e-05,1.54274732722115e-06,0.0002644572523422539,1.090970499717514e-06
870127106_30,870127106,19610908,D,0,Mexican nationals,nat_role,In the State of Arkansas . which is one of the States in which the problem is very serious . the average which is paid to Mexican [MASK] is approximately 50 cents an hour . the minimum which is required under the law .,3.144443326164037e-05,1.725951733533293e-05,3.0111850719549693e-06,2.108131866407348e-06,1.2178707038401626e-05,1.4477420791081386e-06,0.004838421009480953,3.021948941750452e-06
870127106_30,870127106,19610908,D,1,Mexican,nationality,The effect of my amendment would be to require . taking into account 90 percent of the average rate in Arkansas of 73 cents an hour . payment to [MASK] nations of 65 cents an hour . instead of the 50 cents an hour rate now being paid to them .,6.02677755523473e-05,1.81164773493947e-06,6.012411176925525e-06,5.883399808226386e-06,6.945266250113491e-06,6.802840289310552e-06,0.0006467415951192379,1.1757591892092023e-05
870127106_30,870127106,19610908,D,2,Mexican nationals,nat_role,In the State of Texas . which contracted in 1960 for the employment of 112.000 Mexican [MASK] . the lowest rate paid to Americans performing similar work was 40 cents an hour . and the most common rate paid to Americans was 50 cents an hour .,4.224045824230416e-06,8.659231980345794e-07,6.20651917415671e-07,2.821923601459275e-07,1.6834857888170518e-05,3.5092621146759484e-06,0.0016154063632711768,3.1028963576318347e-07
870127106_30,870127106,19610908,D,3,Mexican nationals,nat_role,My amendment would have the effect of requiring the growers in Texas to pay Mexican [MASK] at least 70 cents an hour . or 90 percent of the prevailing rate for agricultural wages in the State of Texas .,0.00024231476709246635,0.00012449556379579008,2.6413274099468254e-05,1.2026976037304848e-06,6.792535714339465e-05,1.0231791520709521e-06,0.003335538087412715,1.3054831242698128e-06
870141031_9,870141031,19610922,D,0,Mexican laborer,nat_role,Not one single Mexican [MASK] can come across the border to work in this country unless the Secretary of Labor finds there is no local U.S. citizen available to do the job in question .,1.643836412767996e-06,8.205031463148771e-07,1.0283665119459329e-07,9.78059873091297e-08,1.3047272659605369e-05,7.265139174705837e-07,0.00021437843679450452,3.593301869386778e-07
870141031_9,870141031,19610922,D,1,Mexican,nationality,The purpose of the [MASK] farm labor program is to bring in workers to perform work for which domestic workers are not available .,0.0001290761720156297,7.211247975646984e-06,1.8227123291580938e-05,4.8443143896292895e-05,5.974131272523664e-05,1.435642934666248e-05,0.0012466484913602471,9.082936230697669e-06
870141031_9,870141031,19610922,D,2,Mexican workers,nat_role,H.R. 2010 . as approved by the conference . contains a number of additional provisions designed to insure that Mexican [MASK] will not be recruited to fill jobs which could be filled by domestic workers .,2.302768052686588e-06,4.019487391815346e-07,4.022213886401005e-07,8.660013008920942e-07,8.584249371779151e-06,7.186948778326041e-07,0.003912970423698425,5.311550808073662e-07
920282704_19,920282704,19720912,R,0,Mexicans,nationality,When all is said and done . when the liberals are through gnashing their teeth over the supposed immorality of encouraging [MASK] willing to work on U.S. farmlands . and when the labor organizers are through bemoaning the fact that the Bracero program undercuts their efforts to unionize American farmworkers . then one central fact remains .,0.0014278193702921271,1.3430933904601261e-05,2.25453004532028e-06,2.2821532184025273e-06,0.00015381623234134167,8.39047697809292e-06,0.0011881738901138306,6.357206530083204e-07
830078180_14,830078180,19530707,R,0,Mexican,nationality,If the reduction is made . the funds appropriated will be used . as I understand . as follows : $ 930.000 will be used for operation of the centers through which the [MASK] labor is imported . and $ 314.000 will be used to carry out the terms of the international agreement and the requirements of Public Law 78 .,0.003129183780401945,0.00036235386505723,2.070491245831363e-05,6.643911547143944e-06,0.004530099220573902,3.453355748206377e-05,0.0011873769108206034,7.486970389436465e-06
830078180_14,830078180,19530707,R,1,Mexican workers,nat_role,Under the law . the Secretary is required to find whether sufficient domestic workers are available for agricultural employment . and to see that the employment of Mexican [MASK] does not adversely affect the wages and workIng conditions of United States workers similarly employed . and to determine whether reasonable efforts have been made to attract United States workers at wages and hours similar to those offered to such Mexican agricultural workers .,0.00015010421338956803,1.0872043276322074e-05,4.559381977742305e-06,1.5517744031967595e-06,3.832107540802099e-05,3.860855485982029e-06,0.001213187468238175,2.3518257421528688e-06
830078180_14,830078180,19530707,R,2,Mexican,nationality,Under the law . the Secretary is required to find whether sufficient domestic workers are available for agricultural employment . and to see that the employment of Mexican workers does not adversely affect the wages and workIng conditions of United States workers similarly employed . and to determine whether reasonable efforts have been made to attract United States workers at wages and hours similar to those offered to such [MASK] agricultural workers .,2.76593509624945e-05,4.223264113534242e-05,3.5000150546693476e-06,6.57063947073766e-06,1.8917062334367074e-05,1.1340512173774187e-06,2.744212542893365e-05,1.5753304978716187e-05
870127106_8,870127106,19610908,D,0,Mexican,nationality,The [MASK] Government will not permit its nationals to work in the United States for less than 50 cents an hour .,8.030661433622299e-07,1.6821643384901108e-06,1.5907298802630976e-06,9.299213274971407e-07,1.793947603800916e-07,5.450904154713498e-07,2.620501845740364e-06,7.952040164127538e-07
870127106_8,870127106,19610908,D,1,Mexican nationals,nat_role,So in this case the wage demanded and received by the Mexican [MASK] who come here under contract is 50 cents an hour .,8.369897841475904e-06,9.864887033472769e-06,3.628198896876711e-07,6.056803272258549e-07,1.4210671906766947e-05,1.0243013548461022e-06,0.005357091780751944,4.130598654228379e-07
870127106_8,870127106,19610908,D,2,migrant,direct,In some cases . there are no Americans . either [MASK] or nonmigrant performing the work . so the prevailing wage of the Mexican worker becomes the prevailing wage for that area .,2.060630549749476e-06,2.6956004148814827e-05,5.379190952226054e-06,9.474459830016713e-07,2.1796963665110525e-06,2.2732185698259855e-06,0.00022262788843363523,1.878228999885323e-06
870127106_8,870127106,19610908,D,3,Mexican worker,nat_role,In some cases . there are no Americans . either migrant or nonmigrant performing the work . so the prevailing wage of the Mexican [MASK] becomes the prevailing wage for that area .,1.709814023342915e-05,2.55473187280586e-05,2.6511734176892787e-06,8.494613211951219e-06,6.269331788644195e-05,2.068841058644466e-05,0.005739952903240919,6.88351701683132e-06
860262556_17,860262556,19600628,R,0,Mexican nationals,nat_role,To replace the 437.600 Mexican [MASK] with the 427.000 domestic migrant workers would use up all of the available supply and leave a serious labor shortage in the remaining areas that have depended upon our domestic migratory labor .,1.9841654648189433e-05,1.5201571841316763e-05,3.6365827327244915e-06,3.1578367725160206e-06,1.681006142462138e-05,3.689801133077708e-06,0.0014498108066618443,2.8982119602005696e-06
860262556_17,860262556,19600628,R,1,migrant,direct,To replace the 437.600 Mexican nationals with the 427.000 domestic [MASK] workers would use up all of the available supply and leave a serious labor shortage in the remaining areas that have depended upon our domestic migratory labor .,1.1930449545616284e-05,1.8279271898791194e-05,1.5718607073722524e-06,8.680304745212197e-06,8.811266525299288e-06,6.22744096290262e-07,1.6594145563431084e-05,7.657826017748448e-07
860262556_17,860262556,19600628,R,2,Mexican nationals,nat_role,The northwestern area of the United States employs very few Mexican [MASK] . the great majority of our migrant agricultural labor coming from Texas and other southwestern States .,1.2695101759163663e-05,8.76774538483005e-06,1.1732413440768141e-06,7.653652573935688e-07,1.0997284334735014e-05,1.5576647456327919e-06,0.0007468980620615184,3.78489716013064e-07
860262556_17,860262556,19600628,R,3,migrant,direct,The northwestern area of the United States employs very few Mexican nationals . the great majority of our [MASK] agricultural labor coming from Texas and other southwestern States .,4.09050117013976e-05,4.387658555060625e-05,1.4395510561371339e-06,5.992103979224339e-06,2.7335252525517717e-05,6.77374487167981e-07,0.0002416220522718504,6.227944595593726e-06
870127185_6,870127185,19610908,D,0,Mexican nationals,nat_role,Last year . at the peak . more than 11.000 Mexican [MASK] were employed on Michigan farms .,1.4217558600648772e-05,7.379408657470776e-07,7.944117328406719e-07,3.5036930512433173e-07,1.7172336811199784e-05,4.909496510663303e-06,0.0028004427440464497,1.5419227850088646e-07
870127185_6,870127185,19610908,D,1,Mexican,nationality,My study of the labor situation in Michigan agriculture and the sum total of the advice which I have been able to obtain from informed experts within the State persuade me that the [MASK] labor program should be continued . and I support its continuance .,0.00030859484104439616,2.2377706045517698e-05,1.3179303095967043e-05,0.0001726700138533488,0.0002276203886140138,1.921445073094219e-05,0.00027158597367815673,4.6071918404777534e-06
880110490_31,880110490,19631031,D,0,Mexican workers,nat_role,We are encouraging the 2 percent of all farms in the United States who use Mexican [MASK] in several ways : We make the labor available . we remove the need for income tax and social security deductions . thus lightening their workload . we make the workers available when and where employers want them . removing the seasonal worries faced by smaller farms who do not use them .,0.00028536879108287394,0.0007262051803991199,1.9167223399563227e-06,1.405375996910152e-06,0.0005183432367630303,4.915771683045023e-07,7.580179953947663e-05,4.4183673253428424e-07
880110490_31,880110490,19631031,D,1,Mexicans,nationality,Is it any wonder that wages of domestic workers have tended to remain low where the [MASK] are used ?,0.0011128156911581755,0.0035400527995079756,4.5101674913894385e-05,5.922283889958635e-05,0.0665665790438652,3.929816011805087e-05,0.0012629483826458454,8.361613436136395e-05
880126797_15,880126797,19631203,D,0,Mexican workers,nat_role,If the domestic worker refuses to accept the Job at less favorable terms . the employer is permitted to -bring in Mexican [MASK] who are then afforded the very terms and conditions which were denied to our own workers .,2.1385858417488635e-05,2.7185744329472072e-05,2.6447341952007264e-06,4.978905394636968e-07,1.0734729585237801e-05,2.355925062147435e-06,0.0013086650287732482,2.4014666450966615e-06
880126797_15,880126797,19631203,D,1,Mexican workers,nat_role,The legislative history of that law makes it abundantly clear that the Congress did not intend to permit the Secretary of Labor to require . as a condition of obtaining Mexican [MASK] . that all of the same terms and conditions afforded Mexican workers be offered first to domestic workers .,2.453197794238804e-06,0.0010247403988614678,4.418910521053476e-06,5.527973030439171e-07,1.6389909433200955e-05,8.932335617828357e-07,0.00011244689812883735,2.032213615166256e-06
880126797_15,880126797,19631203,D,2,Mexican workers,nat_role,The legislative history of that law makes it abundantly clear that the Congress did not intend to permit the Secretary of Labor to require . as a condition of obtaining Mexican workers . that all of the same terms and conditions afforded Mexican [MASK] be offered first to domestic workers .,1.34442018406844e-06,2.3317548766499385e-05,8.529356705366808e-07,1.0506531111786899e-07,5.8089590311283246e-06,4.391095274058898e-07,5.233054616837762e-05,4.368554300526739e-07
880126797_15,880126797,19631203,D,3,Mexicans,nationality,It is for this reason that we would oppose any further extension of Public Law 78 without amendments which would bring the required job offers made to [MASK] and to domestic workers to an approximate level . * * * In a very real sense . the availability of domestic workers depends largely upon the terms and conditions of employment offered .,6.236189074115828e-05,1.6091727957245894e-05,2.2327041733660735e-05,1.4874433418299304e-06,0.00024102928000502288,3.016547225342947e-06,0.00025770155480131507,3.2653763355483534e-06
870056475_2,870056475,19610526,Unknown,0,Mexican nationals,nat_role,represents a California district where braceros ( imported Mexican [MASK] ) are used in great numbers .,0.0005267483647912741,0.005725073162466288,6.320037209661677e-05,1.8332775653107092e-05,0.00039245831430889666,2.9470726076397114e-05,0.004798798821866512,5.749519004893955e-06
870056475_2,870056475,19610526,Unknown,1,Mexican,nationality,Although the [MASK] farm labor program was not intended to displace domestic workers or to depress their wages . these results in fact have occurred .,3.8344296626746655e-05,6.491619842563523e-06,1.270124084840063e-05,6.619891064474359e-05,5.40927067049779e-05,2.5232478947145864e-05,0.0010565153788775206,2.4152618607331533e-06
870056475_2,870056475,19610526,Unknown,2,Mexican,nationality,Department of Labor studies demonstrate conclusively that wages in the majority of areas where [MASK] farm laborers are employed have not kept pace with the rise of farm wages nationally .,7.071444269968197e-05,1.054205495165661e-05,3.9736141843604855e-06,1.5128694030863699e-05,3.585906597436406e-05,1.9936251192120835e-06,8.89305374585092e-05,3.469787316134898e-06
870056475_2,870056475,19610526,Unknown,3,Mexicans,nationality,In 1960 while over 300.000 [MASK] were imported into this country to work in the fields of California .,0.0001875778252724558,1.6683150533935986e-05,4.062757398060057e-06,1.1696675755956676e-05,0.00038605392910540104,1.1145461940031964e-05,0.0012701641535386443,1.656804613503482e-07
860262476_20,860262476,19600628,D,0,Mexican,nationality,Some crops use [MASK] labor for virtually 100 percent of the work .,0.03483361750841141,6.803524229326285e-06,2.068614321615314e-06,7.631809239683207e-06,0.006204939913004637,4.811168764717877e-05,0.0003826247120741755,4.550291578198085e-06
860262476_20,860262476,19600628,D,1,Mexicans,nationality,Farm wages run as low as 40 cents an hour . in some places 35 cents an hour . and in some areas where [MASK] are used in great numbers wages have actually declined in recent years .,0.018267301842570305,0.0016329004429280758,1.9797682398348115e-05,3.9983540773391724e-05,0.03196168690919876,6.574184953933582e-05,0.0004907127004116774,2.8437625587685034e-06
860262476_20,860262476,19600628,D,2,Mexican farmworkers,nat_role,In some of the States where they are asking for the most Mexican [MASK] they pay the cheapest wages of any State in the Union .,0.00011843794345622882,0.003467018250375986,1.6096360923256725e-05,4.0296008592122234e-06,0.00021379489044193178,3.586766524676932e-06,0.002128317253664136,5.174742909730412e-06
860262476_20,860262476,19600628,D,3,Mexican,nationality,Imported . 50centsanhour [MASK] labor .,0.0009952557738870382,0.0005648885271511972,0.00011620353325270116,0.00011946720769628882,0.0011548433685675263,5.6891229178290814e-05,0.002934737829491496,0.00014023543917573988
870127277_26,870127277,19610908,R,0,Mexican nationals,nat_role,Growers are presently required to furnish transportation for Mexican [MASK] to and from reception centers .,0.0016424458008259535,0.002981550758704543,0.00024056779511738569,2.572087942098733e-05,0.00016060109192039818,1.1606247426243499e-05,0.006046045571565628,1.6734142036511912e-06
870127277_26,870127277,19610908,R,1,Mexican nationals,nat_role,Mexican [MASK] are guaranteed the opportunity to work at least threefourths of the work days in the contract period . which usually has a minimum of 6 weeks .,2.7648857212625444e-06,5.089738806418609e-06,3.5127123965139617e-07,7.547651534878241e-07,2.262579437228851e-05,2.5805827590374975e-06,0.0008288096287287772,1.0961559837596724e-06
870127277_26,870127277,19610908,R,2,Mexican workers,nat_role,If Mexican [MASK] are offered employment for less than 64 hours in any 2week period . they are entitled to subsistence during Idle days at the employers expense .,2.6920574782707263e-06,4.9126251724374015e-06,6.241192522793426e-07,1.5538957995886449e-06,1.102557416743366e-05,1.6944484286796069e-06,0.0006513718981295824,6.234142801986309e-07
870127277_26,870127277,19610908,R,3,Mexicans,nationality,[MASK] must be provided with free housing .,0.0002248579985462129,7.722715963609517e-06,8.316368621308357e-06,3.330349500174634e-06,4.628526767191943e-06,6.063007276679855e-06,0.00011528926552273333,1.7970301087189e-06
870127277_26,870127277,19610908,R,4,Mexicans,nationality,Because of the complication of computing housing costs and conditions and because the [MASK] who come into the United States under Public Law 78 are single men .,7.595681381644681e-05,1.544387123431079e-05,2.847087125701364e-05,4.8215268179774284e-05,3.4399155993014574e-05,8.832711500872392e-06,0.0019270755583420396,5.059004706708947e-06
870246213_111,870246213,19620801,D,0,Mexican,nationality,It is the position of the Department of Labor that [MASK] and other foreign workers should be employed only during those periods of peak activity where . after intensive recruitment efforts have been made . it is apparent that there is a real shortage of domestic labor .,1.7219314258909435e-06,1.159602925326908e-05,2.3412576410919428e-06,8.78270384419011e-07,1.4427119822357781e-05,1.179461037281726e-06,0.0003265799314249307,4.5605514742419473e-07
870246213_111,870246213,19620801,D,1,Mexican farmworkers,nat_role,At the same time . we have given assurances to farm employers that in peak periods . such as at harvest time . they will not be denied the use of Mexican [MASK] if there are not sufficient American workers available .,9.42401893553324e-05,0.0002876284997910261,4.928130692860577e-06,2.2673484636470675e-06,0.0003021026495844126,1.5508021533605643e-06,0.001963547896593809,1.7131618506027735e-06
870141374_135,870141374,19610922,D,0,Mexicans,nationality,[MASK] do virtually 100 percent of the work .,0.0002708062529563904,1.9991673525510123e-06,1.2061555935360957e-05,3.066580029553734e-05,0.0004168104496784508,6.481588934548199e-05,0.0010526137193664908,1.9710828382812906e-06
870141374_135,870141374,19610922,D,1,Mexicans,nationality,Farm wages run as low as 30 cents an hour . and in some areas where [MASK] are used in great numbers . wages have actually declined in recent years .,0.03341618925333023,0.003407473675906658,4.9378555559087545e-05,5.2824030717602e-05,0.01626247726380825,0.00011537759564816952,0.0016608755104243755,6.016672159603331e-06
880078780_50,880078780,19630815,D,0,Mexican,nationality,It is said that under subsection ( 2 ) of section 503 of the act permitting the use of [MASK] farm laborers the Secretary of Labor must certify that the employment of such workers will not adversely affect the wages and working conditions of domestic agricultural workers similarly employed .,6.494094850495458e-05,1.5188538782240357e-06,4.695998541137669e-07,3.664956125248864e-07,8.948401045927312e-06,8.254544923147478e-07,2.1002115317969583e-05,5.855141580468626e-07
880078780_50,880078780,19630815,D,1,Mexican,nationality,House hearings revealed that many employers of the bracero systematically refuse work to domestic farmworkers or harass them into quitting once they are hired in order to take advantage of the ready supply of cheap [MASK] labor .,0.0011167465709149837,2.3716660507488996e-05,4.923668257106328e-06,4.4434741539589595e-06,0.0030564076732844114,3.9994647522689775e-06,0.0003420715220272541,1.8983575955644483e-06
870056475_2,870056475,19610526,Unknown,0,Mexican nationals,nat_role,represents a California district where braceros ( imported Mexican [MASK] ) are used in great numbers .,0.0005267483647912741,0.005725073162466288,6.320037209661677e-05,1.8332775653107092e-05,0.00039245831430889666,2.9470726076397114e-05,0.004798798821866512,5.749519004893955e-06
870056475_2,870056475,19610526,Unknown,1,Mexican,nationality,Although the [MASK] farm labor program was not intended to displace domestic workers or to depress their wages . these results in fact have occurred .,3.834428935078904e-05,6.491619387816172e-06,1.2701239029411227e-05,6.619891064474359e-05,5.4092699429020286e-05,2.523247712815646e-05,0.0010565152624621987,2.415261633359478e-06
870056475_2,870056475,19610526,Unknown,2,Mexican,nationality,Department of Labor studies demonstrate conclusively that wages in the majority of areas where [MASK] farm laborers are employed have not kept pace with the rise of farm wages nationally .,7.071444269968197e-05,1.054205495165661e-05,3.9736141843604855e-06,1.5128694030863699e-05,3.585906597436406e-05,1.9936251192120835e-06,8.89305374585092e-05,3.469787316134898e-06
870056475_2,870056475,19610526,Unknown,3,Mexicans,nationality,In 1960 while over 300.000 [MASK] were imported into this country to work in the fields of California .,0.0001875778252724558,1.6683150533935986e-05,4.062757398060057e-06,1.1696675755956676e-05,0.00038605392910540104,1.1145461940031964e-05,0.0012701641535386443,1.656804613503482e-07
870045635_17,870045635,19610510,D,0,Mexican,nationality,""" Effect on Mexico "" : The [MASK] farm labor importation program is . in effect . a point 4 program to Mexico . the supporters of Public Law 78 have testified .",0.00019892794080078602,4.999985685572028e-05,2.8650983949773945e-05,3.4986427635885775e-05,2.392597889411263e-05,4.97303408337757e-05,0.0009427439072169363,9.348743333248422e-06
870045635_17,870045635,19610510,D,1,Mexican,nationality,While it is true that the money brought home by [MASK] braceros is of help to the Mexican economy . it can not be argued that this is a legitimate justification for a program which is undermining the economic position of American farmworkers .,3.1659865271649323e-06,2.4439705157419667e-06,1.280144601878419e-06,6.205625595612219e-07,2.077482349704951e-06,4.03824486738813e-07,2.2310683561954647e-05,1.9760045688599348e-07
870045635_17,870045635,19610510,D,2,Mexican,nationality,While it is true that the money brought home by Mexican braceros is of help to the [MASK] economy . it can not be argued that this is a legitimate justification for a program which is undermining the economic position of American farmworkers .,1.216758505506732e-06,6.668485639238497e-07,1.3318140190676786e-06,7.042801257739484e-07,2.627449248393532e-06,2.9116580435584183e-07,5.37687537871534e-06,2.461208907789114e-07
870056477_8,870056477,19610526,Unknown,0,Mexican,nationality,Less than 2 percent of all American farmers hire [MASK] labor .,0.0064196460880339146,5.434867034637136e-06,2.210248339906684e-06,3.1717602269054623e-06,0.003164388705044985,5.10755535287899e-06,0.00017622906307224184,2.4633259272377472e-06
860262476_47,860262476,19600628,D,0,Mexican nationals,nat_role,( c ) U.S. workers are provided benefits equivalent to those given Mexican [MASK] .,5.465876256494084e-06,8.981336577562615e-05,6.7780342760670464e-06,1.7149334325949894e-06,3.034256678802194e-06,1.1318174983898643e-06,0.0005507968016900122,6.897830644447822e-07
860262476_47,860262476,19600628,D,1,Mexicans,nationality,( d ) Employers of [MASK] offer and pay U.S. workers wages which are not less than those paid to Mexicans . 4 .,2.2624810753768543e-06,0.000168887636391446,1.8650937363418052e-06,2.6880516657001863e-07,1.1595517207751982e-05,6.395455329766264e-07,4.3505649955477566e-05,1.4973289808040136e-06
860262476_47,860262476,19600628,D,2,Mexicans,nationality,( d ) Employers of Mexicans offer and pay U.S. workers wages which are not less than those paid to [MASK] . 4 .,4.3934078348684125e-06,1.5193308172456454e-05,1.2606841437445837e-06,3.3658298548289167e-07,9.208559276885353e-06,3.0231587970774854e-06,5.7138808188028634e-05,5.653668040395132e-07
860262476_47,860262476,19600628,D,3,Mexicans,nationality,The Secretary should be empowered to set up standards for judging adverse effects resulting from employing [MASK] based on wages . earnings . and employment trends and levels . 5 .,0.0007549472502432764,5.363582386053167e-05,1.1147423720103689e-05,2.4961752842500573e-06,0.0007019078475423157,2.796986882458441e-05,0.002333789598196745,4.675322998082265e-05
860262476_47,860262476,19600628,D,4,Mexican,nationality,A tripartite advisory group composed of members from management . labor . and the public should be established to advise the Secretary on the [MASK] farm labor program .,1.1659043593681417e-05,2.8654601464950247e-06,3.6399910641193856e-06,2.9238250135676935e-05,1.0188738997385371e-05,5.578759100899333e-06,0.00014312175335362554,8.494875146425329e-06
1090135579_22,1090135579,20060522,D,0,Mexican workers,nat_role,The AEWR was established under the Bracero guest worker program for Mexican [MASK] that ended in the 1960s .,3.804418520303443e-05,5.0942539928655606e-06,6.520677743537817e-06,5.137326752446825e-06,9.466051778872497e-06,7.574158644274576e-06,0.004204506985843182,9.444436273042811e-07
880126797_15,880126797,19631203,D,0,Mexican workers,nat_role,If the domestic worker refuses to accept the Job at less favorable terms . the employer is permitted to -bring in Mexican [MASK] who are then afforded the very terms and conditions which were denied to our own workers .,2.138586205546744e-05,2.7185749786440283e-05,2.6447346499480773e-06,4.978905963071156e-07,1.0734731404227205e-05,2.3559255168947857e-06,0.00130866514518857,2.401466872470337e-06
880126797_15,880126797,19631203,D,1,Mexican workers,nat_role,The legislative history of that law makes it abundantly clear that the Congress did not intend to permit the Secretary of Labor to require . as a condition of obtaining Mexican [MASK] . that all of the same terms and conditions afforded Mexican workers be offered first to domestic workers .,2.453198248986155e-06,0.0010247405152767897,4.418910975800827e-06,5.527973598873359e-07,1.6389913071179762e-05,8.932336754696735e-07,0.0001124469272326678,2.032213615166256e-06
880126797_15,880126797,19631203,D,2,Mexican workers,nat_role,The legislative history of that law makes it abundantly clear that the Congress did not intend to permit the Secretary of Labor to require . as a condition of obtaining Mexican workers . that all of the same terms and conditions afforded Mexican [MASK] be offered first to domestic workers .,1.34442018406844e-06,2.3317548766499385e-05,8.529356705366808e-07,1.0506531111786899e-07,5.8089590311283246e-06,4.391095274058898e-07,5.233054616837762e-05,4.368554300526739e-07
880126797_15,880126797,19631203,D,3,Mexicans,nationality,It is for this reason that we would oppose any further extension of Public Law 78 without amendments which would bring the required job offers made to [MASK] and to domestic workers to an approximate level . * * * In a very real sense . the availability of domestic workers depends largely upon the terms and conditions of employment offered .,6.236189801711589e-05,1.60917315952247e-05,2.232704355265014e-05,1.4874434555167682e-06,0.00024102930910885334,3.0165474527166225e-06,0.0002577015839051455,3.265376562922029e-06
880049950_1,880049950,19630529,D,0,migrants,direct,The domestic [MASK] and local seasonal employees in every month of 1962 far exceeded the number of Mexican nationals in the farm labor force .,0.00021127720538061112,0.0001258877746295184,5.587101895798696e-06,7.489284598705126e-06,0.00015627645188942552,1.6134512407006696e-05,0.00291239470243454,1.8422186258248985e-05
880049950_1,880049950,19630529,D,1,Mexican nationals,nat_role,The domestic migrants and local seasonal employees in every month of 1962 far exceeded the number of Mexican [MASK] in the farm labor force .,9.621324352337979e-06,4.05933724323404e-06,1.5181135495367926e-06,2.6203565539617557e-06,1.982092908292543e-05,6.178506737342104e-06,0.002532677026465535,6.657828066636284e-07
870011183_17,870011183,19610216,D,0,Mexican nationals,nat_role,Obviously . if there is overcontracting for Mexican [MASK] . the result is that the labor market . which is in part supplied by domestic workers . will be oversupplied .,6.780675448680995e-06,0.00035472773015499115,2.313239747309126e-06,3.0989119750302052e-06,7.966284465510398e-05,1.3606315860670293e-06,0.00042541735456325114,2.4353348635486327e-06
870011183_17,870011183,19610216,D,1,Mexican nationals,nat_role,It is a matter for the Congress to clarify and to set proper regulations and safeguardsboth for the protection of Mexican [MASK] and also to make certain that the Mexican farm labor program is not misused to the detriment of domestic workers and domestic agriculture .,0.013807299546897411,0.0011672028340399265,2.3158183466875926e-05,7.421215741487686e-06,6.563376518897712e-05,2.475112751199049e-06,0.0007139610243029892,7.056586582621094e-06
870011183_17,870011183,19610216,D,2,Mexican,nationality,It is a matter for the Congress to clarify and to set proper regulations and safeguardsboth for the protection of Mexican nationals and also to make certain that the [MASK] farm labor program is not misused to the detriment of domestic workers and domestic agriculture .,3.7167160371609498e-06,2.1512501007237006e-06,8.974090519586753e-07,1.2129851256759139e-06,2.1638622911268612e-06,4.243264868364349e-07,2.2044507204554975e-05,5.581397317655501e-07
880126797_21,880126797,19631203,D,0,Mexican workers,nat_role,The resultemployment of Mexican [MASK] in this country at the expense of unemployment of domestic workers .,9.716672138893045e-06,0.00013928876433055848,1.7561567801749334e-05,6.1633095356228296e-06,5.258130477159284e-05,6.221278454177082e-06,0.0028337908443063498,5.858601980435196e-06
880078507_6,880078507,19630815,D,0,Mexican,nationality,The [MASK] farm labor program provides an orderly . regulated method of recruiting needed Mexican farmworkers .,2.1959388050163398e-06,2.097053993566078e-06,8.441029990535753e-07,2.2916524358151946e-06,4.951974005962256e-06,1.2217110452183988e-06,0.00029415750759653747,2.1011972251017141e-07
880078507_6,880078507,19630815,D,1,Mexican farmworkers,nat_role,The Mexican farm labor program provides an orderly . regulated method of recruiting needed Mexican [MASK] .,8.618811261840165e-05,2.089978806907311e-05,8.273937055491842e-07,2.9865901751691126e-07,6.737710464221891e-06,6.812485935370205e-07,0.002886405913159251,2.033121120348369e-07
880078507_6,880078507,19630815,D,2,Mexican workers,nat_role,Under it the Secretary of Labor . pursuant to an agreement with Mexico . recruits Mexican [MASK] . receives and houses them at reception centers in the United States . furnishes them transportation between such reception centers and recruitment centers in Mexico . provides them with necessary subsistence . emergency medical care . and burial expenses during such transportation and reception . assists them in negotiating contracts with employers . and guarantees performance by the employers of their obligations as to wages and transportation .,7.48938418837497e-06,5.171957127458882e-06,4.911155997433525e-07,4.4776817276215297e-07,2.683506409084657e-06,7.418879022225155e-07,0.030057581141591072,2.8969930099265184e-07
870127889_5,870127889,19610911,R,0,Mexican workers,nat_role,This problem does not affect substantially my State . for in 1960 only 76 Mexican [MASK] were employed in Kentucky . by individuals . and about 190 by associations .,4.053489647048991e-06,3.4086165214830544e-06,1.7710018482830492e-06,5.781701588603028e-07,3.1702613341622055e-05,3.7312515814846847e-06,0.0013467093231156468,9.517382864032697e-07
870127889_5,870127889,19610911,R,1,Mexican workers,nat_role,I oppose the amendment because I believe the Secretary of Labor has adequate authority to provide for the welfare of the Mexican [MASK] under the present law . and to protect domestic farm labor against the unnecessary use of Mexican labor if he will exercise that power .,0.00023344546207226813,6.453494279412553e-06,1.2240393516549375e-06,5.036642960476456e-06,2.7773974579758942e-05,1.2115269782952964e-06,0.0008971818606369197,2.968140961456811e-06
870127889_5,870127889,19610911,R,2,Mexican,nationality,I oppose the amendment because I believe the Secretary of Labor has adequate authority to provide for the welfare of the Mexican workers under the present law . and to protect domestic farm labor against the unnecessary use of [MASK] labor if he will exercise that power .,0.004237989895045757,3.655604814412072e-05,1.7318929167231545e-05,2.0171561118331738e-05,0.0010964523535221815,4.9379719712305814e-05,0.0015276253689080477,4.629311661119573e-06
870127185_18,870127185,19610908,D,0,Mexican,nationality,It is clear to me that the [MASK] labor supply made available by Public Law 78 constitutes the type of increase in labor supply which exerts a downward pressure on wage rates .,1.845602491812315e-05,4.9959824536927044e-05,8.216442438424565e-06,3.714083868544549e-05,1.6819276424939744e-05,1.1643958714557812e-05,6.591491546714678e-05,2.4099073925754055e-05
870127185_18,870127185,19610908,D,1,Mexican,nationality,Thus I understand and agree with the administrations contention that the [MASK] labor program has in fact produced an adverse effect upon the wages of U.S. farmworkers . and I believe it only proper that the continuation of this law be premised upon wage standards which will substantially prevent the depressing effect that has occurred in the past .,0.0001346469362033531,1.1479176464490592e-05,1.8048982383334078e-05,5.310773485689424e-05,3.749561437871307e-05,2.1520245354622602e-05,0.0009869633940979838,3.2121761250891723e-06
870127185_18,870127185,19610908,D,2,Mexican,nationality,Certainly I see nothing unreasonable in requiring that the farmer who desires [MASK] labor should pay them average wages .,0.00022368271311279386,3.4152679290855303e-05,1.538745209472836e-06,7.557539447589079e-06,0.0002370432484894991,2.5695130716485437e-06,0.00010794357513077557,4.547415755951079e-06
860242248_12,860242248,19600613,D,0,Mexican nationals,nat_role,It provides that the use of Mexican [MASK] shall be confined to seasonal employment or employment requiring no specialized skills .,3.178817860316485e-05,0.0006984644569456577,1.5839354091440327e-05,1.0019208275480196e-05,0.00011470163008198142,6.4682426454965025e-06,0.0026371057610958815,5.134709226695122e-06
860242248_12,860242248,19600613,D,1,Mexican nationals,nat_role,It permits the Secretary of Labor to establish specific criteria for judging whether the employment of Mexican [MASK] in the United States is adversely affecting the wages . employment opportunities . or working conditions of domestic workers similarly employed .,1.2953804571225191e-06,1.6027252058847807e-06,1.422483677515629e-07,1.8795797984694218e-07,2.300787400599802e-06,5.883124458705424e-07,0.00025981967337429523,1.8065750850837503e-07
860242248_12,860242248,19600613,D,2,Mexican workers,nat_role,It provides that no workers recruited under this program shall be made available to an employer unless the U.S. agricultural workers employed by such employer are paid at wage rates not less favorable than those required to be offered to Mexican [MASK] .,1.4366261893883348e-05,9.571919690642972e-06,1.976213525267667e-06,7.305634426302277e-07,1.427729512215592e-05,5.443526447379554e-07,0.0016930733108893037,6.432816803680907e-07
860294648_6,860294648,19600831,Unknown,0,Mexican,nationality,"Section 501 of such Act is amended by striking out the period at the end of L paragraph ( 6 ) . and inserting a semicolon in lieu thereof . and by adding at the end of such section a new paragraph as follows : - "" ( 7 ) to establish specific criteria for t Judging whether the employment of [MASK] agricultural workers in the United States is adversely affecting or will adversely affect the wages . working conditions . or employment opportunities of domestic workers similarly employed .",5.9161087847314775e-05,3.85068869945826e-06,2.7327509997121524e-06,1.7013878732541343e-06,1.784941014193464e-05,2.566267085057916e-06,4.3181855289731175e-05,3.7169584174989723e-06
860294648_6,860294648,19600831,Unknown,1,Mexicans,nationality,Such criteria shall include but shall not be limited to ( a ) failure of wages and earnings in activities and areas using [MASK] to advance with wage increases generally .,1.6733869415475056e-05,0.00028717113309539855,3.935427957912907e-05,8.057228842517361e-05,0.0012387688038870692,1.626020821277052e-05,0.001792587456293404,0.0007960503571666777
860294648_6,860294648,19600831,Unknown,2,Mexican,nationality,( b ) the relationship between [MASK] employment trends and wage trends in areas using Mexican workers .,7.668000762350857e-06,1.3358161595533602e-05,4.455982707440853e-05,1.9464814613456838e-05,7.220944553409936e-06,4.814373824046925e-06,2.6539866667008027e-05,1.6880354451132007e-05
860294648_6,860294648,19600831,Unknown,3,Mexican workers,nat_role,( b ) the relationship between Mexican employment trends and wage trends in areas using Mexican [MASK] .,7.1972108344198205e-06,0.0010314304381608963,6.5667773014865816e-06,2.6804578737937845e-05,0.0015453356318175793,8.067996532190591e-06,0.0005990314530208707,1.1875537893502042e-05
860294648_6,860294648,19600831,Unknown,4,Mexican,nationality,( c ) differences in wage and earning levels of workers on farms using [MASK] labor compared with nonusers .,0.0009192072902806103,3.695731720654294e-05,1.2365438124106731e-05,1.939885078172665e-05,0.004444759804755449,2.4779954401310533e-05,0.0007033554720692337,2.3315205908147618e-05
820045264_4,820045264,19510426,R,0,Mexican,nationality,But the question arose as to whether the recruitment and employment of available American labor should be included in a bill which would authorize recruitment and arrangements to employ [MASK] labor .,1.9252076526754536e-05,1.4444425687543117e-05,2.884586137952283e-06,2.1120215478731552e-06,1.4897122127877083e-05,1.9202725525246933e-06,0.00046603521332144737,2.647018391144229e-06
820045264_4,820045264,19510426,R,1,Mexican,nationality,However . there were complications involved in including the recruitment of American labor along with [MASK] labor .,3.864255268126726e-05,3.36890880134888e-05,3.61118372893543e-06,2.4735741135373246e-06,3.610744533943944e-05,5.30735997017473e-06,0.00019238142704125494,3.88693160857656e-06
820045264_4,820045264,19510426,R,2,Mexican,nationality,[MASK] labor is not entitled to any socialsecurity benefits . whereas domestic labor is so entitled .,0.0005207009380683303,2.0113735445193015e-05,8.592586709710304e-06,2.6370973955636146e-06,0.0001540544326417148,1.570582389831543e-05,5.110823622089811e-05,3.695286068250425e-06
820045264_4,820045264,19510426,R,3,Mexican,nationality,The State Department recently concluded an agreement with the [MASK] Government which would provide for the recruitment of Mexican labor under the supervision of the two Governments .,7.506562837988895e-07,3.3394428555766353e-07,2.0697351033049927e-07,6.371996050802409e-07,2.3391061176880612e-07,3.7908023386989953e-07,1.1459554116299842e-05,2.3635797674614878e-07
820045264_4,820045264,19510426,R,4,Mexican,nationality,The State Department recently concluded an agreement with the Mexican Government which would provide for the recruitment of [MASK] labor under the supervision of the two Governments .,0.00012370658805593848,1.2163260180386715e-05,3.891159394697752e-06,7.623213605256751e-06,8.490045001963153e-05,3.263469352532411e-06,0.0009103268967010081,1.7757814703145414e-06
970278139_33,970278139,19821219,D,0,migrant,direct,Yet the bill preserves the rights of [MASK] and seasonal farm workers against abusive employment practices .,0.00019477290334179997,1.7622747691348195e-05,1.5051304217195138e-05,2.805234180414118e-05,2.1237112378003076e-05,8.966120731201954e-06,0.00011007169814547524,1.6979185602394864e-05
970278139_33,970278139,19821219,D,1,migrant,direct,Third . the bill distinguishes between [MASK] agricultural workers and seasonal agricultural workers . under the bill migrant agricultural workers are those who are working away from their home overnight . while seasonal agricultural workers are those who live at home and commute to agricultural employment .,1.5430137523253507e-07,7.334509888323737e-08,4.037159939684898e-09,8.007793894648785e-08,3.7577471800887e-08,2.037647561792255e-08,2.5803404923863127e-07,2.920137198714201e-08
970278139_33,970278139,19821219,D,2,migrant,direct,Third . the bill distinguishes between migrant agricultural workers and seasonal agricultural workers . under the bill [MASK] agricultural workers are those who are working away from their home overnight . while seasonal agricultural workers are those who live at home and commute to agricultural employment .,1.191375531561789e-06,1.2643542959267506e-06,1.1151948342558171e-07,9.396660516358679e-07,1.6113081073854119e-06,7.740207763617946e-08,4.615173111233162e-06,3.096695024851215e-07
580034253_86,580034253,19040301,D,0,foreigner,direct,If the American laborer makes in a day an article or set ofarticles worth $ 8 for a wage of $ 2 . and the foreign laborer makes in a day an article or set of articles worth $ 3 for a wage of $ 1 . the American laborer gets less for his work than the [MASK] .,1.5254092886607395e-06,1.1933563655475155e-05,1.8779232391352707e-07,3.7711774325543956e-07,1.65709661814617e-05,5.509731408892549e-07,0.00018102797912433743,1.5202824670268456e-06
580034253_86,580034253,19040301,D,1,English,nationality,"The "" actual labor cost of a ton of steel rails and billets in this country . basing the statement on the statistics for 1901 . is lower than in England . although American wages are nominally higher than [MASK] wages .",1.4197144082572777e-06,1.173435157397762e-05,1.591528473454673e-07,9.321410487928006e-08,1.8592991182231344e-06,3.185706134445354e-07,7.035097951302305e-06,5.012475980947784e-07
580034253_86,580034253,19040301,D,2,German,nationality,The actual cost of the labor required to produce a certain grade of shoes in Massachusetts is 40 cents per pair . while in Germany the same labor costs 58 cents . although American wages are nominally higher than [MASK] wages .,3.1106401365832426e-07,1.668843651714269e-06,2.3917696267972133e-08,5.277046355445236e-08,5.2138570936222095e-06,9.042501005751546e-07,1.7281035979976878e-06,6.012487574480474e-08
870052570_4,870052570,19610523,D,0,Mexican,nationality,The [MASK] farm labor programPublic Law 78 - -was established as a temporary measure in 1951 at the time of the Korean conflict .,2.105114981532097e-05,1.5186922610155307e-05,7.885369086579885e-06,1.199739745061379e-05,2.9892389648011886e-05,9.289334229833912e-06,0.006417715921998024,1.7129234493040713e-06
870052570_4,870052570,19610523,D,1,Mexican,nationality,Government has entered into agreements with the Republic of Mexico to regulate the conditions under which the [MASK] agricultural workers can be employed in the United States .,7.554283001809381e-06,7.157803338486701e-06,6.1567025113618e-06,8.688747584528755e-06,2.189906626881566e-05,1.7391042774761445e-06,0.00013436736480798572,4.702709702542052e-06
870052570_4,870052570,19610523,D,2,Mexican nationals,nat_role,The contract provides a number of benefits for Mexican [MASK] : Payment of transportation costs . free housing which must meet minimum standards . a guarantee of work opportunities for at least threefourths of the workdays in the contract period . insurance to cover major occupational hazards . and wage guarantees .,1.1792701570811914e-06,7.486443109883112e-07,1.966149199006395e-07,2.108101568865095e-07,1.0620710781950038e-06,4.0159747527468426e-07,0.00026490745949558914,1.5143373843784502e-07
870052570_4,870052570,19610523,D,3,Mexican,nationality,The [MASK] Government has set a minimum of 50 cents per hour for Mexican nationals employed under contract for work in this country .,2.8572095800427633e-08,5.208824660485334e-08,3.558717054374938e-08,5.434892003108871e-08,3.510362134306888e-08,1.1662576682169856e-08,2.4223402306233766e-07,1.85806285912804e-08
870052570_4,870052570,19610523,D,4,Mexican nationals,nat_role,The Mexican Government has set a minimum of 50 cents per hour for Mexican [MASK] employed under contract for work in this country .,8.443998922302853e-06,2.8396921152307186e-06,2.2041240299586207e-07,1.6237363809068484e-07,2.8697322704829276e-05,2.7376331672712695e-06,0.0028034124989062548,4.819167429559457e-07
820052583_2,820052583,19510507,D,0,Mexican worker,nat_role,Secondly . the American worker shall not be compelled to work under conditions less favorable than those under which a Mexican [MASK] labors .,2.2437330699176528e-05,4.488019385462394e-06,5.079944003227865e-07,1.6840085663716309e-06,8.751024142839015e-05,4.752166660182411e-06,0.0016333061503246427,1.2215895139888744e-06
880049829_13,880049829,19630529,D,0,Mexican,nationality,The [MASK] Government handles the problem of locating qualified laborers in Mexico .,6.137305064157772e-08,9.605257389466715e-08,8.82594193285513e-08,7.890324127401982e-08,9.783881438352182e-08,3.087930267042793e-08,7.259121161951043e-07,5.9138244523637695e-08
880049829_13,880049829,19630529,D,1,Mexican workers,nat_role,Further . that bringing in the Mexican [MASK] will not have an adverse effect on the wages and working conditions of local workers .,1.8236894902656786e-05,8.107141184154898e-05,0.00027028247131966054,0.00012899487046524882,0.0010503299999982119,2.175846566387918e-05,0.18791969120502472,0.00010177860531257465
890117669_35,890117669,19650819,D,0,Canadian,nationality,But they have used [MASK] labor in the past to fill the relatively few positions for which no Americans . either New Hampshire residents or migrant laborers . were available .,0.00021840236149728298,3.21496045216918e-05,8.940194675233215e-06,5.620505180559121e-05,0.0001529496512375772,1.7296541045652702e-05,0.0009040746954269707,7.887363608460873e-06
890117669_35,890117669,19650819,D,1,migrant,direct,But they have used Canadian labor in the past to fill the relatively few positions for which no Americans . either New Hampshire residents or [MASK] laborers . were available .,3.280822420492768e-05,2.813831451931037e-05,3.489325081318384e-06,7.338796876865672e-06,1.4793314221606124e-05,1.7529848719277652e-06,6.652231240877882e-05,3.5324092095834203e-06
780134354_b000,780134354,19431217,R,0,Jamaican,nationality,This letter refers to the [MASK] labor brought in under this program .,0.001149659394286573,0.00032625114545226097,9.419907291885465e-05,0.0001443461369490251,0.0005496001103892922,1.970081211766228e-05,0.0013801755849272013,0.00018387289310339838
880049817_20,880049817,19630529,D,0,Mexican nationals,nat_role,I submit further that those growers who now use Mexican [MASK] would find no difficulty in getting their crops harvested .,0.0004681697755586356,0.00038876954931765795,0.00017212310922332108,4.409726898302324e-05,0.002212648978456855,3.786093884627917e-06,0.00025682372506707907,3.847997959383065e-06
880049817_20,880049817,19630529,D,1,Mexican nationals,nat_role,"I submit . further . that the extension of this program is more to the advantage of farm labor associationswhich is a glorified way of saying "" farm labor contractors""-and to other middlemen who provide services to Mexican [MASK] . than it is to farmers themselves .",0.00020957663946319371,4.984070983482525e-05,6.468893843702972e-06,8.424763109360356e-06,0.00019079430785495788,6.686274900857825e-06,0.0018072847742587328,4.811296548723476e-06
870141030_30,870141030,19610922,D,0,Mexican national,nat_role,Nevertheless . without such an amendment it would be unconscionable to extend the Mexican [MASK] program .,4.124583938391879e-05,8.89106304384768e-05,9.165718438453041e-06,4.752088352688588e-05,6.886748451506719e-05,7.588393782498315e-05,0.00110708549618721,3.606259724620031e-06
870141030_30,870141030,19610922,D,1,Mexican workers,nat_role,All the amendment did was to require growers who use Mexican [MASK] to pay those workers 90 percent of the average farm wage rate in the State or the Nation . whichever is the lower .,0.0001621061674086377,0.0008577622938901186,3.914734043064527e-05,5.795843662781408e-06,0.0008843620889820158,2.677135398698738e-06,0.0001530641020508483,1.1371189430064987e-06
870141030_30,870141030,19610922,D,2,Mexican,nationality,By raising [MASK] wages it might indirectly help raise domestic wages a little in those areas where Mexicans are employed .,6.364302680594847e-05,0.00018311967141926289,8.998234989121556e-06,1.073349267244339e-05,0.00010223813296761364,8.045134563872125e-06,9.976301953429356e-05,4.018899744551163e-06
870141030_30,870141030,19610922,D,3,Mexicans,nationality,By raising Mexican wages it might indirectly help raise domestic wages a little in those areas where [MASK] are employed .,3.235312760807574e-05,1.678851003816817e-05,9.5402060651395e-07,2.9053448997728992e-06,7.271897629834712e-05,5.279866400087485e-06,0.0014098900137469172,6.964140766285709e-07
870141030_30,870141030,19610922,D,4,Mexican,nationality,It applies only to the growers who use [MASK] labor .,0.004477428272366524,1.0006771844928153e-05,5.534454430744518e-06,8.936627637012862e-06,0.0014341318747028708,1.864579644461628e-05,0.000354894669726491,7.253584499267163e-06
860189913_45,860189913,19600314,Unknown,0,Mexican,nationality,The [MASK] farmlabor program . authorized by what is commonly termed Public Law 78 . has also been used as a means of extending regulation to the employment of domestic farmworkers .,0.0003040324372705072,9.262854291591793e-06,1.208493449667003e-05,2.803064853651449e-05,5.541223436011933e-05,2.3555980078526773e-05,0.0004920101491734385,1.0824591299751773e-05
860189913_45,860189913,19600314,Unknown,1,Mexican,nationality,This statute contains a provisiom that the Secretary of Labor must determine that the [MASK] farmlabor program is not adversely affecting wages and working conditions of domestic farmworkers .,0.0001782670005923137,8.340524800587445e-06,1.6614085325272754e-05,3.209981878171675e-05,2.4934790417319164e-05,2.048168062174227e-05,0.0004848252283409238,8.788019840721972e-06
860189913_45,860189913,19600314,Unknown,2,Mexican workers,nat_role,To an increasing extent this authority is being used by the Spcretary of Labor to require either increases in wages paid Mexican [MASK] to avoid adverse effect on domestic workers or to require employers to do certain things for domestic workers as a condition of eligibility for employment of Mexican nationals .,1.2155341266861797e-07,1.2271144669284695e-06,2.7374440492167196e-08,7.527253131911493e-08,9.114153840528161e-07,1.5330007840930193e-07,9.770660835783929e-05,3.98737682871797e-08
860189913_45,860189913,19600314,Unknown,3,Mexican nationals,nat_role,To an increasing extent this authority is being used by the Spcretary of Labor to require either increases in wages paid Mexican workers to avoid adverse effect on domestic workers or to require employers to do certain things for domestic workers as a condition of eligibility for employment of Mexican [MASK] .,2.674657707757433e-06,1.9988867279607803e-05,6.576188980034203e-07,9.080368101876957e-08,5.253476956568193e-06,8.774424031798844e-07,0.00019014140707440674,9.593552476871992e-07
860193459_50,860193459,19600317,D,0,Mexican farmworkers,nat_role,In short . the importation of the nearly half million Mexican [MASK] contributes to the unfortunate condition of American farmworkers . just as it does to the loss of livelihood of the farm family .,0.0002202983887400478,0.00022932709543965757,1.8048376659862697e-05,3.5046678021899424e-06,3.443666355451569e-05,8.222658834711183e-06,0.0033086014445871115,2.1894361452723388e-06
880078522_53,880078522,19630815,D,0,Mexican,nationality,But the [MASK] agreement requires that the Mexicans be paid the prevailing rates .,4.198905116936658e-06,6.596669845748693e-05,3.044397999474313e-06,2.879266867239494e-05,6.179508545756107e-06,3.0496823910652893e-06,5.872291512787342e-05,6.406866305042058e-06
880078522_53,880078522,19630815,D,1,Mexicans,nationality,But the Mexican agreement requires that the [MASK] be paid the prevailing rates .,0.00014201118028722703,0.0005358735797926784,1.1728208846761845e-05,8.403565880144015e-05,0.00034828821662813425,1.1862473911605775e-05,0.0023302342742681503,7.948625716380775e-05
880078522_53,880078522,19630815,D,2,Mexican,nationality,If domestic rates are raised to include a housing allowance . will the [MASK] rates have to be raised also ?,2.6001507649198174e-05,0.0001644957228563726,2.5445051505812444e-05,3.130699769826606e-05,2.6390176572022028e-05,1.5784216884640045e-05,9.763313573785126e-05,1.3743024283030536e-05
880078522_53,880078522,19630815,D,3,Mexican,nationality,This [MASK] agreement would so require .,0.00010668580216588452,7.43317068554461e-05,3.9892165659694e-05,1.5456509572686628e-05,4.002752393716946e-05,2.0299166862969287e-05,0.00011514557263581082,6.848624616395682e-05
870032782_54,870032782,19610330,D,0,Mexican workers,nat_role,Eligibility to employ Mexican [MASK] should be restricted to employers who make reasonable efforts to attract domestic workers by offeringand actually providingterms and conditions of employment reasonably comparable to those offered to foreign workers .,1.1178954991919454e-05,3.058319634874351e-05,3.6434526009543333e-06,5.971485279587796e-07,5.7978024415206164e-05,3.148078803860699e-06,0.0007764537585899234,2.0383076844154857e-06
870032782_54,870032782,19610330,D,1,Mexican workers,nat_role,Employment of Mexican [MASK] should be confined to employment in seasonal and temporary jobsless than yeararoundand to employment not involving the operation of or work on machinery . except in specific cases where found necessary by the Secretary of Labor to avoid hardship .,6.067607955628773e-06,2.8527501854114234e-05,4.218055437377188e-06,1.3437665984383784e-06,8.293022983707488e-05,9.08569109014934e-06,0.0008739890763536096,3.2758789529907517e-06
890020670_7,890020670,19650309,D,0,Mexican,nationality,Arizona has reduced its dependence on [MASK] farm labor .,0.008408072404563427,1.8942846509162337e-05,3.7714846712333383e-06,1.0263386684528086e-05,0.0007369313971139491,1.8219487174064852e-05,0.0005120784044265747,2.745523715930176e-06
890020670_7,890020670,19650309,D,1,Mexican,nationality,From 1960 to 1963 . manmonths of [MASK] labor in Arizona declined 49 percent .,0.0001461858773836866,2.5869017918012105e-05,6.962797669984866e-06,1.539553704787977e-05,0.0006600550841540098,3.4731824598566163e-06,0.001243293285369873,3.0876246910338523e-06
870141374_135,870141374,19610922,D,0,Mexicans,nationality,[MASK] do virtually 100 percent of the work .,0.0002708062529563904,1.9991673525510123e-06,1.2061555935360957e-05,3.066580029553734e-05,0.0004168104496784508,6.481588934548199e-05,0.0010526137193664908,1.9710828382812906e-06
870141374_135,870141374,19610922,D,1,Mexicans,nationality,Farm wages run as low as 30 cents an hour . and in some areas where [MASK] are used in great numbers . wages have actually declined in recent years .,0.03341619297862053,0.0034074741415679455,4.937855919706635e-05,5.282403435558081e-05,0.01626247726380825,0.00011537761020008475,0.001660875859670341,6.016672159603331e-06
880049958_8,880049958,19630529,R,0,Mexican,nationality,It falls hardest on the small farmer who either can not afford to pay .any outside help at all or who operates in an area where [MASK] labor is unavailable .,0.0013373112305998802,3.280545206507668e-05,2.3482048163714353e-06,6.523140200442867e-06,0.000981681514531374,2.4897153707570396e-06,0.00023361713101621717,6.406838110706303e-06
880049958_8,880049958,19630529,R,1,Mexicans,nationality,Under their contract terms . the [MASK] must work where they are contracted for and can not search elsewhere for better conditions .,0.0005001284298487008,7.182463014032692e-05,1.917165172926616e-05,8.530777449777815e-06,0.00014445136184804142,4.358290243544616e-05,0.0018594011198729277,3.614694651332684e-05
870140353_16,870140353,19610921,D,0,Mexican national,nat_role,American employers or growers who use Mexican [MASK] workers must pay at least 50 cents an hour to the Mexican nationals who are brought into this country under that law .,2.3509046513936482e-06,1.8329576050746255e-05,3.5519137782102916e-06,2.088730070681777e-06,7.758462015772238e-05,8.791494110482745e-07,0.0003760844701901078,1.019660203382955e-06
870140353_16,870140353,19610921,D,1,Mexican nationals,nat_role,American employers or growers who use Mexican national workers must pay at least 50 cents an hour to the Mexican [MASK] who are brought into this country under that law .,4.961585545970593e-06,4.6626973926322535e-06,8.057020295382245e-07,4.648680373975367e-07,7.378580903605325e-06,9.028687486534182e-07,0.0008486795704811811,3.0450263466264005e-07
870140353_16,870140353,19610921,D,2,migrant,direct,However . the employers are not required to pay 50 cents an hour to American [MASK] or nonmigrant workers who are employed in the same kind of work .,2.6944064757117303e-06,3.668087811092846e-05,1.856897142715752e-05,4.4971011448069476e-06,4.8115482059074566e-05,1.1620584700722247e-05,0.002383686602115631,5.37744472239865e-06
870140353_16,870140353,19610921,D,3,Mexican nationals,nat_role,We had testimony to the effect that in certain areas of the country Mexican [MASK] employed in this type of work were paid 50 cents an hour minimum under the agreement with Mexico but Americans employed in the same type of work were earning only 30 cents an hour .,5.18435683716234e-07,1.1826840591311338e-06,6.174992961405223e-08,3.431265582776177e-08,2.830648327289964e-06,2.931600988631544e-07,0.00019702121790032834,4.7214982146215334e-08
870140353_16,870140353,19610921,D,4,Mexicans,nationality,The committee evidently felt that Americans should be paid as much as was being paid to [MASK] .,0.00032265816116705537,0.00015472157974727452,3.776563244173303e-05,1.5921819795039482e-05,0.00010218931856798008,1.4662488865724299e-05,0.00280380854383111,3.75473900930956e-05
870140353_16,870140353,19610921,D,5,Mexican nationals,nat_role,My amendment proposed that Mexican [MASK] employed in this country be paid at least 90 percent of the average farm wage in the State or in the Nation whichever was lower .,6.468475476140156e-05,4.752030690724496e-06,8.622968152849353e-07,2.619981955831463e-07,3.4040895116049796e-05,1.4229873386284453e-06,0.004585237707942724,1.7418844322492077e-07
870041396_0,870041396,19610501,Unknown,0,Mexican,nationality,Speaker . the House will soon be asked . once again . to extend the [MASK] labor program under Public Law 78 . for a period of 2 years .,0.000259382271906361,7.063938028295524e-06,5.741585027863039e-06,4.1799019527388737e-05,0.00018218148034065962,6.471094820881262e-06,0.0015752683393657207,3.6285077840148006e-06
870041396_0,870041396,19610501,Unknown,1,Mexican,nationality,There is every evidence that the availability of [MASK] labor has had the effect of depressing labor standards among domestic workers . not only in the States where the braceros actually are employed . but in other States . such as my own State of Oregon . where the program has the secondary effect of substantially enlarging the surplus labor pool .,0.00023060126113705337,3.7505178624996915e-05,2.5138124328805134e-05,2.165298064937815e-05,0.0004970993031747639,9.894467439153232e-06,0.0004834962310269475,6.830827260273509e-06
870032782_54,870032782,19610330,D,0,Mexican workers,nat_role,Eligibility to employ Mexican [MASK] should be restricted to employers who make reasonable efforts to attract domestic workers by offeringand actually providingterms and conditions of employment reasonably comparable to those offered to foreign workers .,1.1178954991919454e-05,3.058319634874351e-05,3.6434526009543333e-06,5.971485279587796e-07,5.7978024415206164e-05,3.148078803860699e-06,0.0007764537585899234,2.0383076844154857e-06
870032782_54,870032782,19610330,D,1,Mexican workers,nat_role,Employment of Mexican [MASK] should be confined to employment in seasonal and temporary jobsless than yeararoundand to employment not involving the operation of or work on machinery . except in specific cases where found necessary by the Secretary of Labor to avoid hardship .,6.067607955628773e-06,2.8527501854114234e-05,4.218055437377188e-06,1.3437665984383784e-06,8.293022983707488e-05,9.08569109014934e-06,0.0008739890763536096,3.2758789529907517e-06
880078608_54,880078608,19630815,D,0,Mexican nationals,nat_role,Mexican [MASK] are not employed by hundreds of thousands of growers .,0.00017532210040371865,3.399688648642041e-05,5.884475467610173e-05,4.673715011449531e-06,0.0005737233441323042,3.053298860322684e-05,0.0015528668882325292,5.327837243385147e-06
880078608_54,880078608,19630815,D,1,Mexican nationals,nat_role,On the basis of the legislative history in the debate of 1961 . the Secretary of Labor has held public hearings and made economic analyses regarding the adverse effect on the wages of domestic workers . and established a scale of wages as the minimum for which Mexican [MASK] could be hired .,4.047848051413894e-06,4.701259513240075e-06,1.789380092986903e-07,9.581235360656137e-08,1.4753461073269136e-05,5.038207859797694e-07,0.0007562972605228424,2.226862534371321e-07
880078608_54,880078608,19630815,D,2,European,nationality,We Americans ought to stop worrying so much about the [MASK] Common Market . and give some attention to developing a. genuine common market in America .,3.220029839212657e-06,1.3678889445145614e-05,6.630813913943712e-06,1.8270027339895023e-06,4.8566009354544804e-05,5.414525503510959e-07,9.593522918294184e-06,6.774448593205307e-06
870127929_39,870127929,19610911,R,0,Mexican,nationality,The higher costs of these advantages make it difficult to compete with regions in which wages are unrealistically low because of the [MASK] program .,0.00012024512398056686,0.0004388685920275748,8.31996148917824e-05,0.0001288852363359183,0.0001731161173665896,0.00015799017273820937,0.0001679813431110233,4.69740443804767e-05
870127929_39,870127929,19610911,R,1,Mexican workers,nat_role,Many eastern farmers . including farmers in New York State . suffer because of the competitive advantage of regions in which a readily available supply of Mexican [MASK] forces down wage rates .,0.00023120713012758642,0.01636454276740551,2.3318738385569304e-05,4.114271177968476e-06,0.00022863362391944975,6.043325811333489e-06,0.0004703951708506793,2.3873808459029533e-06
870127929_39,870127929,19610911,R,2,migrants,direct,Wages for [MASK] in parts of the South and Southwest are as low as 30 cents per hour .,4.594897836796008e-05,4.445995728019625e-05,1.5931237840050017e-06,4.158117462793598e-06,0.00012757725198753178,4.162494860793231e-06,0.000988022773526609,4.0767818632048147e-07
870052570_4,870052570,19610523,D,0,Mexican,nationality,The [MASK] farm labor programPublic Law 78 - -was established as a temporary measure in 1951 at the time of the Korean conflict .,2.105114981532097e-05,1.5186922610155307e-05,7.885369086579885e-06,1.199739745061379e-05,2.9892389648011886e-05,9.289334229833912e-06,0.006417715921998024,1.7129234493040713e-06
870052570_4,870052570,19610523,D,1,Mexican,nationality,Government has entered into agreements with the Republic of Mexico to regulate the conditions under which the [MASK] agricultural workers can be employed in the United States .,7.554283001809381e-06,7.157803338486701e-06,6.1567025113618e-06,8.688747584528755e-06,2.189906626881566e-05,1.7391042774761445e-06,0.00013436736480798572,4.702709702542052e-06
870052570_4,870052570,19610523,D,2,Mexican nationals,nat_role,The contract provides a number of benefits for Mexican [MASK] : Payment of transportation costs . free housing which must meet minimum standards . a guarantee of work opportunities for at least threefourths of the workdays in the contract period . insurance to cover major occupational hazards . and wage guarantees .,1.1792704981417046e-06,7.486445383619866e-07,1.9661497674405837e-07,2.1081022794078308e-07,1.0620713055686792e-06,4.015976173832314e-07,0.0002649075468070805,1.5143378107040917e-07
870052570_4,870052570,19610523,D,3,Mexican,nationality,The [MASK] Government has set a minimum of 50 cents per hour for Mexican nationals employed under contract for work in this country .,2.8572095800427633e-08,5.208824660485334e-08,3.558717054374938e-08,5.434892003108871e-08,3.510362134306888e-08,1.1662576682169856e-08,2.4223402306233766e-07,1.85806285912804e-08
870052570_4,870052570,19610523,D,4,Mexican nationals,nat_role,The Mexican Government has set a minimum of 50 cents per hour for Mexican [MASK] employed under contract for work in this country .,8.443998012808152e-06,2.839691887857043e-06,2.2041238878500735e-07,1.6237362387983012e-07,2.869731906685047e-05,2.737632939897594e-06,0.002803412266075611,4.819166861125268e-07
870142253_58,870142253,19610923,D,0,Mexicans,nationality,Where an ample supply of workers ( [MASK] ) are available at 50 cents per hour . for instance . employers do not voluntarily offer to pay higher wages .,0.00018350567552261055,0.000945747597143054,7.871910202084109e-05,5.4534692026209086e-05,0.0009836095850914717,5.1589195209089667e-05,0.0006918049184605479,0.00015616731252521276
870142253_58,870142253,19610923,D,1,Mexican workers,nat_role,In many areas using a significant number of Mexican [MASK] this wage ceiling has remained frozen at this level for 10 years . as the direct result of the Mexican labor program .,1.5476534827030264e-05,0.0001283363380935043,5.568899723584764e-06,1.1362346867827e-06,8.403485844610259e-05,2.1378502879088046e-06,0.000791054917499423,9.66127117862925e-07
870142253_58,870142253,19610923,D,2,Mexican,nationality,In many areas using a significant number of Mexican workers this wage ceiling has remained frozen at this level for 10 years . as the direct result of the [MASK] labor program .,6.062742613721639e-05,1.1930174878216349e-05,7.610805369040463e-06,6.330363976303488e-05,7.08236257196404e-05,1.3559351828007493e-05,0.00021831355115864426,4.853442078456283e-06
870142253_58,870142253,19610923,D,3,Mexican,nationality,This is the fundamental vice of the present [MASK] labor program and the committee bill .,0.00011184960749233142,1.3240756743471138e-05,6.337949344015215e-06,0.00010187738371314481,0.0002941117563750595,8.586122930864803e-06,0.002448438201099634,7.646626727364492e-06
870142253_58,870142253,19610923,D,4,Mexicans,nationality,The conference report eliminates the keystone provision that would have improved braceros minimum wages and lessened the punishing competition of low wage [MASK] with American citizens who do migratory labor .,2.017641963902861e-05,4.713739690487273e-05,1.4250346112021361e-06,1.4231452496460406e-06,2.9307268050615676e-05,1.1335404224155354e-06,0.0001679692359175533,1.2430073184077628e-06
890013709_1,890013709,19650218,R,0,British,nationality,President . one of the most recent examples of Government action to increase farm costs has been the requirements imposed by the Secretary of Labor which must be met by farmers who wish to establish eligibility to employ farmworkers from Mexico . the [MASK] West Indies . or other foreign origins .,1.0500988167905234e-07,4.0642152043801616e-07,5.629178758681519e-07,7.957645209444308e-08,2.0214484663938492e-07,6.603298174923111e-08,1.0893894568653195e-06,3.1139791190071264e-07
890034255_13,890034255,19650406,D,0,Mexican,nationality,Thecommittee is convinced that this is an absolute necessity if a critical situation is to be avoided as a result of loss of foreign agricultural labor due to the expiration of the [MASK] farm labor program and the tightening of regulations relating to importation of other foreign labor .,7.285002357093617e-05,1.9026805603061803e-05,1.2559355127450544e-05,1.3191203834139742e-05,2.7777654395322315e-05,2.4305434635607526e-05,0.0005281828343868256,2.88919386548514e-06
820048151_14,820048151,19510501,R,0,Mexican nationals,nat_role,Let me say that the amendment would provide for the recruitment of Mexican [MASK] in Mexico and for their transportation to reception centers in the United States . not simply across the border from Mexico . but within the continental United States . at such points as in the opinion of the Secretary of Labor need for such workers shall be shown to exist . and at such points as in the opinion of the Secretary of Labor would serve to equalize the costs of the labor and its availability to American agriculture throughout the 48 States .,2.861051143554505e-06,7.055061360006221e-06,6.232089049262868e-07,1.5345516146680893e-07,3.259824097767705e-06,6.961689109630242e-07,0.004131280351430178,1.2959000628143258e-07
860263958_8,860263958,19600629,R,0,Mexican,nationality,The law provides that the Department of Labor must certify that American labor is not available before [MASK] labor can even be made available .,1.9273800717201084e-05,1.4393142919288948e-05,1.999156438614591e-06,1.897036554510123e-06,1.027008329401724e-05,1.845410679379711e-06,5.558942211791873e-05,2.0182574189675506e-06
860263958_8,860263958,19600629,R,1,migrant,direct,It is not an easy matter to work out [MASK] labor agreements with the Republic of Mexico .,9.994713764172047e-06,4.5720858906861395e-05,5.073978172731586e-06,6.725009825458983e-06,9.486794624535833e-06,3.741579803318018e-06,7.093106978572905e-05,2.451699856464984e-06
870045430_4,870045430,19610510,D,0,Mexican,nationality,It brushes aside the recommendations of the farm consultants who reported in 1959 to the Secretary of Labor that the [MASK] farm program was undermining the deplorable economic conditions of the farmworker .,0.00017709407256916165,5.385471467889147e-06,1.365450953016989e-05,6.816563109168783e-05,7.390911923721433e-05,0.00013395507994573563,0.002094476716592908,5.235070602793712e-06
870045430_4,870045430,19610510,D,1,Mexican workers,nat_role,It says to this body we shall continue to import Mexican [MASK] despite the adverse effect upon domestic labor . despite the substandard housing conditions and unsanitary conditions under which the bracero is living .,0.0003780826518777758,0.08810564130544662,3.112538252025843e-05,2.1476730580616277e-06,0.0002705457154661417,9.746259820531122e-06,0.0017353532603010535,2.451749651299906e-06
880127080_5,880127080,19631204,D,0,Mexican workers,nat_role,As it went to the House . the Senate bill did not discriminate against Mexican [MASK] .,1.5668623746023513e-05,2.1820675101480447e-05,1.2250421832504799e-06,2.2706567506247666e-06,4.756963335239561e-06,6.78139372212172e-07,0.0014866694109514356,1.7716066622597282e-06
880127080_5,880127080,19631204,D,1,Mexican farmworkers,nat_role,American workers . conditions comparable to those that are provided in the agreement entered into between the Government of the United States and the Government of Mexico for the contracting of Mexican [MASK] .,2.2750314201402944e-06,5.5634573072893545e-05,8.242767535193707e-07,1.1674755739932152e-07,1.4168436791806016e-05,2.898094919601135e-07,0.00015499995788559318,2.1125030968960345e-07
880127080_5,880127080,19631204,D,2,Mexican workers,nat_role,The Senate version provides that American workers must be offered comparable conditions in transportation . housing . workmens compen- . sation . work guarantees . and all other benefits that are now offered to the imported Mexican [MASK] .,9.173186299449299e-06,0.00025871500838547945,1.114894757847651e-06,1.036181288327498e-06,1.94595631910488e-05,6.536929504363798e-07,0.0005430290475487709,9.202599926538824e-07
870127962_15,870127962,19610911,R,0,Mexican workers,nat_role,The amendment would do one thing which it is difficult for me to see how the Congress of the United States can refuse to do . and that is give to U.S. workers on these farms the same consideration as to working conditions that are given to Mexican [MASK] .,4.308473944547586e-05,5.194950517761754e-06,7.791573466420232e-07,8.074963488979847e-07,1.276346119993832e-05,1.642120878386777e-06,0.0016818318981677294,3.049522092624102e-07
870127962_15,870127962,19610911,R,1,Mexican workers,nat_role,The Senator from Minnesota has said it gives them half as much as the Mexican [MASK] .,0.00017735482833813876,0.0002363330713706091,0.0001052896841429174,0.00017392021254636347,0.00134395866189152,2.983432204928249e-05,0.02052426151931286,8.085106674116105e-05
870127962_15,870127962,19610911,R,2,Mexican workers,nat_role,If Members of the Senate will examine the amendment . they will see that it refers to four specified working conditions . every one of which we provide to Mexican [MASK] .,8.801287913229316e-05,2.518833389331121e-05,6.507981652248418e-06,6.3885927374940366e-06,8.44948590383865e-05,3.132503024971811e-06,0.005462123081088066,3.2492855552845867e-06
780037446_5,780037446,19430408,D,0,Mexican workers,nat_role,In addition . after Mexican [MASK] are brought into the State we will then have to have some agency within the State which will be able to move such Mexican workers around .,2.165094883821439e-06,4.7695280954940245e-05,1.195351615024265e-06,3.180056182827684e-07,2.9887352866353467e-05,5.522601895791013e-07,0.0009423532756045461,1.668925335707172e-07
780037446_5,780037446,19430408,D,1,Mexican workers,nat_role,In addition . after Mexican workers are brought into the State we will then have to have some agency within the State which will be able to move such Mexican [MASK] around .,8.134085874189623e-06,0.00018466585606802255,1.56811597662454e-06,4.307606218389992e-07,3.5724882764043286e-05,5.637355116050458e-07,0.00019832186808343977,8.722689699425246e-07
780037446_5,780037446,19430408,D,2,Mexican workers,nat_role,But I wish to say to the distinguished Senator from Virginia . whose courage and intellect I so very much admire . that I do not see how any farm extension agency in the State of California would have the power or the personnel or the authority to go down into Mexico and recruit Mexican [MASK] .,0.0004142167163081467,1.2568962119985372e-05,8.38685537019046e-06,3.456046897554188e-06,4.178531526122242e-05,1.7716029105940834e-05,0.06254511326551437,4.290499873604858e-06
870142295_20,870142295,19610923,Unknown,0,Mexican,nationality,The bill provides that no farmer can get any [MASK] labor until he has proved to the satisfaction of the Secretary of Labor that he can not secure domestic labor .,0.0014678194420412183,4.822073969990015e-05,2.4543558083678363e-06,2.1222106170171173e-06,0.00016510032583028078,5.125711140863132e-06,0.00018345429270993918,1.908688545881887e-06
870142295_20,870142295,19610923,Unknown,1,Mexican,nationality,The plan operates entirely at the discretion of the Secretary of Labor . and it is up to him to determine whether the [MASK] labor is needed or not needed .,4.346789501141757e-05,0.000273332028882578,3.0149971280479804e-05,5.750542914029211e-05,0.0002801996888592839,1.367538880003849e-05,0.0007469630218110979,6.650648720096797e-05
820047906_4,820047906,19510501,D,0,Mexican,nationality,I pointed out that before any [MASK] labor could be recruited . if the amendment pending with reference to placing the certification on a national basis is adopted . the Secretary of Labor would be bound to determine whether or not there was sufficient domestic labor available to do the work .,0.00023274621344171464,2.0024002878926694e-05,6.0751567616534885e-06,4.431627075973665e-06,0.00012060676090186462,1.4247260651245597e-06,0.0005886928993277252,1.3873495845473371e-05
820047906_4,820047906,19510501,D,1,Mexican,nationality,If he found that there was sufficient domestic labor available [MASK] labor could not be recruited .,0.00029362711939029396,2.6556179363979027e-05,2.2320659809338395e-06,3.7412219171528704e-06,5.736236198572442e-05,5.3658509386877995e-06,0.0005410286248661578,2.361440238018986e-06
870126974_35,870126974,19610908,Unknown,0,Mexican worker,nat_role,Perhaps the employer would be required to pay a higher wage to a local worker . but the agreement with Mexico provides that the Mexican [MASK] shall be paid not less than the prevailing wage rate paid to domestic workers .,2.220434680566541e-06,1.5040190191939473e-05,8.475295203425048e-07,6.459848691520165e-07,4.915132376481779e-05,2.042807864199858e-06,0.001049806596711278,2.462197699060198e-06
870126974_35,870126974,19610908,Unknown,1,Mexican workers,nat_role,If the domestic workers wages are raised to compensate for transportation and the prevailing wage is thereby raised . the Mexican [MASK] wage would have to be raised .,4.91226001031464e-06,2.2116862965049222e-05,4.499402166402433e-06,2.841805780917639e-06,0.0001551811583340168,1.1218780855415389e-05,0.0007299226126633584,1.3850225286660134e-06
870126974_35,870126974,19610908,Unknown,2,Mexicans,nationality,The two provisions could never be in perfect balance since an increase in either the prevailing wage or the wage paid the [MASK] would require an increase in the other .,3.851562360068783e-05,5.153959136805497e-05,9.500417036178987e-06,1.2116300240450073e-05,0.0009328174637630582,4.644422006094828e-05,0.0005783347296528518,6.153756112325937e-05
870045635_17,870045635,19610510,D,0,Mexican,nationality,""" Effect on Mexico "" : The [MASK] farm labor importation program is . in effect . a point 4 program to Mexico . the supporters of Public Law 78 have testified .",0.00019892794080078602,4.999985685572028e-05,2.8650983949773945e-05,3.4986427635885775e-05,2.392597889411263e-05,4.97303408337757e-05,0.0009427439072169363,9.348743333248422e-06
870045635_17,870045635,19610510,D,1,Mexican,nationality,While it is true that the money brought home by [MASK] braceros is of help to the Mexican economy . it can not be argued that this is a legitimate justification for a program which is undermining the economic position of American farmworkers .,3.1659865271649323e-06,2.4439705157419667e-06,1.280144601878419e-06,6.205625595612219e-07,2.077482349704951e-06,4.03824486738813e-07,2.2310683561954647e-05,1.9760045688599348e-07
870045635_17,870045635,19610510,D,2,Mexican,nationality,While it is true that the money brought home by Mexican braceros is of help to the [MASK] economy . it can not be argued that this is a legitimate justification for a program which is undermining the economic position of American farmworkers .,1.216758505506732e-06,6.668485639238497e-07,1.3318140190676786e-06,7.042801257739484e-07,2.627449248393532e-06,2.9116580435584183e-07,5.37687537871534e-06,2.461208907789114e-07
860263711_3,860263711,19600629,D,0,Mexican,nationality,I am speaking of the impact which the importation of [MASK] nationalsbraceroshas had on the employment of domestic workers .,1.8764549167826772e-05,6.035260594217107e-05,1.5092941794137005e-05,3.4800759749487042e-06,9.68028780334862e-06,1.3273170225147624e-05,0.00026939247618429363,5.672908628184814e-06
860263711_3,860263711,19600629,D,1,Mexican nationals,nat_role,There has been considerable testimony which would ead one to believe that domestic workers have been denied employment because of the employment of Mexican [MASK] .,2.0444907931960188e-05,7.981009730428923e-06,1.2610545127245132e-05,3.0518822313752025e-06,3.612849104683846e-05,5.776385478384327e-06,0.004327938426285982,4.739023097499739e-06
860263711_3,860263711,19600629,D,2,Mexican,nationality,Many of us contend that this is not a true picture and that . in fact . the inability of the farmer to obtain domestic labor has forced him to rely on the [MASK] contract worker .,0.00032632314832881093,0.0001396976731484756,1.9243329006712884e-05,1.6900430637178943e-05,0.00047296308912336826,9.474031685385853e-06,0.0003307671286165714,2.7739217330235988e-05
860263711_3,860263711,19600629,D,3,Mexican nationals,nat_role,The need for Mexican [MASK] is simple .,0.0002847973955795169,0.0021123120095580816,5.9753503592219204e-05,1.7894622942549177e-05,0.0003436956903897226,1.1976920177403372e-05,0.014318984001874924,9.550913091516122e-06
870246213_101,870246213,19620801,D,0,Mexican workers,nat_role,But to permit the employment of Mexican [MASK] for longer than the 210 days set forth by the Secretary of Labor would be to circumvent the express wishes and intent of the Congress and the requirements of the law itself .,1.3476063031703234e-05,8.656170393805951e-06,1.558589246997144e-06,3.9193724887809367e-07,4.005955997854471e-05,2.634207930896082e-06,0.0008959728293120861,1.8600271687319037e-06
870246213_101,870246213,19620801,D,1,Mexican nationals,nat_role,In its report the Senate Appropriations Committee states : It is concerned with the effect of the 210day limitation on employment of Mexican [MASK] in some areas of the United States where there is a yearlong growing season and lack of domestic labor .,2.5040924811037257e-05,3.252392389185843e-06,7.741284662188264e-07,8.523696237716649e-07,4.005836672149599e-06,8.441381282864313e-07,0.00046002998715266585,1.845092469920928e-07
870052570_63,870052570,19610523,D,0,Mexican nationals,nat_role,However . the farms using Mexican [MASK] are heavily concentrated . with about 12 percent of the farms in California .,0.0018089449731633067,0.0007914219168014824,9.377276001032442e-05,1.7190996004501358e-05,0.0008633935358375311,1.0487945473869331e-05,0.0002954246010631323,2.3991265152289998e-06
870052570_63,870052570,19610523,D,1,Mexicans,nationality,Of all the farms using [MASK] . about 70 percent are in two States : Texas and California .,0.005247080698609352,8.032203186303377e-05,9.610441338736564e-05,9.960614261217415e-05,0.004404344595968723,8.06555908638984e-05,7.805033965269104e-05,1.1396643458283506e-05
870052570_63,870052570,19610523,D,2,Mexican nationals,nat_role,Mexican [MASK] are employed in some 1.000 crop areas in 1960 in several States . but in a majority of these States their number was not significantsee table IV .,0.0001352778053842485,6.539768946822733e-06,4.505850483838003e-06,1.7688312254904304e-06,0.00029203356825746596,1.9085322492173873e-05,0.0022298458497971296,6.188367365211889e-07
870052570_63,870052570,19610523,D,3,Mexican,nationality,The bill which I am introducing would extend the [MASK] farm labor program for 2 years . until December 31 . 1963 .,2.749818486336153e-05,3.821207428700291e-06,2.4143769223883282e-06,5.622596290777437e-06,1.5680587239330634e-05,4.4822695599577855e-06,0.0016643262933939695,5.406877221503237e-07
870141031_34,870141031,19610922,D,0,Mexican workers,nat_role,These additional prohibitions would be imposed even though the Secretary of Labor can not now make Mexican [MASK] recruited under the act available for these activities if their employment would adversely affect wages and working conditions of domestic workers or fill jobs for which domestic workers are available .,9.128557394433301e-06,1.8734809827947174e-06,2.617997552079032e-07,2.2574495517346804e-07,1.0103010936290957e-05,1.5597805713696289e-06,0.005918740760535002,5.061137926531956e-07
880078714_11,880078714,19630815,D,0,migrant,direct,Every Member of this body would . of course . like to improve the conditions of domestic [MASK] workers .,0.0004217733512632549,0.0002556458057370037,1.097086351364851e-05,5.8184159570373595e-06,0.00037186453118920326,1.740031257213559e-05,0.005095870234072208,1.5541998436674476e-05
880078714_11,880078714,19630815,D,1,Mexican,nationality,To improve their lot and enable them to enjoy more of the better things in life now available every day to the average American will not be achieved merely by cutting off the [MASK] labor program .,0.00014458128134720027,2.0497471268754452e-05,1.8076570995617658e-05,4.078209531144239e-05,0.0007513202144764364,1.322593197983224e-05,0.005791161209344864,1.4210244444257114e-05
880078714_11,880078714,19630815,D,2,Mexican,nationality,I fail to see how eliminating the [MASK] labor program will have any appreciable effect on the wages or conditions of employment for domestic farmworkers .,0.000548435200471431,1.2942175089847296e-05,2.4472283257637173e-05,4.763687320519239e-05,0.00022852685651741922,3.788270987570286e-05,0.0022796846460551023,9.132615559792612e-06
880078714_11,880078714,19630815,D,3,Mexicans,nationality,Ample statutory and regulatory safeguards have been erected to prevent the use of [MASK] to replace domestic workers or their having any adverse effect on wages and working conditions .,0.001167930313386023,0.0001727644121274352,0.00040327737224288285,8.215034904424101e-05,0.06098327040672302,0.00034321402199566364,0.07157672941684723,0.00013768087956123054
880078714_11,880078714,19630815,D,4,migrants,direct,It makes little sense to cut off this program as a meaningless gesture of sympathy to the domestic [MASK] .,0.0039687007665634155,0.00037738445098511875,0.0005879949894733727,0.00020304345525801182,0.001710779732093215,0.0017993778456002474,0.017634298652410507,0.002551077166572213
870127173_8,870127173,19610908,D,0,Mexican workers,nat_role,It merely draws a linea most reasonable line . in my judgmentbeyond which the use of Mexican [MASK] will not be allowed to do damage to the American economy .,0.00015633576549589634,0.006344009190797806,8.888756565283984e-05,1.9679082470247522e-05,0.0008641201420687139,9.653189408709295e-06,0.10278491675853729,5.699072789866477e-05
870127173_8,870127173,19610908,D,1,Mexican workers,nat_role,Unfortunately . the operation of this basic economic principle has been stultified by the importation of large numbers of Mexican [MASK] for U.S. farmwork .,0.0017115178052335978,0.0010532751912251115,2.210529419244267e-05,9.171370038529858e-06,5.997102562105283e-05,4.0732629713602364e-05,0.001037603709846735,2.8263948479434475e-06
870127173_8,870127173,19610908,D,2,Mexican workers,nat_role,This has come about because Public Law 78 does not contain sufficient safeguards to prevent the use of Mexican [MASK] from adversely affecting the wages and job opportunities of American workers .,6.440892320824787e-05,0.0010417160810902715,0.00010926483082585037,2.2216354409465566e-05,0.0005099600530229509,9.520037565380335e-06,0.007378759793937206,9.385886187374126e-06
880250487_56,880250487,19640701,R,0,Mexican national,nat_role,This problem has not existed under the Mexican [MASK] program because the braceros are repatriated as soon as the job for which they are certified is completed or as soon as there are sufficient domestic workers available to take their place .,1.997982144530397e-05,7.1828994805400725e-06,3.322841394037823e-06,1.041485938912956e-05,5.182740278542042e-05,2.6886935302172787e-05,0.0006967647932469845,6.7401638261799235e-06
880250487_56,880250487,19640701,R,1,Mexican national,nat_role,Department of Labor have not emphasized and made known the facts related above as well as the fact that the Mexican [MASK] program is highly regulated .,5.494350989465602e-05,8.564071322325617e-05,5.9851613514183555e-06,8.614707439846825e-06,0.00010472741996636614,3.2423056836705655e-05,0.00012213991431053728,2.347460849705385e-06
880250487_56,880250487,19640701,R,2,Mexican nationals,nat_role,Menus must be regularly posted and strict supervision is provided for the type of food to be fed to Mexican [MASK] .,0.0008118606638163328,4.331613308750093e-05,6.924916760908673e-06,2.80277299680165e-06,2.1222775103524327e-05,9.494933692621998e-06,0.008815142326056957,2.3555126063001808e-06
870141031_34,870141031,19610922,D,0,Mexican workers,nat_role,These additional prohibitions would be imposed even though the Secretary of Labor can not now make Mexican [MASK] recruited under the act available for these activities if their employment would adversely affect wages and working conditions of domestic workers or fill jobs for which domestic workers are available .,9.128557394433301e-06,1.8734809827947174e-06,2.617997552079032e-07,2.2574495517346804e-07,1.0103010936290957e-05,1.5597805713696289e-06,0.005918740760535002,5.061137926531956e-07
830026088_27,830026088,19530415,D,0,Mexican workers,nat_role,Twentythree States have found it necessary to contract for Mexican [MASK] for short periods of time during the peak harvest season .,0.001397115527652204,0.006809239741414785,3.903937613358721e-05,3.532969276420772e-05,0.00023409501591231674,4.545089723251294e-06,0.00047699667629785836,2.995687054863083e-06
830026088_27,830026088,19530415,D,1,Mexican,nationality,Although the [MASK] migrant worker represents only a small percent of the total of those employed in American agriculture . it Is most vital in many States that these workers be made available when the particular commodity is ready for harvest .,8.753557631280273e-05,1.4359036867972463e-05,1.3101404874760192e-05,5.175548722036183e-06,1.4249411833588965e-05,4.60317323813797e-06,0.00011599079152802005,1.2779947610397357e-05
830026088_27,830026088,19530415,D,2,migrant,direct,Although the Mexican [MASK] worker represents only a small percent of the total of those employed in American agriculture . it Is most vital in many States that these workers be made available when the particular commodity is ready for harvest .,3.217866469640285e-05,5.7359425227332395e-06,1.2421078281477094e-06,9.605585091776447e-07,8.116490062093362e-05,4.106469077669317e-06,0.00011897676449734718,1.922463184200751e-07
830026088_27,830026088,19530415,D,3,migrant,direct,Before any farmer can obtain [MASK] workers under the provision of the law that is now on the statute books . such employer must enter into an agreement with the United States to do this : ( 1 ),0.00013710670464206487,0.00018489039211999625,6.663252861471847e-06,8.074644938460551e-06,0.00011805078975157812,1.5750299553474179e-06,0.00014544761506840587,3.6566975722962525e-06
850276744_5,850276744,19580814,D,0,Mexican farmworkers,nat_role,It should be pointed out that the law provides that no Mexican [MASK] will be made available for employment in any area unless the Secretary of Labor determines that the employment of such workers will not have an adverse effect on the wages and working conditions of domestic agricultural workers .,1.3668141946254764e-05,7.561135134892538e-06,7.881828878453234e-07,6.083511152610299e-07,0.00012529008381534368,3.948042831325438e-06,0.00104734324850142,5.366218260860478e-07
850276744_5,850276744,19580814,D,1,Mexican workers,nat_role,During fiscal 1958 about 418.000 Mexican [MASK] were contracted under the program .,0.00016015370783861727,9.869516361504793e-05,1.4745179214514792e-05,1.4691440810565837e-05,0.0003520459868013859,2.1687137632397935e-05,0.03207109495997429,4.042023192596389e-06
880126797_21,880126797,19631203,D,0,Mexican workers,nat_role,The resultemployment of Mexican [MASK] in this country at the expense of unemployment of domestic workers .,9.71667486737715e-06,0.0001392887788824737,1.7561569620738737e-05,6.163310899864882e-06,5.2581312047550455e-05,6.221279363671783e-06,0.002833791309967637,5.858602889929898e-06
870127173_8,870127173,19610908,D,0,Mexican workers,nat_role,It merely draws a linea most reasonable line . in my judgmentbeyond which the use of Mexican [MASK] will not be allowed to do damage to the American economy .,0.00015633576549589634,0.006344009190797806,8.888756565283984e-05,1.9679082470247522e-05,0.0008641201420687139,9.653189408709295e-06,0.10278491675853729,5.699072789866477e-05
870127173_8,870127173,19610908,D,1,Mexican workers,nat_role,Unfortunately . the operation of this basic economic principle has been stultified by the importation of large numbers of Mexican [MASK] for U.S. farmwork .,0.0017115178052335978,0.0010532751912251115,2.210529419244267e-05,9.171370038529858e-06,5.997102562105283e-05,4.0732629713602364e-05,0.001037603709846735,2.8263948479434475e-06
870127173_8,870127173,19610908,D,2,Mexican workers,nat_role,This has come about because Public Law 78 does not contain sufficient safeguards to prevent the use of Mexican [MASK] from adversely affecting the wages and job opportunities of American workers .,6.440892320824787e-05,0.0010417160810902715,0.00010926483082585037,2.2216354409465566e-05,0.0005099600530229509,9.520037565380335e-06,0.007378759793937206,9.385886187374126e-06
870045430_4,870045430,19610510,D,0,Mexican,nationality,It brushes aside the recommendations of the farm consultants who reported in 1959 to the Secretary of Labor that the [MASK] farm program was undermining the deplorable economic conditions of the farmworker .,0.00017709407256916165,5.385471467889147e-06,1.365450953016989e-05,6.816563109168783e-05,7.390911923721433e-05,0.00013395507994573563,0.002094476716592908,5.235070602793712e-06
870045430_4,870045430,19610510,D,1,Mexican workers,nat_role,It says to this body we shall continue to import Mexican [MASK] despite the adverse effect upon domestic labor . despite the substandard housing conditions and unsanitary conditions under which the bracero is living .,0.0003780826518777758,0.08810564130544662,3.112538252025843e-05,2.1476730580616277e-06,0.0002705457154661417,9.746259820531122e-06,0.0017353532603010535,2.451749651299906e-06
880078608_54,880078608,19630815,D,0,Mexican nationals,nat_role,Mexican [MASK] are not employed by hundreds of thousands of growers .,0.00017532210040371865,3.399688648642041e-05,5.884475467610173e-05,4.673715011449531e-06,0.0005737233441323042,3.053298860322684e-05,0.0015528668882325292,5.327837243385147e-06
880078608_54,880078608,19630815,D,1,Mexican nationals,nat_role,On the basis of the legislative history in the debate of 1961 . the Secretary of Labor has held public hearings and made economic analyses regarding the adverse effect on the wages of domestic workers . and established a scale of wages as the minimum for which Mexican [MASK] could be hired .,4.047848506161245e-06,4.701259967987426e-06,1.7893802350954502e-07,9.581236781741609e-08,1.475346289225854e-05,5.038207859797694e-07,0.0007562973187305033,2.2268626764798682e-07
880078608_54,880078608,19630815,D,2,European,nationality,We Americans ought to stop worrying so much about the [MASK] Common Market . and give some attention to developing a. genuine common market in America .,3.220029839212657e-06,1.3678889445145614e-05,6.630813913943712e-06,1.8270027339895023e-06,4.8566009354544804e-05,5.414525503510959e-07,9.593522918294184e-06,6.774448593205307e-06
870127929_4,870127929,19610911,R,0,Mexican workers,nat_role,In substance . the amendment gives to U.S. workers the same privileges . insofar as working conditions are concerned . as those provided for Mexican [MASK] . with the exception that the amendment does not provide for housing for American workers . which is provided for in the case of Mexican workers .,1.4012074416314135e-06,5.222937943472061e-06,3.505035124362621e-07,1.510384919356511e-07,1.8229620764032006e-06,7.659668881387915e-07,8.186751074390486e-05,5.064162564849539e-07
870127929_4,870127929,19610911,R,1,Mexican workers,nat_role,In substance . the amendment gives to U.S. workers the same privileges . insofar as working conditions are concerned . as those provided for Mexican workers . with the exception that the amendment does not provide for housing for American workers . which is provided for in the case of Mexican [MASK] .,1.8830279486792278e-06,4.559811713988893e-06,8.080304496616009e-07,3.767274847632507e-07,2.967194404845941e-06,1.3416916999631212e-06,7.271156209753826e-05,6.134092700449401e-07
870127929_4,870127929,19610911,R,2,Mexican workers,nat_role,American workers are to receive the same treatment that Mexican [MASK] receive .,4.313837052905001e-06,5.991021680529229e-06,4.195894689473789e-07,1.561133444738516e-07,2.6728666853159666e-06,8.971043143901625e-07,0.00043677695794031024,2.388738380432187e-07
870056477_8,870056477,19610526,Unknown,0,Mexican,nationality,Less than 2 percent of all American farmers hire [MASK] labor .,0.00641964515671134,5.4348665798897855e-06,2.210248339906684e-06,3.1717602269054623e-06,0.003164388472214341,5.107554898131639e-06,0.00017622904852032661,2.463325699864072e-06
890020631_b000,890020631,19650309,D,0,Canadian,nationality,I thank the Senator for his contribution . and wish him to know that already there has been placed in the RECORD a clear showing of the employment of both classes of [MASK] labor in New England and . in part . in his own State . which the Senator from Vermont has mentioned .,0.0003741101536434144,1.3316478543856647e-05,5.223655989539111e-06,4.2590891098370776e-05,0.0011083966819569468,3.440246246100287e-06,0.0005162683664821088,1.8820611558112432e-06
870142314_19,870142314,19610923,D,0,Mexican,nationality,Not a scintilla of justification has been offered for the oftrepeated contention that the alternative to this program is the influx of thousands of illegal [MASK] aliens .,0.0006550991092808545,0.00022028182866051793,0.00031686792499385774,8.770373824518174e-06,1.1496054867166094e-05,4.1658371628727764e-05,0.10614648461341858,7.318788266275078e-05
870142314_19,870142314,19610923,D,1,aliens,direct,Not a scintilla of justification has been offered for the oftrepeated contention that the alternative to this program is the influx of thousands of illegal Mexican [MASK] .,1.4357609870785382e-05,2.0796094759134576e-05,2.633462599987979e-06,4.451815129868919e-06,5.26043186255265e-06,2.6955781322612893e-06,0.0009011587826535106,1.7982177951125777e-06
870142314_19,870142314,19610923,D,2,Mexicans,nationality,It has been argued that this program is necessary in order to protect [MASK] and to assist Mexico .,0.004100371152162552,0.0003131559060420841,2.2310174244921654e-05,0.0001183038330054842,8.778527990216389e-05,1.1870779417222366e-05,0.0005827549612149596,0.00013057910837233067
870142314_19,870142314,19610923,D,3,Mexicans,nationality,If it is to protect [MASK] . then the McCarthy amendment increasing Mexican minimum wage should be adopted .,0.0007785909692756832,0.0003808916953857988,1.877472641353961e-05,1.1194309990969487e-05,0.00010701981955207884,6.6121456256951205e-06,0.000452677282737568,3.302469849586487e-05
870142314_19,870142314,19610923,D,4,Mexican,nationality,If it is to protect Mexicans . then the McCarthy amendment increasing [MASK] minimum wage should be adopted .,3.9005809071568365e-07,2.670164889195803e-08,3.506053758428607e-08,2.98090441219756e-08,5.737985731002482e-08,3.526457703628694e-08,3.865047801809851e-06,1.305175079124865e-08
880078788_81,880078788,19630815,R,0,Mexican nationals,nat_role,The situation in Colorado would be more serious inasmuch as your State uses more Mexican [MASK] than Utah does .,0.0003602946235332638,0.0004217652603983879,3.201365325367078e-05,1.5590077964589e-05,0.0002187978388974443,4.2421706893946975e-06,0.013602090068161488,1.2575220353028271e-05
880078788_81,880078788,19630815,R,1,Mexican national,nat_role,And again : The canning industry in the Rocky Mountain area needs a continuation of the Mexican [MASK] labor program whereby supplementary farm labor is made available for the growing of canning crops .,0.00028539946652017534,1.8932212242361857e-06,3.1013446459837724e-06,6.9213724600558635e-06,7.712788647040725e-05,3.215566266590031e-06,0.0016949719283729792,6.427266612263338e-07
820052244_37,820052244,19510507,D,0,Mexican,nationality,President . if we are to undertake a program of that character . we ought to make it apply not only to [MASK] labor . but to all forms of foreign as well as domestic labor that may be needed to maintain American agricultural production .,5.787544068880379e-05,8.420121048402507e-06,8.96361257218814e-07,4.265767188371683e-07,7.598767115268856e-05,8.867392580214073e-07,0.0002661907928995788,4.146596097598376e-07
820052244_37,820052244,19510507,D,1,Mexican,nationality,Today we have in force an agreement whereby employers in the United States go into Mexico . hire [MASK] labor . pay all of the expenses in connection with obtaining such labor . and in that way obtain a great many agricultural workers .,0.00037408489151857793,3.1652012694394216e-05,5.428526947071077e-06,2.928697085735621e-06,8.227429498219863e-05,1.8038937241726671e-06,0.0004132361791562289,1.6945027709880378e-06
820052244_37,820052244,19510507,D,2,Mexican,nationality,The [MASK] Government . however . does not desire to continue that agreement .,4.2935148485412356e-06,3.995778570242692e-06,2.058248810499208e-06,7.6035821621189825e-06,1.0831554391188547e-06,2.732864686549874e-06,2.149725150957238e-05,2.6736311156128068e-06
880062081_0,880062081,19630701,D,0,migrant,direct,I should hope that we will continue to reject any extension of this act which by injecting a large supply of cheap labor into the American agricultural market prevents the wages of domestic [MASK] workers from rising through the market forces of supply and demand .,0.0006448848871514201,8.636622806079686e-05,2.7416535886004567e-06,5.6192034207924735e-06,0.0014232754474505782,1.058853194990661e-05,0.0012542854528874159,2.448878376526409e-06
870141030_15,870141030,19610922,D,0,Mexicans,nationality,Why should wages be raised when [MASK] can be obtained at the lower rate of pay ?,3.801305138040334e-05,0.0087243327870965,1.5177981367742177e-05,1.974044062080793e-05,0.0001421581400791183,8.957264299169765e-07,0.00012789107859134674,2.6888748834608123e-05
860263711_50,860263711,19600629,D,0,Mexican national,nat_role,To obtain a dependable source of workers . farmers have utilized the Mexican [MASK] under the provisions of Public Law 78 .,0.00023327465169131756,0.0001239947450812906,0.00014850462321192026,0.00022371282102540135,0.0025571752339601517,2.3943510313984007e-05,0.015160001814365387,3.670060686999932e-05
860263711_50,860263711,19600629,D,1,migrant,direct,What about the use of [MASK] workers ?,0.00033467751927673817,8.70408839546144e-05,0.0001066501863533631,5.6646327720955014e-05,0.001498943893238902,7.889543485362083e-05,0.0009002653532661498,0.00011035837087547407
860263711_50,860263711,19600629,D,2,migrant,direct,The truth of the matter is that farmers experiences with [MASK] workers indicate that they are not always reliable farmhands .,0.001114679267629981,3.860227297991514e-05,5.3407780796987936e-05,3.7221136153675616e-05,0.0026075136847794056,8.785304089542478e-05,0.0003421420115046203,2.1064843167550862e-05
860263711_50,860263711,19600629,D,3,migrant,direct,These [MASK] workers do not like to stay in one place very long and in fact many times they will leave before all work is done for no apparent reason other than that they just want to move to a new area .,0.00017495448992121965,3.5708198993233964e-05,4.354287375463173e-05,2.439963645883836e-05,0.0004247957840561867,4.1610110201872885e-05,0.00026560210972093046,4.213753527437802e-06
1040203579_18,1040203579,19960429,R,0,alien,direct,Wages of U.S. farm workers will not be forced up by eliminating [MASK] labor . because growers production costs are capped by world market commodity prices .,0.0022354326210916042,7.398442539852113e-05,8.094844815786928e-05,2.2229349269764498e-05,0.0025764384772628546,0.00010169705637963489,0.0008707098313607275,6.10074021096807e-05
970275713_31,970275713,19821218,D,0,alien,direct,In Texas . for example . a week after the raids occurred . the Texas Employment Commission said they had made only 42 job referrals for 1.105 positions vacated by [MASK] workers .,5.695436630048789e-05,5.176655758987181e-05,1.3994266737427097e-05,3.685327465063892e-05,6.378410034812987e-05,1.121498007705668e-05,0.0005868400330655277,6.386075256159529e-06
970275713_31,970275713,19821218,D,1,Mexican workers,nat_role,In light of the drastic devaluation of the peso . the U.S. dollar is even more of a magnet to Mexican [MASK] who are 40percent underemployed or unemployed .,9.543264241074212e-07,1.5677111377954134e-06,1.9873159828875941e-07,1.6069889170466922e-06,1.338966285402421e-06,6.759976258763345e-07,0.0003071025712415576,2.5917552193277515e-07
880078728_57,880078728,19630815,R,0,Mexican,nationality,Is the decline in the manmonths of [MASK] labor which has taken place between 1959 and 1962 .,0.00042554191895760596,9.634326124796644e-05,1.3708478945773095e-05,3.785097214858979e-05,0.0008721366757526994,1.0856251719815191e-05,0.0012266440317034721,5.259175850369502e-06
880078728_57,880078728,19630815,R,1,Mexican,nationality,California . according to the Department of Labor . utilized 560.690 manmonths of [MASK] labor .,0.0013222858542576432,7.033596921246499e-05,1.7775329979485832e-05,2.673978451639414e-05,0.0008731132838875055,1.8640221242094412e-05,0.0012144696665927768,3.7219920159259345e-06
880078728_57,880078728,19630815,R,2,Mexican,nationality,Within 4 years this had declined by 32 percent to 378.570 manmonths of [MASK] labor .,0.0006793693173676729,9.634124580770731e-05,1.358591271127807e-05,2.6600628189044073e-05,0.0004627030866686255,1.2104093912057579e-05,0.001479647820815444,1.100686495192349e-05
880049805_5,880049805,19630529,D,0,Mexican,nationality,I tried to pass an amendment which would prohibit the use of [MASK] labor for crops that have controlled acreage and price supports .,0.024177245795726776,1.0405459761386737e-05,9.0847988758469e-06,8.91216222953517e-06,0.002414894988760352,4.359011654742062e-05,0.0008194039110094309,2.949671852547908e-06
860294648_6,860294648,19600831,Unknown,0,Mexican,nationality,"Section 501 of such Act is amended by striking out the period at the end of L paragraph ( 6 ) . and inserting a semicolon in lieu thereof . and by adding at the end of such section a new paragraph as follows : - "" ( 7 ) to establish specific criteria for t Judging whether the employment of [MASK] agricultural workers in the United States is adversely affecting or will adversely affect the wages . working conditions . or employment opportunities of domestic workers similarly employed .",5.9161076933378354e-05,3.85068869945826e-06,2.732750772338477e-06,1.7013876458804589e-06,1.7849408322945237e-05,2.5662668576842407e-06,4.318185165175237e-05,3.716958190125297e-06
860294648_6,860294648,19600831,Unknown,1,Mexicans,nationality,Such criteria shall include but shall not be limited to ( a ) failure of wages and earnings in activities and areas using [MASK] to advance with wage increases generally .,1.6733869415475056e-05,0.0002871711039915681,3.935427594115026e-05,8.0572281149216e-05,0.0012387686874717474,1.6260206393781118e-05,0.0017925873398780823,0.0007960502989590168
860294648_6,860294648,19600831,Unknown,2,Mexican,nationality,( b ) the relationship between [MASK] employment trends and wage trends in areas using Mexican workers .,7.668001671845559e-06,1.3358163414523005e-05,4.455982707440853e-05,1.946481643244624e-05,7.220945008157287e-06,4.814374278794276e-06,2.653986848599743e-05,1.688035627012141e-05
860294648_6,860294648,19600831,Unknown,3,Mexican workers,nat_role,( b ) the relationship between Mexican employment trends and wage trends in areas using Mexican [MASK] .,7.197212198661873e-06,0.0010314305545762181,6.5667777562339325e-06,2.6804584194906056e-05,0.0015453356318175793,8.067996532190591e-06,0.0005990315112285316,1.1875539712491445e-05
860294648_6,860294648,19600831,Unknown,4,Mexican,nationality,( c ) differences in wage and earning levels of workers on farms using [MASK] labor compared with nonusers .,0.0009192072902806103,3.695731720654294e-05,1.2365438124106731e-05,1.939885078172665e-05,0.004444759804755449,2.4779954401310533e-05,0.0007033554720692337,2.3315205908147618e-05
870134207_5,870134207,19610915,D,0,Mexican,nationality,It concerns only the [MASK] farm labor importation program or Public Law 78 .,4.231914135743864e-05,9.278248398914002e-06,6.784365723433439e-06,5.1174370128137525e-06,1.0240085430268664e-05,1.6486639651702717e-05,0.000189394733752124,2.10929238164681e-06
870134207_5,870134207,19610915,D,1,Mexican,nationality,It affects only those growers and those farms which import [MASK] farmworkersthat is less than 2 percent of the farms in the United States .,0.00015906027692835778,9.270463488064706e-05,3.500670936773531e-05,3.594557256292319e-06,4.786186036653817e-05,9.482818313699681e-06,8.04845622042194e-05,4.6926925278967246e-05
870134207_5,870134207,19610915,D,2,Mexicans,nationality,If a grower imports [MASK] he would be affected by the McCarthy amendment contained in the Senate bill .,0.0013388794614002109,0.001106895855627954,0.0005276014562696218,5.694429091818165e-06,0.000918203906621784,0.00010729265341069549,4.153872578172013e-05,1.344148586213123e-05
870134207_5,870134207,19610915,D,3,Mexicans,nationality,He would have to pay the [MASK] he imports at least 90 percent of the State average farm labor wage or 90 percent of the national average farm labor wage . whichever is lower .,0.04932202771306038,0.12037042528390884,7.681812712689862e-05,1.56312198669184e-05,0.004336396232247353,5.0384867790853605e-05,0.00034966363455168903,1.0414332791697234e-05
860263711_3,860263711,19600629,D,0,Mexican,nationality,I am speaking of the impact which the importation of [MASK] nationalsbraceroshas had on the employment of domestic workers .,1.8764549167826772e-05,6.035260594217107e-05,1.5092941794137005e-05,3.4800759749487042e-06,9.68028780334862e-06,1.3273170225147624e-05,0.00026939247618429363,5.672908628184814e-06
860263711_3,860263711,19600629,D,1,Mexican nationals,nat_role,There has been considerable testimony which would ead one to believe that domestic workers have been denied employment because of the employment of Mexican [MASK] .,2.0444907931960188e-05,7.981009730428923e-06,1.2610545127245132e-05,3.0518822313752025e-06,3.612849104683846e-05,5.776385478384327e-06,0.004327938426285982,4.739023097499739e-06
860263711_3,860263711,19600629,D,2,Mexican,nationality,Many of us contend that this is not a true picture and that . in fact . the inability of the farmer to obtain domestic labor has forced him to rely on the [MASK] contract worker .,0.00032632314832881093,0.0001396976731484756,1.9243329006712884e-05,1.6900430637178943e-05,0.00047296308912336826,9.474032594880555e-06,0.0003307671577204019,2.7739220968214795e-05
860263711_3,860263711,19600629,D,3,Mexican nationals,nat_role,The need for Mexican [MASK] is simple .,0.00028479736647568643,0.002112311776727438,5.97534999542404e-05,1.7894621123559773e-05,0.00034369566128589213,1.197691926790867e-05,0.014318982139229774,9.55091218202142e-06
870045434_9,870045434,19610510,D,0,Mexican,nationality,Where would growers who employ [MASK] labor obtain their hired hands if poverty and unemployment were not widespread in Mexico ?,0.00022892859124112874,6.408947228919715e-06,4.465076017368119e-06,2.9225948310340755e-06,0.00046012442908249795,3.604908897614223e-06,0.000441402371507138,3.063662234126241e-06
860263896_16,860263896,19600629,D,0,Mexican nationals,nat_role,Because pay was on a piecemeal basis . the Mexican [MASK] claimed they were given poor places to pick the fruit and they could not earn as much as the domestic workers who were given better trees .,1.4085866496316157e-05,4.855339284404181e-06,2.551163106545573e-06,3.4099077765858965e-06,1.327063910139259e-05,2.4388073143200018e-06,0.022684568539261818,1.7109007330873283e-06
860263896_16,860263896,19600629,D,1,Mexican nationals,nat_role,In conclusion . may I say . that if decent wages were paid . there would be plenty of domestic workers and there would be no need to import the Mexican [MASK] .,0.001196362660266459,0.025917336344718933,0.0006104843923822045,4.598320083459839e-05,0.0018303531687706709,0.00014231749810278416,0.03765254467725754,5.8351415646029636e-05
860263896_16,860263896,19600629,D,2,migrant,direct,Tom Current . have made a detailed study of the [MASK] workersboth domestic and Mexican nationals .,2.3620696083526127e-05,7.777324935887009e-05,0.00012236996553838253,9.755021164892241e-05,7.073201413732022e-05,1.8332255422137678e-05,0.00038662186125293374,4.218672984279692e-05
860263896_16,860263896,19600629,D,3,Mexican nationals,nat_role,Tom Current . have made a detailed study of the migrant workersboth domestic and Mexican [MASK] .,9.417424735147506e-05,0.0002833933394867927,0.0001809577806852758,4.194096982246265e-05,3.625658791861497e-05,1.1654865375021473e-05,0.0023177184630185366,3.1890136597212404e-05
870141127_11,870141127,19610922,D,0,Spanish,nationality,Furthermore . in California during that period there was a drive to unionize the workers on the large ranches in California . which in the main operate under the old Roman system of latifundia and which carry over the old [MASK] and Mexican procedure of having large estates . together with the huge railway grants which were given to a limited group . for the construction of railroads through that part of the country .,1.0057639201477286e-06,1.077283627637371e-06,1.1159745554323308e-06,1.6142608956215554e-06,5.714036888093688e-06,1.843914532173585e-07,8.010998499230482e-06,2.808750991789566e-07
870141127_11,870141127,19610922,D,1,Mexican,nationality,Furthermore . in California during that period there was a drive to unionize the workers on the large ranches in California . which in the main operate under the old Roman system of latifundia and which carry over the old Spanish and [MASK] procedure of having large estates . together with the huge railway grants which were given to a limited group . for the construction of railroads through that part of the country .,3.2727425605116878e-06,7.868125067034271e-07,2.962287226182525e-06,4.85279201711819e-07,2.969482466141926e-06,9.833711374085397e-07,7.232981715787901e-06,3.104265147158003e-07
870127157_5,870127157,19610908,D,0,Mexicans,nationality,The argument is made that domestics may not be paid less than [MASK] are paid .,0.00010808112710947171,0.00015577150043100119,2.1949505025986582e-05,5.455377049656818e-06,4.271702709957026e-05,1.6048714314820245e-05,0.0005689980462193489,1.2822586541005876e-05
870044234_75,870044234,19610508,Unknown,0,Mexican,nationality,I am now dealing with proposals on the [MASK] farm labor program .,5.232544936006889e-05,4.7022494982229546e-06,4.279129370843293e-06,1.3234946891316213e-05,1.5738087313366123e-05,9.22339313547127e-06,0.001149857067503035,1.2899099601781927e-06
870044234_75,870044234,19610508,Unknown,1,Mexican,nationality,[MASK] labor . or labor from other countries Is admissible for the purpose of doing farm labor .,0.023194439709186554,0.0002331800787942484,1.8626193195814267e-05,2.0504983694991097e-05,0.00016771265654824674,1.330513259745203e-05,0.0005345219979062676,1.0584225492493715e-05
860263795_7,860263795,19600629,D,0,Mexican,nationality,I am equally concerned with the disadvantageous position of our States farm employers as a result of the [MASK] program .,0.000502878800034523,0.00022396509302780032,0.0001694933307589963,0.0004449865664355457,7.916754111647606e-05,0.0005700955516658723,0.0009814419317990541,4.780530071002431e-05
860263795_7,860263795,19600629,D,1,Mexican,nationality,Pennsylvania tomato growers paid harvest hands a minimum of 77 cents an hour while their growercompetitors close to the [MASK] border in the Southwest paid harvest hands 50 cents an hour .,1.7667871361481957e-05,9.033807145897299e-06,3.071978426305577e-05,1.7250562450499274e-05,1.5735339502498391e-06,5.024671281717019e-06,0.000352640898199752,2.093283455906203e-06
880053336_38,880053336,19630611,R,0,Mexican nationals,nat_role,"No Mexican [MASK] can be employed in this country . unless the Secretary of Labor certifies that the following conditions exist : First . domestic workers able . willing . and qualified are not available : second . the employment of Mexican workers "" will not adversely affect the wages and working conditions of domestic agricultural workers similarly employed "" . and third . reasonable efforts have been made to attract domestic workers at comparable wages .",3.4595841498230584e-06,7.4186928031849675e-06,2.2045584557872644e-07,1.0202987255070184e-07,1.960671943379566e-05,1.2413523791110492e-06,0.00015795200306456536,2.0878954387626436e-07
880053336_38,880053336,19630611,R,1,Mexican workers,nat_role,"No Mexican nationals can be employed in this country . unless the Secretary of Labor certifies that the following conditions exist : First . domestic workers able . willing . and qualified are not available : second . the employment of Mexican [MASK] "" will not adversely affect the wages and working conditions of domestic agricultural workers similarly employed "" . and third . reasonable efforts have been made to attract domestic workers at comparable wages .",2.182333901146194e-06,7.400325557682663e-06,1.2028107221340179e-07,3.152239287373959e-07,4.873095804214245e-06,4.480792199501593e-07,0.0002529675839468837,6.254903155422653e-07
870141030_43,870141030,19610922,D,0,Mexican,nationality,This amendment applies only to the users of [MASK] nationalsless than 2 percent of the growers in the United States .,4.4836182496510446e-05,0.00010843289783224463,9.821895946515724e-05,6.128666882432299e-06,0.00020608725026249886,1.2864249583799392e-05,2.9874687243136577e-05,5.205352863413282e-06
870141030_43,870141030,19610922,D,1,Mexican workers,nat_role,It sets wages for Mexican [MASK] . not domestic workers .,6.770978870918043e-06,9.691349987406284e-06,3.343315313486528e-07,1.8304180571249162e-07,8.60309592098929e-06,9.010208259496721e-07,0.0010361293097957969,1.2617630318345618e-07
870141030_43,870141030,19610922,D,2,Mexican workers,nat_role,It relates to wages for Mexican [MASK] . not domestic workers .,8.993863048090134e-06,1.2710123883152846e-05,3.3769913443393307e-07,1.888469114419422e-07,1.2753202099702321e-05,9.443455155633274e-07,0.001473334850743413,1.2815559102818952e-07
1070013453_111,1070013453,20010322,D,0,immigrant,direct,Though farm workers who are already working . making very low wages . should not have their wages undercut by [MASK] farmer workers who come in and are paid less are exploited .,0.00016240330296568573,0.000543634407222271,0.00021124388149473816,4.1873401642078534e-05,0.00010134800686500967,5.656496432493441e-05,0.0004501636140048504,9.147950913757086e-05
1070013453_111,1070013453,20010322,D,1,immigrant,direct,And once the prevailing wage is established . you must pay the [MASK] workers at that level so you do not undercut the labor standards and the labor standard of living of the workers in that area .,3.230066067771986e-05,0.00018693346646614373,1.6533678717678413e-05,2.3203658201964572e-05,0.00031467710505239666,1.562264696985949e-05,0.0001704761671135202,4.672627619584091e-05
880078606_10,880078606,19630815,D,0,Mexicans,nationality,The migratory farmworkers who come in from Mexico have had their condition improved . and I suppose that if one were to make any justification for the continuation of the program . it would rest in the fact that the principal vehicle we have had in the past 10 years for bringing about some improvement in the treatment of American migratory workers has been that we could argue that we ought to treat them at least as well as we treat the [MASK] who are brought in .,0.003981366287916899,5.320311174727976e-05,5.430652527138591e-05,9.659830539021641e-06,4.482289295992814e-05,4.9833382945507765e-05,0.0038956226781010628,8.333503501489758e-06
880078606_10,880078606,19630815,D,1,Mexican nationals,nat_role,But we have not been able to close the gap between the treatment of Mexican [MASK] who are brought in and that accorded American migrants .,7.584065315313637e-06,6.122182639956009e-06,1.871262838903931e-06,3.030822199434624e-06,7.655235094716772e-07,2.1601458684017416e-06,0.0005906416336074471,1.2878813322458882e-06
880078606_10,880078606,19630815,D,2,migrants,direct,But we have not been able to close the gap between the treatment of Mexican nationals who are brought in and that accorded American [MASK] .,1.1452550097601488e-05,0.00021730233856942505,2.1446012397063896e-05,1.0635032595018856e-05,9.370217412651982e-06,1.8906479226643569e-06,0.005277078133076429,4.688460467150435e-05
880078606_10,880078606,19630815,D,3,Mexican nationals,nat_role,Mexican [MASK] are treated better than American migratory workers are treated .,3.4156896617787424e-06,7.993308827280998e-06,1.325440280197654e-06,2.385459993092809e-06,3.2780508263385855e-06,1.7124443729699124e-06,0.0005233190604485571,7.041185199341271e-07
880049805_5,880049805,19630529,D,0,Mexican,nationality,I tried to pass an amendment which would prohibit the use of [MASK] labor for crops that have controlled acreage and price supports .,0.024177245795726776,1.0405459761386737e-05,9.0847988758469e-06,8.91216222953517e-06,0.002414894988760352,4.359011654742062e-05,0.0008194039110094309,2.949671852547908e-06
870140250_8,870140250,19610921,R,0,Mexican,nationality,That is an admission that [MASK] labor is being used to take jobs that Americans can do .,0.0002632323303259909,1.2561678886413574e-05,3.849323547910899e-06,1.4311776794784237e-05,0.0013709476916119456,5.726712061004946e-06,0.0005571383517235518,6.208122158568585e-06
870020613_10,870020613,19610313,D,0,Mexican laborer,nat_role,If perchance we are compelled to put all of the domestic migratory laborers in the same catego1r . as the Mexican [MASK] . in my judgment the cost to the farmer will be so great that he will have to resort to more and more mechanization .,0.0005245705833658576,0.00020048477745149285,5.696982771041803e-05,5.257910379441455e-05,0.0007719472050666809,8.343356603290886e-05,0.004337312653660774,3.053974432987161e-05
870020613_10,870020613,19610313,D,1,Mexican,nationality,I am very hopeful that if and when the extension of the [MASK] farm labor bili comes before the committee of which I am chairman this year . our efforts will not be hampered by any proposed hearings of this subcommittee .,9.883230086416006e-05,2.3341839550994337e-05,4.1046267142519355e-05,3.320732866995968e-05,0.00013404281344264746,1.3186496289563365e-05,0.00048004172276705503,2.1185060177231207e-05
870020613_10,870020613,19610313,D,2,Mexican,nationality,Last year this subcommittee was very articulate in its opposition to the [MASK] farm labor bill .,3.1886309443507344e-05,1.5012269614089746e-05,6.968885827518534e-06,3.5430308344075456e-05,2.912004492827691e-05,4.796650682692416e-05,0.0003512829134706408,5.610319931292906e-06
870020613_10,870020613,19610313,D,3,Mexicans,nationality,I am told that the farmers of California . as well as those of Arizona and other border States . would be severely handicapped if they are not allowed to hire [MASK] to do some of this socalled stoop labor . which most of our labor force declines to do .,0.0075780670158565044,3.321177064208314e-05,2.5137401280517224e-06,1.8582102256914368e-06,0.00281585194170475,3.02312273561256e-05,0.0009564693318679929,4.3791687858174555e-06
870236681_15,870236681,19620720,D,0,Mexican nationals,nat_role,Even those unemployed who are not farmworkers but who are willing to take jobs in agriculture should be hired before Mexican [MASK] are Imported .,0.0014261450851336122,0.033063191920518875,0.000105599632661324,4.9425566430727486e-06,0.0013146114069968462,1.3613160263048485e-05,0.006624466273933649,4.4253019950701855e-06
870236681_15,870236681,19620720,D,1,Mexican,nationality,Therefore . the [MASK] farm labor program is a real necessity .,4.229879050399177e-05,5.339559265848948e-06,4.105474999960279e-06,2.3978109311428852e-05,4.6144763473421335e-05,7.992105565790553e-06,0.0006414660601876676,2.6487321065360447e-06
870236681_15,870236681,19620720,D,2,Mexican,nationality,As it is now . a farm employer who has had [MASK] farm labor for a period of 210 days but who still needs labor and is unable to secure it domestically . does not know what he has to do or how he has to prove that he suffers a hardship .,0.00018749541777651757,1.8186825400334783e-05,3.205818529750104e-06,5.410796802607365e-06,1.1847991117974743e-05,2.938203806479578e-06,5.2089482778683305e-05,1.568933953421947e-06
870126974_29,870126974,19610908,Unknown,0,Mexican workers,nat_role,Both S. 1466 and S. 1945 would have prohibited the employment of Mexican [MASK] recruited under the program unless employersor . in the case of S. 1945 . the specific employerhad made reasonable efforts to attract workers not only at comparable wages and hours . but also at comparable terms of employment .,3.6203582567395642e-06,1.874473923635378e-06,3.170682987274631e-07,2.329223320884921e-07,7.583994374726899e-06,1.7129225398093695e-06,0.0037457807920873165,5.76436889332399e-07
870126974_29,870126974,19610908,Unknown,1,Mexicans,nationality,The terms of employment provided for [MASK] under the arrangements with Mexico provide for transportation from points in the interior of Mexico . burial expenses . work guarantees . housing in barracktype dormitories with other single male workers . cooking facilities . sanitary facilities . laundry facilities .,2.9544371500378475e-05,1.4189248759066686e-05,1.6789945220807567e-05,6.03928947384702e-06,2.6542635168880224e-05,1.341213192063151e-06,0.003105856478214264,1.0388466762378812e-06
870126974_29,870126974,19610908,Unknown,2,Mexican,nationality,[MASK] social security benefits . protection from immoral and illegal influences . worker representation . insurance . and other terms resulting from agreement with the Mexican Government .,6.863113958388567e-05,4.2804218537639827e-05,1.57797821884742e-05,4.449060361366719e-05,2.524789124436211e-05,4.068979251314886e-06,3.774094511754811e-05,8.438673830823973e-06
870126974_29,870126974,19610908,Unknown,3,Mexican,nationality,Mexican social security benefits . protection from immoral and illegal influences . worker representation . insurance . and other terms resulting from agreement with the [MASK] Government .,7.75723876245138e-08,1.8173832927459443e-07,2.0249831322871614e-07,2.1154393436972896e-07,2.5123065938714717e-07,8.97471039706943e-08,8.876708648131171e-07,1.3458686964895605e-07
870126974_29,870126974,19610908,Unknown,4,migrants,direct,These terms simply do not apply to domestic workers who may or may not be [MASK] . may or may not be single workers . may go wherever they please in the United States . and accept any type of employment .,6.667216439382173e-06,2.5894887585309334e-06,8.671441946717096e-07,8.901788532966748e-07,1.2531482752820011e-05,6.688632652185333e-07,2.2617645299760625e-05,1.2416335266607348e-06
870045384_12,870045384,19610510,D,0,Mexican workers,nat_role,"I noticed that . while such words as "" farm wages "" and "" index of farm wages "" were mentioned . there was no reference whatsoever in dollars and cents to give us a clear picture of the minimum wage paid to Mexican [MASK] who are recruited for seasonal farm employment in the United States .",3.344118158565834e-05,2.5643842036515707e-06,2.1604293465316005e-07,3.463665336767008e-07,2.885836693167221e-06,2.2816986984253163e-06,0.005410620477050543,1.2553296357964427e-07
870140353_8,870140353,19610921,D,0,Mexican nationals,nat_role,As a result very minor improvements in the program were recommended . one having to do with the employment of Mexican [MASK] in the operation of powerdriven machinery . and . second . having to do with their employment in nonseasonal work .,3.5768080124398693e-06,2.3136894924391527e-06,4.5591860953209107e-07,6.382554147421615e-07,5.127602707943879e-05,2.3345803583652014e-06,0.004748142324388027,1.0460368002895848e-06
870140353_8,870140353,19610921,D,1,Mexican nationals,nat_role,The position of the committee was that some limitation . some tightening up . was necessary regarding the employment of Mexican [MASK] in these two general areas .,1.0227657185168937e-05,1.402495036018081e-05,2.259781012980966e-06,2.027652044489514e-06,5.9987622080370784e-05,3.968989858549321e-06,0.0065345242619514465,3.519091251291684e-06
870140353_8,870140353,19610921,D,2,Mexican nationals,nat_role,The Secretary of Labor and those responsible for administering the program expressed the opinion that this tightening up would be helpful to them in efforts to keep Mexican [MASK] employed at the kind of work originally intended .,3.9041738091327716e-06,1.5008783975645201e-06,2.021033083110524e-07,2.956673199605575e-07,7.521346105932025e-06,7.860527944103524e-07,0.0008126386674121022,2.2563159518540488e-07
870140353_8,870140353,19610921,D,3,Mexican nationals,nat_role,The .ommittee report provided that American farmworkers could not be employed in the same kind of work in which Mexican [MASK] were being employed . unless the Americans were paid as much as the Mexicans were being paid .,3.60791341336153e-06,1.3061237496003741e-06,1.7470776469963312e-07,7.27269409139808e-08,2.508754732843954e-06,3.7932750274194404e-07,0.0012694407487288117,9.508139697800289e-08
870140353_8,870140353,19610921,D,4,Mexicans,nationality,The .ommittee report provided that American farmworkers could not be employed in the same kind of work in which Mexican nationals were being employed . unless the Americans were paid as much as the [MASK] were being paid .,2.8908480089739896e-05,0.00011625243496382609,9.915762575474218e-07,8.482605835524737e-07,4.78670590382535e-05,3.330005256430013e-06,0.0009993987623602152,2.7405342279962497e-06
920114653_20,920114653,19711014,Unknown,0,Mexicans,nationality,When all is said and done . when the liberals are through gnashing their teeth over the supposed immorality of encouraging [MASK] willing to work on U.S. farmlands . and when the labor organizers are through bemoaning the fact that the Bracero program undercuts their efforts to unionize American farmworkers . then one central fact remains .,0.0014278193702921271,1.3430933904601261e-05,2.25453004532028e-06,2.2821532184025273e-06,0.00015381623234134167,8.39047697809292e-06,0.0011881738901138306,6.357206530083204e-07
870134207_5,870134207,19610915,D,0,Mexican,nationality,It concerns only the [MASK] farm labor importation program or Public Law 78 .,4.231914135743864e-05,9.278248398914002e-06,6.784365723433439e-06,5.1174370128137525e-06,1.0240085430268664e-05,1.6486639651702717e-05,0.000189394733752124,2.10929238164681e-06
870134207_5,870134207,19610915,D,1,Mexican,nationality,It affects only those growers and those farms which import [MASK] farmworkersthat is less than 2 percent of the farms in the United States .,0.00015906030603218824,9.270464943256229e-05,3.5006716643692926e-05,3.59455771103967e-06,4.786186764249578e-05,9.482821042183787e-06,8.048458403209224e-05,4.6926928916946054e-05
870134207_5,870134207,19610915,D,2,Mexicans,nationality,If a grower imports [MASK] he would be affected by the McCarthy amendment contained in the Senate bill .,0.0013388794614002109,0.001106895855627954,0.0005276014562696218,5.694429091818165e-06,0.000918203906621784,0.00010729265341069549,4.153872578172013e-05,1.344148586213123e-05
870134207_5,870134207,19610915,D,3,Mexicans,nationality,He would have to pay the [MASK] he imports at least 90 percent of the State average farm labor wage or 90 percent of the national average farm labor wage . whichever is lower .,0.04932202771306038,0.12037042528390884,7.681812712689862e-05,1.56312198669184e-05,0.004336396232247353,5.0384867790853605e-05,0.00034966363455168903,1.0414332791697234e-05
820052742_16,820052742,19510507,Unknown,0,Mexican,nationality,That no workers shall be made available under this title to . nor shall any workers made available under this title be permitted to remain in the employ of . any employer who has in his employ any [MASK] alien when such employer knows or has reasonable grounds to believe or suspect or by reasonable inquiry could have ascertained that such Mexican alien is not lawfully within the United States .,2.114501640448907e-08,1.3077097094083e-07,2.6499344940589253e-08,6.586065914859773e-09,6.355033832505796e-08,7.222774911497254e-08,7.464175268978579e-07,2.667635357056497e-08
820052742_16,820052742,19510507,Unknown,1,alien,direct,That no workers shall be made available under this title to . nor shall any workers made available under this title be permitted to remain in the employ of . any employer who has in his employ any Mexican [MASK] when such employer knows or has reasonable grounds to believe or suspect or by reasonable inquiry could have ascertained that such Mexican alien is not lawfully within the United States .,4.173567049292615e-06,2.1926944100414403e-06,8.202952983538125e-08,9.219551344585852e-08,1.6730707557144342e-06,1.6120237944505789e-07,5.0730290240608156e-05,2.6701832211983856e-06
820052742_16,820052742,19510507,Unknown,2,Mexican,nationality,That no workers shall be made available under this title to . nor shall any workers made available under this title be permitted to remain in the employ of . any employer who has in his employ any Mexican alien when such employer knows or has reasonable grounds to believe or suspect or by reasonable inquiry could have ascertained that such [MASK] alien is not lawfully within the United States .,5.334244406185462e-07,2.136510602213093e-06,1.0001465966524847e-07,5.9545559594198494e-08,2.5534674819027714e-07,9.063538897180479e-08,6.792864951421507e-06,2.1748691381162644e-07
820052742_16,820052742,19510507,Unknown,3,alien,direct,That no workers shall be made available under this title to . nor shall any workers made available under this title be permitted to remain in the employ of . any employer who has in his employ any Mexican alien when such employer knows or has reasonable grounds to believe or suspect or by reasonable inquiry could have ascertained that such Mexican [MASK] is not lawfully within the United States .,1.1578370504139457e-05,8.552950021112338e-06,1.7583440126145433e-07,9.234159392690344e-08,1.64130938173912e-06,1.746008138070465e-07,5.136064282851294e-05,3.5535974802769488e-06
870126974_35,870126974,19610908,Unknown,0,Mexican worker,nat_role,Perhaps the employer would be required to pay a higher wage to a local worker . but the agreement with Mexico provides that the Mexican [MASK] shall be paid not less than the prevailing wage rate paid to domestic workers .,2.220434680566541e-06,1.5040190191939473e-05,8.475295203425048e-07,6.459848691520165e-07,4.915132376481779e-05,2.042807864199858e-06,0.001049806596711278,2.462197699060198e-06
870126974_35,870126974,19610908,Unknown,1,Mexican workers,nat_role,If the domestic workers wages are raised to compensate for transportation and the prevailing wage is thereby raised . the Mexican [MASK] wage would have to be raised .,4.91226001031464e-06,2.2116862965049222e-05,4.499402166402433e-06,2.841805780917639e-06,0.0001551811583340168,1.1218780855415389e-05,0.0007299226126633584,1.3850225286660134e-06
870126974_35,870126974,19610908,Unknown,2,Mexicans,nationality,The two provisions could never be in perfect balance since an increase in either the prevailing wage or the wage paid the [MASK] would require an increase in the other .,3.851562360068783e-05,5.153959136805497e-05,9.500417036178987e-06,1.2116300240450073e-05,0.0009328174637630582,4.644422006094828e-05,0.0005783347296528518,6.153756112325937e-05
870127889_5,870127889,19610911,R,0,Mexican workers,nat_role,This problem does not affect substantially my State . for in 1960 only 76 Mexican [MASK] were employed in Kentucky . by individuals . and about 190 by associations .,4.053490101796342e-06,3.40861674885673e-06,1.771001961969887e-06,5.781702157037216e-07,3.1702613341622055e-05,3.73125180885836e-06,0.0013467094395309687,9.517383432466886e-07
870127889_5,870127889,19610911,R,1,Mexican workers,nat_role,I oppose the amendment because I believe the Secretary of Labor has adequate authority to provide for the welfare of the Mexican [MASK] under the present law . and to protect domestic farm labor against the unnecessary use of Mexican labor if he will exercise that power .,0.00023344546207226813,6.453494279412553e-06,1.2240393516549375e-06,5.036642960476456e-06,2.7773974579758942e-05,1.2115269782952964e-06,0.0008971818606369197,2.968140961456811e-06
870127889_5,870127889,19610911,R,2,Mexican,nationality,I oppose the amendment because I believe the Secretary of Labor has adequate authority to provide for the welfare of the Mexican workers under the present law . and to protect domestic farm labor against the unnecessary use of [MASK] labor if he will exercise that power .,0.004237990826368332,3.655605542007834e-05,1.731893098622095e-05,2.017156293732114e-05,0.0010964524699375033,4.937973426422104e-05,0.0015276256017386913,4.629312115866924e-06
880097606_0,880097606,19630930,Unknown,0,Mexican,nationality,Speaker . much has been said pro and con on the legislation to extend the period during which [MASK] braceros can be brought into this country .,0.00016383221372961998,5.819545913254842e-05,5.979301204206422e-05,1.937015440489631e-05,0.00010713274241425097,9.734504601510707e-06,0.0003146534145344049,5.149500793777406e-06
880097606_0,880097606,19630930,Unknown,1,Mexican workers,nat_role,One of the main arguments put forth against this extension by those of us who are opposed to the bill was that these Mexican [MASK] benefit less than 1 percent of the growers of the United States . and these are generally the large corporationtype farms . which have been squeezing the smaller independent producer out of business .,0.00016260148549918085,5.5524356866953894e-05,0.00012121150211896747,1.0314660357835237e-05,0.00014379731146618724,1.8262418279846315e-06,3.826804459095001e-05,4.457149771042168e-06
880109074_20,880109074,19631029,D,0,Mexican nationals,nat_role,In the meantime . the Department of Labors power to prescribe a domestic adverse effect wage rate has resulted in the following wages being paid during 1962 : TABLE I.-Piecerate earnings of Mexican [MASK] employed in California arrayed by crop according to total wages paid .,4.7564417400280945e-06,8.306339623231906e-06,5.557039344239456e-07,3.753455075639067e-07,1.53110122482758e-05,3.421135943426634e-06,0.0028873123228549957,3.1806845868231903e-07
970225083_8,970225083,19820813,R,0,alien,direct,But we say : The Secretary of Labor . in consultation with the Attorney General and the Secretary of Agriculture . is required to report annually to the Congress on the certification process . including the impact of temporary [MASK] workers on labor conditions in the United States and on compliance with the conditions of the program .,8.343908120878041e-05,2.8951792046427727e-05,3.9311791624641046e-05,1.1605219697230496e-05,0.0006887934287078679,1.1304381587251555e-05,0.00041500982479192317,3.206822839274537e-06
970225083_8,970225083,19820813,R,1,alien,direct,The bill even provides appropriations of $ 10 million in each fiscal year to recruit domestic workers for jobs which temporary [MASK] workers might otherwise perform and to monitor the conditions of employment of nonimmigrants and authorizes that type of procedure .,4.037725830130512e-06,3.6459441616898403e-06,3.271479272370925e-06,2.967408818221884e-06,8.934375728131272e-06,8.303857157443417e-07,0.00012776335643138736,1.5642974631191464e-06
870127893_16,870127893,19610911,Unknown,0,Mexicans,nationality,That average would take in machine operators . including tractor drivers . who make considerably higher wages than those engaged in stoop labor . which is the main kind of labor that [MASK] are used for .,0.0009732924518175423,0.00028660116367973387,3.0877777135174256e-06,3.0135310225887224e-05,0.3392651379108429,3.4483153285691515e-05,0.0015563743654638529,7.3805172178254e-06
870127893_16,870127893,19610911,Unknown,1,Mexican nationals,nat_role,The bill would eliminate the practice of using Mexican [MASK] for that purpose and make it compulsory that the Secretary of Labor not permit Mexicans to operate tractors or trucks . to maintain them . or engage in like work .,0.00029109950992278755,0.00019398800213821232,1.3890625041312887e-06,1.0532100986893056e-06,0.0048851436004042625,3.872899867474189e-07,0.0038518053479492664,8.003027005543117e-07
870127893_16,870127893,19610911,Unknown,2,Mexicans,nationality,The bill would eliminate the practice of using Mexican nationals for that purpose and make it compulsory that the Secretary of Labor not permit [MASK] to operate tractors or trucks . to maintain them . or engage in like work .,7.791675670887344e-06,3.028242872460396e-06,4.958888055739408e-08,1.5181561252575193e-07,4.3630028812913224e-05,3.166549333855073e-07,0.0004410874971654266,2.5388931135239545e-07
870127893_16,870127893,19610911,Unknown,3,Mexicans,nationality,In other words . the [MASK] would be confined strictly to nonmachine labor .,0.0018740057712420821,0.0037882798351347446,0.0024694036692380905,0.0002226807555416599,0.0032592089846730232,0.00033075627288781106,0.019347773864865303,0.006998137570917606
870092118_16,870092118,19610731,D,0,Mexican workers,nat_role,That this has not been the case is highlighted by the fact that in the State of California in 1962 . 127.000 Mexican [MASK] were contracted and recontracted .,0.0004999408847652376,2.6544579668552615e-05,0.0012640174245461822,1.697703919489868e-05,4.412548150867224e-05,0.00011813773016911,0.003754077013581991,8.473496563965455e-06
870092118_16,870092118,19610731,D,1,Mexicans,nationality,In Arizona . 16.906 [MASK] were contracted while 23.900 domestic workers were unemployed .,1.727224480418954e-05,1.7317006495431997e-05,2.919022153946571e-05,5.757354301749729e-06,5.384509131545201e-05,3.316327820357401e-06,0.00042106525506824255,2.4277987904497422e-06
870092118_16,870092118,19610731,D,2,Mexicans,nationality,In the State of Arkansas . 12.410 [MASK] were contracted . 42.400 domestic workers were unemployed .,1.948929639183916e-05,1.403229634888703e-05,3.4016353311017156e-05,4.821114998776466e-06,8.348585106432438e-05,2.791734459606232e-06,0.00021881816792301834,2.42979831455159e-06
870092118_16,870092118,19610731,D,3,Mexican workers,nat_role,Texas used 36.289 Mexican [MASK] while 174.600 domestic workers were unemployed .,2.184298637075699e-06,7.607532097608782e-06,3.8760481402277946e-07,3.6357272392706363e-07,5.931406849413179e-05,6.184727112668043e-07,0.0031369770877063274,1.338053152721841e-07
880078714_17,880078714,19630815,D,0,migrants,direct,It makes little sense to cut off this program as a meaningless gesture of sympathy to the domestic [MASK] .,0.0039687007665634155,0.00037738445098511875,0.0005879949894733727,0.00020304345525801182,0.001710779732093215,0.0017993778456002474,0.017634298652410507,0.002551077166572213
880078714_17,880078714,19630815,D,1,Mexican,nationality,The justification for continuation of the [MASK] labor program is that sufficient domestic labor is not available in the place and at the time it is needed by the farmers .,0.0007423912757076323,1.8835733499145135e-05,4.915902991342591e-06,3.113707498414442e-05,0.00018908499623648822,2.691290501388721e-05,0.0004769053775817156,2.9793013709422667e-06
880078714_17,880078714,19630815,D,2,Mexicans,nationality,[MASK] do not replace domestic workers . they supplement them .,0.0006230740109458566,5.3232091886457056e-05,0.0002059501566691324,2.1489031496457756e-05,0.019382527098059654,0.00035237258998677135,0.003964159172028303,1.2540780517156236e-05
880078714_17,880078714,19630815,D,3,Mexican,nationality,I feel sure that most users of [MASK] labor would prefer to produce and harvest his crop either with domestic labor or by machinery if it were possible in view of the redtape and extra expense involved in getting braceros .,0.002216939814388752,3.142394416499883e-05,6.246356861083768e-06,8.728195098228753e-06,0.0019727181643247604,2.3127317035687156e-05,0.0007532695890404284,3.4121644603146706e-06
880078714_17,880078714,19630815,D,4,Mexican,nationality,The farmers in my State who have in the past used [MASK] labor for cotton picking and chopping are now mechanizing their operations rapidly because of the difficulties encountered in getting sufficient hand labor and the continued uncertainty for extension of this program .,8.73895078257192e-06,4.136198015203263e-07,2.2034344127064287e-08,7.169828108999354e-07,0.00042571633821353316,2.1829782781424e-07,1.4060740795684978e-05,2.2518425168982503e-07
780134149_5,780134149,19431217,D,0,Mexican,nationality,Further . if a lot of the farm boys would remain on the farms instead of leaving to work in the plants in the cities we would not need to import [MASK] . or any other . labor .,0.011623332276940346,0.0017756684683263302,0.0009431488579139113,1.9028566384804435e-05,0.024204375222325325,0.0005315284361131489,0.0007243322907015681,1.502817394793965e-05
780134149_5,780134149,19431217,D,1,Mexican laborers,nat_role,Even before the war there was always a demand on the part of the cotton growers and sugarbeet growers for Mexican [MASK] .,7.210899639176205e-05,0.033018410205841064,6.825776654295623e-05,1.0118584214069415e-05,0.00024055023095570505,1.3165745258447714e-06,0.002323073334991932,1.0213011591986287e-06
880097606_0,880097606,19630930,Unknown,0,Mexican,nationality,Speaker . much has been said pro and con on the legislation to extend the period during which [MASK] braceros can be brought into this country .,0.00016383221372961998,5.819545913254842e-05,5.979301204206422e-05,1.937015440489631e-05,0.00010713274241425097,9.734504601510707e-06,0.0003146534145344049,5.149500793777406e-06
880097606_0,880097606,19630930,Unknown,1,Mexican workers,nat_role,One of the main arguments put forth against this extension by those of us who are opposed to the bill was that these Mexican [MASK] benefit less than 1 percent of the growers of the United States . and these are generally the large corporationtype farms . which have been squeezing the smaller independent producer out of business .,0.00016260148549918085,5.55243605049327e-05,0.0001212115166708827,1.0314660357835237e-05,0.00014379732601810247,1.8262419416714692e-06,3.826804459095001e-05,4.457150225789519e-06
880078780_41,880078780,19630815,D,0,migrants,direct,The fact of the matter is that the constant threat of an inexhaustible cheap labor force below our borders drives down and keeps down the wages paid to domestic [MASK] .,0.0005450250464491546,9.800811676541343e-05,2.091863052555709e-06,1.066139247996034e-06,0.00019521833746694028,1.9340397557243705e-05,0.0015666388208046556,1.6496690022904659e-06
880078780_41,880078780,19630815,D,1,migrants,direct,If seasonal farmworkers were given the opportunity to compete with their fellow Americans for these jobs . the producer might have to pay higher wages to get a sufficient number of workers . but the standard of living and the purchasing power of our domestic [MASK] would go up . most of the 195.000 jobs filled by Mexican nationals in 1962 would be filled by presently unemployed Americans . and the manpower resources of this country as well as our economy as a whole would be by that degree enriched .,0.0019384556217119098,0.007195821963250637,3.655636419352959e-06,7.928661943878978e-06,0.0028593046590685844,6.473743269452825e-06,0.0025635790079832077,1.1114517292298842e-05
880078780_41,880078780,19630815,D,2,Mexican nationals,nat_role,If seasonal farmworkers were given the opportunity to compete with their fellow Americans for these jobs . the producer might have to pay higher wages to get a sufficient number of workers . but the standard of living and the purchasing power of our domestic migrants would go up . most of the 195.000 jobs filled by Mexican [MASK] in 1962 would be filled by presently unemployed Americans . and the manpower resources of this country as well as our economy as a whole would be by that degree enriched .,1.6235719613177935e-06,2.5090487270063022e-06,1.3574448303188547e-06,5.756870450568385e-06,3.338219539728016e-05,3.429868911553058e-06,0.0024484589230269194,1.9169331721968774e-07
870127106_2,870127106,19610908,D,0,Mexican workers,nat_role,That section reads as follows : No workers recruited under this title shall be made available to any employer or permitted to remain in the employ of any employer unless the employer offers and pays to both domestic and foreign workers not less than the prevailing wage paid in the area to domestic workers engaged in similar work . as determined by the Secretary of Labor . and unless the Secretary of Labor determines pursuant to section 503(2 ) that such prevailing wage rate is not adversely affected by the employment of Mexican [MASK] .,4.7361709221149795e-06,6.695462616335135e-06,9.076504170479893e-07,3.0938912232159055e-07,1.0570435733825434e-05,1.0242795269732596e-06,0.0006101838662289083,1.4130382623989135e-06
870127106_2,870127106,19610908,D,1,Mexican,nationality,The committee amendment is intended to assure . or at least the declaration is made that it will assure . that an employer who employs both [MASK] and domestic labor does not pay either of them less than the prevailing wage for domestic workers similarly employed .,0.000302946544252336,9.082966425921768e-05,1.8351531707594404e-06,9.999740768762422e-07,0.0018619619077071548,1.441763379261829e-05,5.3820203902432695e-05,2.2378796984412475e-06
870127170_22,870127170,19610908,D,0,Mexican nationals,nat_role,No farm operator who does not use Mexican [MASK] is required to pay any wage as a result of this amendmentand thus at the start over 98 percent of the American farms are excluded from direct effect by the amendment .,0.00011284604988759384,0.0010642685228958726,9.774122190719936e-06,4.85594910060172e-06,0.0025872138794511557,1.615106839381042e-06,0.00029658270068466663,1.024970742946607e-06
1060087370_8,1060087370,19991001,D,0,migrant,direct,If they do meet applicable standards . then the employer begins recruitment inside the state and in other states where [MASK] workers reside .,9.03853197087301e-06,4.117508797207847e-05,6.119044883234892e-06,6.499885330413235e-06,5.2760140533791855e-05,2.9344819267862476e-06,0.0001441360218450427,5.331330612534657e-06
880078508_1,880078508,19630815,D,0,Mexican,nationality,Matt Triggs of the American Farm Bureau Federation at page 31 of the House hearings . the number of farms using [MASK] labor does not fully indicate the importance of the program .,0.005841584876179695,5.025076461606659e-06,1.8609269318403676e-05,3.2295352866640314e-05,0.00032209831988438964,4.163661287748255e-05,0.0007337128045037389,6.096402103139553e-06
880078508_1,880078508,19630815,D,1,Mexican,nationality,In the areas where [MASK] farm labor was needed the program was essential .,0.0002302187349414453,1.9705406884895638e-05,5.585980943578761e-06,1.1286554581602104e-05,4.885208181804046e-05,2.3928657810756704e-06,0.0001736596750561148,6.507324542326387e-06
840074605_1,840074605,19550706,R,0,migrant,direct,The agreement with Mexico on [MASK] workers in article 30 includes procedures to enforce compliance with the wage provisions of work contracts .,2.8450569516280666e-05,0.00011029596498701721,3.638208727352321e-05,5.752501238021068e-06,4.511311271926388e-05,3.8056541598052718e-06,0.00041656909161247313,9.20859383768402e-06
840074605_1,840074605,19550706,R,1,migrant,direct,These wage guaranties were intended to protect the [MASK] Mexican worker from exploitation . and at the same time to protect the interests of American workers in that a lower wage scale paid the migrant worker would depress prevailing wage scale .,2.1246914911898784e-06,1.2576223525684327e-05,1.1466274827398593e-06,2.9002619612583658e-06,2.3955940378073137e-06,1.1440949947427725e-06,1.2978277482034173e-05,1.0415058568469249e-05
840074605_1,840074605,19550706,R,2,Mexican worker,nat_role,These wage guaranties were intended to protect the migrant Mexican [MASK] from exploitation . and at the same time to protect the interests of American workers in that a lower wage scale paid the migrant worker would depress prevailing wage scale .,3.8233547456911765e-06,1.0112925338034984e-05,3.790627260968904e-07,2.0175002646283247e-06,1.821150362957269e-06,7.447641792168724e-07,0.00014324125368148088,1.1809054285549792e-06
840074605_1,840074605,19550706,R,3,migrant,direct,These wage guaranties were intended to protect the migrant Mexican worker from exploitation . and at the same time to protect the interests of American workers in that a lower wage scale paid the [MASK] worker would depress prevailing wage scale .,5.827262157254154e-07,1.6401492757722735e-05,4.66031394807942e-07,9.204869684253936e-07,9.837076504481956e-06,1.6267301816697e-06,1.9906174202333204e-05,9.896198207570706e-07
840074605_1,840074605,19550706,R,4,Mexican,nationality,However . the fact is that some employers of [MASK] migrant workers have been evading the law .,2.83283934550127e-05,1.5893016097834334e-05,1.0199053576798178e-05,3.8821008274680935e-06,1.0829495295183733e-05,4.140681085118558e-06,8.432399772573262e-05,2.936428927569068e-06
840074605_1,840074605,19550706,R,5,migrant,direct,However . the fact is that some employers of Mexican [MASK] workers have been evading the law .,1.1812257980636787e-05,1.7067819499061443e-05,3.867871782858856e-06,5.381158189265989e-06,0.00021004074369557202,2.844546315827756e-06,0.0003691957099363208,8.524773420504062e-07
840074605_1,840074605,19550706,R,6,Mexican laborer,nat_role,They contracted for a Mexican [MASK] at a reception center and agreed to pay him the prevailing wage . but subsequently by threatening to send the laborer back . they force him to agree to accept wages at less than the prevailing level .,4.671815986512229e-06,1.3783334907202516e-05,1.0211394965153886e-06,4.059649256760167e-07,6.784885772503912e-05,2.426086393825244e-05,0.00783622171729803,4.586931368066871e-07
870194473_66,870194473,19620514,R,0,Mexican nationals,nat_role,Holleman is the fact that it was his responsibility to study . arrange for . and compile an analysis of hearings . and announce a decision on the minimum wage law for Mexican [MASK] doing agricultural work in this country .,2.058303653029725e-05,1.046472902999085e-06,1.534704523464825e-07,2.2195006010861107e-07,1.4805425962549634e-05,8.448370749647438e-07,0.0011926601873710752,9.63014628041492e-08
870194473_66,870194473,19620514,R,1,Mexican nationals,nat_role,It was proposed . by the Department of Labor . it will be recalled . that the minimum wage scale for these Mexican [MASK] be set at $ 1 per hour .,4.310439635446528e-06,3.039544026250951e-06,1.1782819910877151e-06,4.3439439423309523e-07,1.22669789561769e-05,1.2017154631394078e-06,0.00025720466510392725,1.8671485690902045e-07
880049931_17,880049931,19630529,D,0,migrant,direct,But yet let me emphasize again that this program . supervised as it is by the Department of Labor . and the other programs that have to do with the supply of labor for the farms of Americasupervised as they are by the Department of Laborare . in my opinion . programs that our Secretary of Labor will take great pains to see that they do not harm our [MASK] laborers and the braceros .,0.0012954804114997387,5.1225109928054735e-05,3.7870366213610396e-05,3.3640044421190396e-05,0.00028541430947370827,1.6103505913633853e-05,0.0009362248820252717,7.652164640603587e-06
880049931_17,880049931,19630529,D,1,Mexican,nationality,In Florida . as the gentleman from California mentioned . we do not have the [MASK] braceros but we do have the British West Indies laborers .,6.276101885305252e-06,1.4136945537757128e-05,1.11890840344131e-05,4.92162735099555e-06,1.094280833058292e-05,4.479034032556228e-06,9.007187327370048e-05,4.821959009859711e-06
880049931_17,880049931,19630529,D,2,British,nationality,In Florida . as the gentleman from California mentioned . we do not have the Mexican braceros but we do have the [MASK] West Indies laborers .,4.521400114754215e-06,8.675839126226492e-06,7.59529075367027e-06,2.332420990569517e-06,5.097768735140562e-06,1.8358302895649103e-06,1.8478327547200024e-05,3.545869958543335e-06
870142317_8,870142317,19610923,Unknown,0,Mexican,nationality,Less than 2 percent of all American farmers hire [MASK] labor .,0.0064196460880339146,5.434867034637136e-06,2.210248339906684e-06,3.1717602269054623e-06,0.003164388705044985,5.10755535287899e-06,0.00017622906307224184,2.4633259272377472e-06
870142315_2,870142315,19610923,Unknown,0,Mexican nationals,nat_role,represents a California district where braceros ( imported Mexican [MASK] ) are used in great numbers .,0.0005267483647912741,0.005725073162466288,6.320037209661677e-05,1.8332775653107092e-05,0.00039245831430889666,2.9470726076397114e-05,0.004798798821866512,5.749519004893955e-06
870142315_2,870142315,19610923,Unknown,1,Mexican,nationality,Although the [MASK] farm labor program was not intended to displace domestic workers or to depress their wages . these results in fact have occurred .,3.834428935078904e-05,6.491619387816172e-06,1.2701239029411227e-05,6.619891064474359e-05,5.4092699429020286e-05,2.523247712815646e-05,0.0010565152624621987,2.415261633359478e-06
870142315_2,870142315,19610923,Unknown,2,Mexican,nationality,Department of Labor studies demonstrate conclusively that wages in the majority of areas where [MASK] farm laborers are employed have not kept pace with the rise of farm wages nationally .,7.071444269968197e-05,1.054205495165661e-05,3.9736141843604855e-06,1.5128694030863699e-05,3.585906597436406e-05,1.9936251192120835e-06,8.89305374585092e-05,3.469787316134898e-06
870142315_2,870142315,19610923,Unknown,3,Mexicans,nationality,In 1960 while over 300.000 [MASK] were imported into this country to work in the fields of California .,0.0001875778252724558,1.6683150533935986e-05,4.062757398060057e-06,1.1696675755956676e-05,0.00038605392910540104,1.1145461940031964e-05,0.0012701641535386443,1.656804613503482e-07
1010184363_18,1010184363,19900724,D,0,refugees,direct,About 10.000 workers continue to be brought in from Caribbean nations each year to harvest cane . even though there are thousands of potentiai domestic workers in the immediate vicinity of the Florida canefieldsmany of them [MASK] who have sugar harvesting experience in their Caribbean homelands .,4.041547799715772e-05,7.994852239789907e-06,1.1794668353104498e-05,9.210508324031252e-06,1.4991979696787894e-05,3.3393171179341152e-06,0.00011970844207098708,3.546788775565801e-06
880078728_57,880078728,19630815,R,0,Mexican,nationality,Is the decline in the manmonths of [MASK] labor which has taken place between 1959 and 1962 .,0.00042554191895760596,9.634326124796644e-05,1.3708478945773095e-05,3.785097214858979e-05,0.0008721366757526994,1.0856251719815191e-05,0.0012266440317034721,5.259175850369502e-06
880078728_57,880078728,19630815,R,1,Mexican,nationality,California . according to the Department of Labor . utilized 560.690 manmonths of [MASK] labor .,0.0013222858542576432,7.033596921246499e-05,1.7775329979485832e-05,2.673978451639414e-05,0.0008731132838875055,1.8640221242094412e-05,0.0012144696665927768,3.7219920159259345e-06
880078728_57,880078728,19630815,R,2,Mexican,nationality,Within 4 years this had declined by 32 percent to 378.570 manmonths of [MASK] labor .,0.0006793693173676729,9.634124580770731e-05,1.358591271127807e-05,2.6600628189044073e-05,0.0004627030866686255,1.2104093912057579e-05,0.001479647820815444,1.100686495192349e-05
870142295_20,870142295,19610923,Unknown,0,Mexican,nationality,The bill provides that no farmer can get any [MASK] labor until he has proved to the satisfaction of the Secretary of Labor that he can not secure domestic labor .,0.0014678194420412183,4.822073969990015e-05,2.4543558083678363e-06,2.1222106170171173e-06,0.00016510032583028078,5.125711140863132e-06,0.00018345429270993918,1.908688545881887e-06
870142295_20,870142295,19610923,Unknown,1,Mexican,nationality,The plan operates entirely at the discretion of the Secretary of Labor . and it is up to him to determine whether the [MASK] labor is needed or not needed .,4.346789501141757e-05,0.000273332028882578,3.0149971280479804e-05,5.750542914029211e-05,0.0002801996888592839,1.367538880003849e-05,0.0007469630218110979,6.650648720096797e-05
870092118_4,870092118,19610731,D,0,alien,direct,I quote : The availability of a large supply of [MASK] workers has created an anomalous situation in our agricultural labor market seriously interferring with the free interplay of supply and demand .,0.00028152958839200437,6.314981874311343e-05,1.374544262944255e-05,3.771058800339233e-06,0.0006560470210388303,9.97081497189356e-06,0.0001687546173343435,1.6854326077009318e-06
870092118_4,870092118,19610731,D,1,alien,direct,The certification which permits the admission of any [MASK] workers into the United States for temporary employment must essentially be conditioned upon a shortage of available domestic labor .,9.947373655450065e-06,1.5665576938772574e-05,2.945188725789194e-06,9.172331942863821e-07,2.0767227397300303e-05,2.158097231585998e-06,0.0001338841684628278,3.0148321457090788e-06
900185048_42,900185048,19671215,D,0,aliens,direct,As a result . the California citrus crop has been harvested without the use of foreign workers since early 1965 and the Florida crop has been harvested with very small number of [MASK] for brief periods in the past two seasons .,0.004115350544452667,0.000760862254537642,8.516013622283936e-05,1.3660181139130145e-05,0.0002451615873724222,0.00020977991516701877,0.0007625629077665508,3.2892448871280067e-06
880062081_6,880062081,19630701,D,0,migrant,direct,Matt Triggs . assistant legislative director for the American Farm Bureau Federation . based his argument for low [MASK] worker wages on their low productivity when he testified before the Senate Subcommittee on Migratory Labor on April 24 .,0.00025199633091688156,8.999804776976816e-06,8.4153471107129e-06,6.736509021720849e-06,0.0004258054250385612,2.5586796255083755e-06,8.990715286927298e-05,2.3305226477532415e-06
880062081_6,880062081,19630701,D,1,migrant,direct,He argued for allowing free economic forces to improve the lot of the [MASK] workers . and claimed that wages will not rise in such a free market until the productivity of the migrants increases .,1.8741980056802277e-06,7.80118443799438e-06,1.17808315280854e-06,3.773832986553316e-06,1.100869121728465e-05,1.3485390581990941e-06,1.8459069906384684e-05,9.880174047793844e-07
880062081_6,880062081,19630701,D,2,migrants,direct,He argued for allowing free economic forces to improve the lot of the migrant workers . and claimed that wages will not rise in such a free market until the productivity of the [MASK] increases .,7.39239840186201e-05,2.4624438083264977e-05,3.4579591101646656e-06,8.022064321266953e-06,0.0005293266731314361,6.04390606895322e-06,0.00028017687145620584,2.4453586320305476e-06
860202757_7,860202757,19600330,Unknown,0,migrant,direct,The measure would require that the approximately 10.000 crewleaders involved in migratory agricultural employment file information regarding conduct and methods of operation on the job . their financial responsibility . transportation . wage arrangements . housing . and other working conditions concerning [MASK] workers in each crew .,2.519717781979125e-05,2.0001154553028755e-05,5.782380867458414e-06,1.3692025504496996e-06,2.0927669538650662e-05,1.408636080668657e-06,2.0272342226235196e-05,1.8973878468386829e-06
890082008_b000,890082008,19650630,D,0,Mexican,nationality,This was the [MASK] Governments compassion for its . nationals .,0.0002818547945935279,3.508180088829249e-05,0.00014896327047608793,0.00014848384307697415,0.0001335242559434846,6.80929224472493e-05,0.0010994167532771826,0.00013576533820014447
990186054_43,990186054,19860508,R,0,aliens,direct,A lot of jobs of American citizens and those who are permanent resident [MASK] in the United States are dependent upon work that is already done in the agricultural area by those who are here from foreign countries .,0.0007803023327142,9.635663445806131e-05,2.6767565941554494e-05,6.687424956908217e-06,3.885331534547731e-05,4.64817276224494e-06,0.0010350969387218356,5.286177611196763e-07
870056474_11,870056474,19610526,D,0,Mexican nationals,nat_role,Despite this high rate of underemployment . 315.000 Mexican [MASK] were imported into the United States last year under the provisions of Public Law 78 .,0.0002575867692939937,0.0009879274293780327,2.145752659998834e-05,3.597709110181313e-06,8.599126886110753e-05,5.894279820495285e-05,0.004693136550486088,1.1929807897104183e-06
870056474_11,870056474,19610526,D,1,Mexican national,nat_role,As if this situation were not in itself serious enough . we are faced with the irony that Public Law 78 gives better protection to Mexican [MASK] farm laborers than we now accord our own citizens engaged in agricultural work .,2.9137554520275444e-05,2.2181843633006793e-06,1.6417407096014358e-06,4.788429123436799e-06,3.451930751907639e-05,9.915199825627496e-07,0.000872564036399126,7.468457852155552e-07
870056474_11,870056474,19610526,D,2,Mexican,nationality,The contract governing the employment of braceros provides them with workmens compensation . free housing while at employment centers . free transportation from [MASK] migrant stations to reception centers in the United States . guarantees of minimum work periods . and guarantees of wages not less than the prevailing wages paid to domestic farmworkers for similar work within the area of employment .,5.5021417210809886e-05,3.1874249543761835e-05,2.830316407198552e-05,2.748984798017773e-06,4.977074240741786e-06,4.424577582540223e-06,0.0002424554986646399,2.4679536636540433e-06
870056474_11,870056474,19610526,D,3,migrant,direct,The contract governing the employment of braceros provides them with workmens compensation . free housing while at employment centers . free transportation from Mexican [MASK] stations to reception centers in the United States . guarantees of minimum work periods . and guarantees of wages not less than the prevailing wages paid to domestic farmworkers for similar work within the area of employment .,1.2024897841911297e-05,0.0005732511053793132,3.633453161455691e-06,1.1286256267339922e-05,2.755667082965374e-05,7.097515663190279e-06,0.006876616273075342,3.3824021556938533e-06
880078780_41,880078780,19630815,D,0,migrants,direct,The fact of the matter is that the constant threat of an inexhaustible cheap labor force below our borders drives down and keeps down the wages paid to domestic [MASK] .,0.0005450250464491546,9.800811676541343e-05,2.091863052555709e-06,1.066139247996034e-06,0.00019521833746694028,1.9340397557243705e-05,0.0015666388208046556,1.6496690022904659e-06
880078780_41,880078780,19630815,D,1,migrants,direct,If seasonal farmworkers were given the opportunity to compete with their fellow Americans for these jobs . the producer might have to pay higher wages to get a sufficient number of workers . but the standard of living and the purchasing power of our domestic [MASK] would go up . most of the 195.000 jobs filled by Mexican nationals in 1962 would be filled by presently unemployed Americans . and the manpower resources of this country as well as our economy as a whole would be by that degree enriched .,0.0019384556217119098,0.007195821963250637,3.655636419352959e-06,7.928661943878978e-06,0.0028593046590685844,6.473743269452825e-06,0.0025635790079832077,1.1114517292298842e-05
880078780_41,880078780,19630815,D,2,Mexican nationals,nat_role,If seasonal farmworkers were given the opportunity to compete with their fellow Americans for these jobs . the producer might have to pay higher wages to get a sufficient number of workers . but the standard of living and the purchasing power of our domestic migrants would go up . most of the 195.000 jobs filled by Mexican [MASK] in 1962 would be filled by presently unemployed Americans . and the manpower resources of this country as well as our economy as a whole would be by that degree enriched .,1.6235720750046312e-06,2.5090489543799777e-06,1.3574449440056924e-06,5.756870450568385e-06,3.3382199035258964e-05,3.4298691389267333e-06,0.002448459155857563,1.9169334564139717e-07
870134595_5,870134595,19610916,D,0,Mexican,nationality,The conference yesterday took out the Senate amendment which did the only thing toward raising the wage level in the [MASK] farm labor program .,1.464895194658311e-05,6.636941634496907e-06,3.149750227748882e-06,1.1644777259789407e-05,1.2844328011851758e-05,4.803822776011657e-06,0.0009176682797260582,4.974812100044801e-07
870134595_5,870134595,19610916,D,1,Mexican,nationality,So that our domestic migratory workers are right down again on their backs . without a prayer . without a plea . without even one phantom hope that next year things are going to be better . because we are going to have some of the [MASK] braceros off our backs wagewise .,0.0001157313963631168,0.00026321629411540926,0.0003457886050455272,1.0470699635334313e-05,0.00037788820918649435,0.00016242139099631459,0.0011270366376265883,6.624763045692816e-05
870141030_43,870141030,19610922,D,0,Mexican,nationality,This amendment applies only to the users of [MASK] nationalsless than 2 percent of the growers in the United States .,4.4836182496510446e-05,0.00010843289783224463,9.821895946515724e-05,6.128666882432299e-06,0.00020608725026249886,1.2864249583799392e-05,2.9874687243136577e-05,5.205352863413282e-06
870141030_43,870141030,19610922,D,1,Mexican workers,nat_role,It sets wages for Mexican [MASK] . not domestic workers .,6.770979325665394e-06,9.691350896900985e-06,3.343315313486528e-07,1.8304183413420105e-07,8.603096830483992e-06,9.010209396365099e-07,0.0010361294262111187,1.261763173943109e-07
870141030_43,870141030,19610922,D,2,Mexican workers,nat_role,It relates to wages for Mexican [MASK] . not domestic workers .,8.993863048090134e-06,1.2710123883152846e-05,3.3769913443393307e-07,1.888469114419422e-07,1.2753202099702321e-05,9.443455155633274e-07,0.001473334850743413,1.2815559102818952e-07
1070167521_12,1070167521,20021001,D,0,Mexican,nationality,For the first time in our relationship with Mexico . the U.S. need for cooperation gave the [MASK] government unprecedented bargaining power .,1.0684066609201182e-07,1.384592422937203e-07,4.368377659602629e-08,1.538842013815156e-07,4.6770523454142676e-08,6.153722154067509e-08,2.0451041109481594e-06,1.7787488104659133e-07
1070167521_12,1070167521,20021001,D,1,Mexican,nationality,The [MASK] government insisted on a bilateral treaty to goven any large scale recruitment and movement of Mexican workers to the U.S.,6.406153829630057e-08,1.1821683898460833e-07,3.562987416216856e-08,7.744903030015848e-08,3.748982635443099e-08,1.6225737908825977e-07,1.2112568583688699e-06,7.014689629158966e-08
1070167521_12,1070167521,20021001,D,2,Mexican workers,nat_role,The Mexican government insisted on a bilateral treaty to goven any large scale recruitment and movement of Mexican [MASK] to the U.S.,1.321186573477462e-05,6.665093678748235e-05,2.405603027000325e-06,1.2073327297912329e-06,8.735925803193823e-06,8.683457053848542e-06,0.22641001641750336,1.8396358427708037e-06
860185655_145,860185655,19600308,Unknown,0,Italian workers,nat_role,The addition of employer and government benefits to the foreign workers wage would increase the overall takehome pay from about 20 percent in the case of Germany to as high as 60 or 70 percent in the case of some Italian [MASK] . with other countries falling somewhere within this wage spread .,2.7446253625384998e-06,9.216517355525866e-05,2.5817227651714347e-05,2.6440852707310114e-06,5.576298917731037e-06,2.472732603564509e-06,0.0001248137268703431,9.747352578415303e-07
860185655_145,860185655,19600308,Unknown,1,Japanese,nationality,Yet 10 percent of $ 2.69average U.S. auto wagewould be higher than 50 percent of 36 centsaverage [MASK] auto wage .,1.7695823771646246e-05,0.00010490737622603774,2.8699683753075078e-05,4.728819021693198e-06,6.962446786928922e-05,1.4449266018345952e-05,0.0004991923924535513,2.5144008759525605e-05
870044234_75,870044234,19610508,Unknown,0,Mexican,nationality,I am now dealing with proposals on the [MASK] farm labor program .,5.232544936006889e-05,4.7022494982229546e-06,4.279129370843293e-06,1.3234946891316213e-05,1.5738087313366123e-05,9.22339313547127e-06,0.001149857067503035,1.2899099601781927e-06
870044234_75,870044234,19610508,Unknown,1,Mexican,nationality,[MASK] labor . or labor from other countries Is admissible for the purpose of doing farm labor .,0.023194439709186554,0.0002331800787942484,1.8626193195814267e-05,2.0504983694991097e-05,0.00016771265654824674,1.330513259745203e-05,0.0005345219979062676,1.0584225492493715e-05
860262476_20,860262476,19600628,D,0,Mexican,nationality,Some crops use [MASK] labor for virtually 100 percent of the work .,0.03483361378312111,6.8035237745789345e-06,2.068614321615314e-06,7.631808330188505e-06,0.006204939913004637,4.811168764717877e-05,0.000382624682970345,4.550291123450734e-06
860262476_20,860262476,19600628,D,1,Mexicans,nationality,Farm wages run as low as 40 cents an hour . in some places 35 cents an hour . and in some areas where [MASK] are used in great numbers wages have actually declined in recent years .,0.018267303705215454,0.0016329006757587194,1.979768421733752e-05,3.998354441137053e-05,0.03196169063448906,6.574185681529343e-05,0.0004907127586193383,2.843762786142179e-06
860262476_20,860262476,19600628,D,2,Mexican farmworkers,nat_role,In some of the States where they are asking for the most Mexican [MASK] they pay the cheapest wages of any State in the Union .,0.00011843794345622882,0.003467018250375986,1.6096360923256725e-05,4.0296008592122234e-06,0.00021379489044193178,3.586766524676932e-06,0.002128317253664136,5.174742909730412e-06
860262476_20,860262476,19600628,D,3,Mexican,nationality,Imported . 50centsanhour [MASK] labor .,0.0009952556574717164,0.0005648884689435363,0.00011620352597674355,0.00011946720769628882,0.0011548431357368827,5.689122554031201e-05,0.002934737829491496,0.00014023541007190943
880070551_15,880070551,19630730,D,0,alien,direct,I quote briefly from Secretary Hennings statement of this morning : We find . further . the incredible situation where [MASK] workers are offered better terms and conditions of employment than are afforded our own agricultural workers competing for the same jobs .,0.00020920488168485463,4.416283445607405e-06,3.278808890172513e-06,1.4547478713211603e-05,0.0001421025226591155,4.218878530082293e-06,0.00010477384785190225,7.519057589888689e-07
880070551_15,880070551,19630730,D,1,alien,direct,The simple fact is that under the present system an employer can refuse to offer to domestic workers the same terms and conditions that he is required to offer [MASK] workers .,2.3071206669555977e-05,1.70429684658302e-05,1.9005539115823922e-06,3.846970741960831e-07,2.017530641751364e-05,1.742548761285434e-06,2.309617048013024e-05,3.917124558938667e-06
880070551_15,880070551,19630730,D,2,Mexican workers,nat_role,If the domestic worker refuses to accept the job at less favorable terms . the employer is permitted to bring in Mexican [MASK] who are then afforded the very terms and conditions which were denied to our own workers .,1.8315982742933556e-05,1.8870852727559395e-05,2.0263446458557155e-06,3.0536762096744496e-07,1.049996444635326e-05,2.0825400497415103e-06,0.001131206750869751,1.9904086911992636e-06
880070551_15,880070551,19630730,D,3,Mexican workers,nat_role,The legislative history of that law makes it abundantly clear that the Congress did not intend to permit the Secretary of Labor to require . as a condition of obtaining Mexican [MASK] . that all of the same terms and conditions afforded Mexican workers be offered first to domestic workers .,2.453198248986155e-06,0.0010247405152767897,4.418910975800827e-06,5.527973598873359e-07,1.6389913071179762e-05,8.932336754696735e-07,0.0001124469272326678,2.032213615166256e-06
880070551_15,880070551,19630730,D,4,Mexican workers,nat_role,The legislative history of that law makes it abundantly clear that the Congress did not intend to permit the Secretary of Labor to require . as a condition of obtaining Mexican workers . that all of the same terms and conditions afforded Mexican [MASK] be offered first to domestic workers .,1.34442018406844e-06,2.3317548766499385e-05,8.529356705366808e-07,1.0506531111786899e-07,5.8089590311283246e-06,4.391095274058898e-07,5.233054616837762e-05,4.368554300526739e-07
1030117095_44,1030117095,19931117,D,0,Mexican,nationality,Most immigration experts expect NAFTA to stimulate migratory flows to [MASK] urban areas and to the United States to displaced Mexican peasants and laidoff Mexican farm workers take advantage of large wage differences .,1.8623170490172924e-06,1.7386808394803666e-05,3.2910079426073935e-06,1.910930768644903e-05,4.5462689968189807e-07,1.3917039041189128e-06,5.509189577423967e-06,2.7961057185166283e-06
1030117095_44,1030117095,19931117,D,1,Mexican,nationality,Most immigration experts expect NAFTA to stimulate migratory flows to Mexican urban areas and to the United States to displaced [MASK] peasants and laidoff Mexican farm workers take advantage of large wage differences .,5.063673711447336e-07,3.3855306469376956e-07,6.297273102973122e-08,1.1256656051727987e-07,1.1586583781308946e-07,6.536397023637619e-08,1.4687016118841711e-06,4.048492385777536e-08
1030117095_44,1030117095,19931117,D,2,Mexican,nationality,Most immigration experts expect NAFTA to stimulate migratory flows to Mexican urban areas and to the United States to displaced Mexican peasants and laidoff [MASK] farm workers take advantage of large wage differences .,1.1863559166158666e-06,5.455976861412637e-07,1.1027722024437026e-07,1.4336315246055165e-07,1.1577654959182837e-06,1.0045696541283178e-07,6.786487574572675e-06,1.0862848398573988e-07
1030117095_44,1030117095,19931117,D,3,Mexicans,nationality,In fact . a recent survey of [MASK] found 45.8 percent of those interviewed believed NAFTA would make it easier for Mexicans to get jobs in the United States .,8.117064680845942e-06,3.662448989416589e-06,5.099962436361238e-06,2.2279882614384405e-06,4.150725999352289e-06,9.85924452834297e-06,0.00021263808594085276,1.519026909591048e-06
1030117095_44,1030117095,19931117,D,4,Mexicans,nationality,In fact . a recent survey of Mexicans found 45.8 percent of those interviewed believed NAFTA would make it easier for [MASK] to get jobs in the United States .,1.7782232362151262e-06,1.0682618949431344e-06,2.8067137236575945e-07,5.732987347073504e-07,2.573528490756871e-06,9.212495797328302e-07,9.79945034487173e-05,7.061956353027199e-08
1030117095_44,1030117095,19931117,D,5,Mexican workers,nat_role,Mexican [MASK] are producing considerably more and earning considerably less than they did at the beginning of the 1980s .,6.595070590265095e-05,3.8119796954561025e-05,3.247072072554147e-06,1.3282751751830801e-05,0.0005763900699093938,6.036943432263797e-06,0.000497118744533509,7.145446829781577e-07
1030117095_44,1030117095,19931117,D,6,Mexican,nationality,To a large extent . wages are low because the [MASK] Government . which sets wage rates through an agency called El Pacto . has deliberately kept them low . even for highly productive Mexican workers in modern new manufacturing plants .,1.0779662495963294e-08,8.238862925225021e-09,1.8092769948907517e-08,1.2848314412394757e-08,4.5020851047183896e-08,7.737759766257568e-09,2.793961471070361e-07,4.937120934300765e-09
1030117095_44,1030117095,19931117,D,7,Mexican workers,nat_role,To a large extent . wages are low because the Mexican Government . which sets wage rates through an agency called El Pacto . has deliberately kept them low . even for highly productive Mexican [MASK] in modern new manufacturing plants .,2.1305586415110156e-06,7.443996582878754e-05,1.2541477190097794e-07,2.3869270648901875e-07,0.00019662457634694874,9.103678166866302e-07,0.0002008808369282633,1.5829884603135724e-07
820052297_19,820052297,19510507,D,0,Mexicans,nationality,These large numbers of [MASK] who come across the border illegally and without protectinn . create poor health and housing conditions in the agricultural labor camps in the Southwestern States . and serious community conditions have resulted .,0.0002246499207103625,3.701345849549398e-05,2.5642542823334225e-05,6.603585461562034e-06,9.446554940950591e-06,7.208605438790983e-06,0.0011990065686404705,2.704016651478014e-06
870045715_8,870045715,19610510,D,0,Mexican,nationality,It is true that Public Law 78 . as it is presently written . does not specifically limit the employment of [MASK] labor to unskilled occupations . but it is our contention that it was the intent of Congress to so limit their employment .,0.00016991498705465347,1.4777528122067451e-05,3.394361783648492e-06,1.2422545296431053e-05,0.00044545219861902297,3.393207634871942e-06,0.0008649919182062149,1.582993718329817e-05
870045715_8,870045715,19610510,D,1,Mexicans,nationality,The use of [MASK] for skilled work reduces the opportunities of domestic farmworkers to advance from unskilled to higher paid skilled jobs and tends to lower the wage levels of domestic farmworkers employed in skilled occupations .,0.0026975253131240606,0.00022735021775588393,2.6208519557258114e-05,2.4192944692913443e-05,0.05672089755535126,3.6363733670441434e-05,0.0016930971760302782,1.9893996068276465e-05
870141030_30,870141030,19610922,D,0,Mexican national,nat_role,Nevertheless . without such an amendment it would be unconscionable to extend the Mexican [MASK] program .,4.124583938391879e-05,8.89106304384768e-05,9.165718438453041e-06,4.752088352688588e-05,6.886748451506719e-05,7.588393782498315e-05,0.00110708549618721,3.606259724620031e-06
870141030_30,870141030,19610922,D,1,Mexican workers,nat_role,All the amendment did was to require growers who use Mexican [MASK] to pay those workers 90 percent of the average farm wage rate in the State or the Nation . whichever is the lower .,0.0001621061674086377,0.0008577622356824577,3.9147336792666465e-05,5.795843662781408e-06,0.0008843620307743549,2.677135398698738e-06,0.0001530641020508483,1.1371189430064987e-06
870141030_30,870141030,19610922,D,2,Mexican,nationality,By raising [MASK] wages it might indirectly help raise domestic wages a little in those areas where Mexicans are employed .,6.364302680594847e-05,0.00018311967141926289,8.998234989121556e-06,1.073349267244339e-05,0.00010223813296761364,8.045134563872125e-06,9.976301953429356e-05,4.018899744551163e-06
870141030_30,870141030,19610922,D,3,Mexicans,nationality,By raising Mexican wages it might indirectly help raise domestic wages a little in those areas where [MASK] are employed .,3.235312760807574e-05,1.678851003816817e-05,9.5402060651395e-07,2.9053448997728992e-06,7.271897629834712e-05,5.279866400087485e-06,0.0014098900137469172,6.964140766285709e-07
870141030_30,870141030,19610922,D,4,Mexican,nationality,It applies only to the growers who use [MASK] labor .,0.004477428272366524,1.0006771844928153e-05,5.534454430744518e-06,8.936627637012862e-06,0.0014341318747028708,1.864579644461628e-05,0.000354894669726491,7.253584499267163e-06
880078704_5,880078704,19630815,D,0,Mexican worker,nat_role,That means that no small producer in the field of perishable commodities can possibly qualify to obtain one Mexican [MASK] .,1.2884442185168155e-05,0.0007395455613732338,1.8126313534594374e-06,9.984673852159176e-06,0.00018321115931030363,4.0795907807478216e-06,0.0002849051379598677,7.850652764318511e-06
890130816_b000,890130816,19650913,D,0,Puerto Rican workers,nat_role,I understood the Senator to say that we did not obtain Puerto Rican [MASK] .,7.68722929933574e-06,0.00018579639436211437,2.320773455721792e-05,1.1114233529951889e-05,9.130422768066637e-06,2.1439634565467713e-06,0.001662736525759101,5.442604106065119e-06
890130816_b000,890130816,19650913,D,1,Puerto Rican workers,nat_role,It seems to me that Puerto Rican [MASK] would certainly be the complete answer to the problem particularly In relation to sugar .,1.9601930034696124e-05,0.00013357840362004936,0.00018566504877526313,3.240268779336475e-05,3.89579072361812e-05,4.403434650157578e-05,0.00029064418049529195,9.510053132544272e-06
890034767_32,890034767,19650407,D,0,Mexican nationals,nat_role,OutofState domestics . 40 . 008 4 . 116 11.40 Mexican [MASK] 88 . 142 4 . 665 18.94 You will note .,6.89583393977955e-05,0.0003474262193776667,0.00011003059626091272,0.0001540053344797343,0.0005031843320466578,2.4566039428464137e-05,0.003131627105176449,4.967489803675562e-05
890034767_32,890034767,19650407,D,1,Mexican nationals,nat_role,Secretary . that Mexican [MASK] made up a little less than half of the total workers employed . and yet they worked nearly half again as many acres as all the domestic workers combined .,0.0007076428737491369,0.00011361436918377876,0.00014240157906897366,4.3036689021391794e-05,0.0006754861096851528,6.802394636906683e-05,0.040199555456638336,5.0381488108541816e-05
890034767_32,890034767,19650407,D,2,Mexican nationals,nat_role,This . of course . is not startling news . for the higher production records of the Mexican [MASK] is an established fact .,0.0001259881682926789,0.0003138732863590121,2.343286178074777e-05,5.364449316402897e-05,0.0022018547169864178,5.7659381127450615e-05,0.04456852376461029,1.0831627150764689e-05
890034767_32,890034767,19650407,D,3,Mexican nationals,nat_role,What it does mean . however . is that . if we are to continue working the 88.342 acres handled by foreign labor last year . we must recruit almost 9.000 domestic workers to do the same work turned in by the 4.665 Mexican [MASK] .,9.809400944504887e-05,4.621134576154873e-05,6.750725333404262e-06,1.895034256449435e-05,0.00020497688092291355,7.051404736557743e-06,0.0035153445787727833,8.484039426548406e-06
880078730_33,880078730,19630815,R,0,Mexican,nationality,Why should the Secretary of Labor be permitted to set labor costs for the farmworker through the vehicle of the [MASK] labor program . when he can not set them for the industrial sector of our economy under the Fair Labor Standards Act ?,7.141030073398724e-05,1.0441337508382276e-05,1.6919416339078452e-06,1.0353607649449259e-05,6.784682045690715e-05,3.459813797235256e-06,0.00040023503242991865,2.418823896732647e-06
870141578_4,870141578,19610922,D,0,Mexican,nationality,No better evidence of this fact exists than the use of the [MASK] farm labor importation to break strikes .,3.9505808672402054e-05,0.0002221916802227497,0.00016959133790805936,0.00010168684093514457,0.0002814358158502728,4.7490782890236005e-05,0.0008915055659599602,1.5248363524733577e-05
870126974_29,870126974,19610908,Unknown,0,Mexican workers,nat_role,Both S. 1466 and S. 1945 would have prohibited the employment of Mexican [MASK] recruited under the program unless employersor . in the case of S. 1945 . the specific employerhad made reasonable efforts to attract workers not only at comparable wages and hours . but also at comparable terms of employment .,3.6203582567395642e-06,1.874473923635378e-06,3.170682987274631e-07,2.329223320884921e-07,7.583994374726899e-06,1.7129225398093695e-06,0.0037457807920873165,5.76436889332399e-07
870126974_29,870126974,19610908,Unknown,1,Mexicans,nationality,The terms of employment provided for [MASK] under the arrangements with Mexico provide for transportation from points in the interior of Mexico . burial expenses . work guarantees . housing in barracktype dormitories with other single male workers . cooking facilities . sanitary facilities . laundry facilities .,2.9544373319367878e-05,1.418925057805609e-05,1.6789945220807567e-05,6.039290383341722e-06,2.6542636987869628e-05,1.3412134194368264e-06,0.003105856478214264,1.038846789924719e-06
870126974_29,870126974,19610908,Unknown,2,Mexican,nationality,[MASK] social security benefits . protection from immoral and illegal influences . worker representation . insurance . and other terms resulting from agreement with the Mexican Government .,6.863113958388567e-05,4.2804218537639827e-05,1.57797821884742e-05,4.449060361366719e-05,2.524789124436211e-05,4.068979251314886e-06,3.774094511754811e-05,8.438673830823973e-06
870126974_29,870126974,19610908,Unknown,3,Mexican,nationality,Mexican social security benefits . protection from immoral and illegal influences . worker representation . insurance . and other terms resulting from agreement with the [MASK] Government .,7.757237341365908e-08,1.81738300852885e-07,2.0249831322871614e-07,2.1154390594801953e-07,2.5123063096543774e-07,8.974708975983958e-08,8.876707511262794e-07,1.3458685543810134e-07
870126974_29,870126974,19610908,Unknown,4,migrants,direct,These terms simply do not apply to domestic workers who may or may not be [MASK] . may or may not be single workers . may go wherever they please in the United States . and accept any type of employment .,6.667216439382173e-06,2.5894887585309334e-06,8.671441946717096e-07,8.901788532966748e-07,1.2531482752820011e-05,6.688632652185333e-07,2.2617645299760625e-05,1.2416335266607348e-06
820052244_17,820052244,19510507,D,0,Mexican workers,nat_role,The bill as reported requires that the employer pay practically all of the costs of importing Mexican [MASK] .,0.0003375128435436636,0.13185441493988037,3.05493849737104e-05,4.248306595400209e-06,0.0004805696662515402,1.3384495105128735e-05,0.0006092768162488937,1.817848215068807e-06
820052244_17,820052244,19510507,D,1,Mexican workers,nat_role,However . if the amendment is adopted . it will mean that the Federal Government will be paying for the transportation and subsistence of Mexican [MASK] to any point in the United States . while no subsidization will be offered for any domestic workers . or any worker from a foreign country other than the Republic of Mexico .,2.4615725124021992e-05,0.00015868365881033242,4.885469934379216e-06,7.17629063728964e-07,6.1723258113488555e-06,9.397864459970151e-07,0.0019978999625891447,6.4467985794181e-07
890013857_31,890013857,19650218,D,0,Mexican workers,nat_role,It has provided an example . and domestic workers have tried to insist that the employers provide conditions as good as they provide for the Mexican [MASK] .,5.6445445807185024e-05,3.436348561081104e-05,1.6188399968086742e-05,6.14253895037109e-06,6.322623084997758e-05,5.645750206895173e-06,0.0029321962501853704,2.1810754333273508e-05
890013857_31,890013857,19650218,D,1,Mexican,nationality,At the breakfast meetings . in conferences with employers in my State . and in Mexico the first part of this week when . in Committee No . 3 of the Interparliamentary Conference between the United States Congress and the [MASK] Congress . the migratory labor problem as it affects Mexicans . was discussed at some length .,2.975034476548899e-07,3.855857926282624e-07,3.6202555975251016e-07,1.6651662804179068e-07,3.818564664470614e-07,1.7415638353668328e-07,2.5228630420315312e-06,7.643554056357971e-08
890013857_31,890013857,19650218,D,2,Mexicans,nationality,At the breakfast meetings . in conferences with employers in my State . and in Mexico the first part of this week when . in Committee No . 3 of the Interparliamentary Conference between the United States Congress and the Mexican Congress . the migratory labor problem as it affects [MASK] . was discussed at some length .,0.0005256460281088948,0.0001611167681403458,5.6133743782993406e-05,6.111306720413268e-05,0.00013887332170270383,3.444356252657599e-06,0.00013016299635637552,7.61974024499068e-06
860263711_30,860263711,19600629,D,0,Mexican,nationality,I want to emphasize that no farmer would incur the expense of having to import [MASK] labor if he could go to town and have the labor hauled to the farm on a daytoday basis .,0.005788304843008518,0.00010005905642174184,6.945822860870976e-06,1.9728700863197446e-05,0.0024287730921059847,1.645791962801013e-05,0.00034876642166636884,5.7570941862650216e-06
870142317_8,870142317,19610923,Unknown,0,Mexican,nationality,Less than 2 percent of all American farmers hire [MASK] labor .,0.0064196460880339146,5.434867034637136e-06,2.210248339906684e-06,3.1717602269054623e-06,0.003164388705044985,5.10755535287899e-06,0.00017622906307224184,2.4633259272377472e-06
870127871_2,870127871,19610911,D,0,Mexican national,nat_role,President . some confusion has become evident as to whether the proposed amendment to section 505 . the amendment of the Senator from Minnesota . would confer upon the Secretary of Labor the authority to fix wages for either domestic or Mexican [MASK] agricultural workers .,2.865542955987621e-05,1.322084335697582e-05,2.5884203296300257e-06,5.85474117542617e-06,3.9376500353682786e-05,1.5207175465548062e-06,0.0011304416693747044,1.1039528544642963e-06
870127871_2,870127871,19610911,D,1,Mexican nationals,nat_role,Under section 503 of that act he may now prescribe wage criteria . which he finds necessary . in the determination of whether the employment of Mexican [MASK] in an area will adversely affect the wages and working conditions of our agricultural workers similarly employed .,6.462587043642998e-05,1.1050211469409987e-05,6.049669082131004e-06,1.289227043343999e-06,4.809584061149508e-05,2.9206635190348607e-06,0.006002284586429596,1.4603508589061676e-06
870127871_2,870127871,19610911,D,2,Mexican,nationality,He is . however . advocating that a congressional standard be written into the law to relieve him from the litigation and the pressures and protests of users of [MASK] labor whenever he has taken any steps to give meaning and effect to the mandate of the Congress that he must not permit the employment of Mexican workers in any area unless he has assured himself that their employment will not adversely affect the wages . hours . and working conditions of our own workers .,1.5188476936600637e-05,2.1195323824940715e-06,3.0791380822847714e-07,9.998882433137624e-07,2.0193248928990215e-05,4.285373620405153e-07,3.442684101173654e-05,3.5527796171663795e-07
870127871_2,870127871,19610911,D,3,Mexican workers,nat_role,He is . however . advocating that a congressional standard be written into the law to relieve him from the litigation and the pressures and protests of users of Mexican labor whenever he has taken any steps to give meaning and effect to the mandate of the Congress that he must not permit the employment of Mexican [MASK] in any area unless he has assured himself that their employment will not adversely affect the wages . hours . and working conditions of our own workers .,6.83818916513701e-06,5.996368599880952e-06,4.209103963148664e-07,1.4475506304734154e-07,2.256670268252492e-05,8.622436098448816e-07,0.0006000060820952058,4.2394819388391625e-07
870045407_13,870045407,19610510,D,0,Mexican,nationality,Area No . 3 : According to the Secretary of Labor and the present administration . the mass importation of [MASK] labor has had . and is having an adverse effect on the wages . working conditions and employment opportunities of domestic farmworkersmen . women . and children who are the poorest of the poor in our society .,0.0009211158030666411,2.6132644052268006e-05,2.0404553652042523e-05,4.170138254266931e-06,0.0002200994931627065,1.6091766156023368e-05,0.0010402870830148458,2.6294533199688885e-06
870142253_43,870142253,19610923,D,0,Mexican nationals,nat_role,This amendment . which would have provided domestic workers employed by a grower also using Mexican [MASK] comparable benefits . was given up .,5.4137995903147385e-05,0.00026756362058222294,4.818980596610345e-05,1.4393714991456363e-05,0.000292798038572073,6.580277840839699e-06,0.0010527493432164192,2.764594682957977e-06
870142253_43,870142253,19610923,D,1,Mexicans,nationality,The third major amendment requested by Secretary Goldberg would require growers to offer [MASK] the average hourly farm wage in the State or the Nation . whichever is the lesser . in steps of 10 cents per year .,0.0005328418337740004,1.3387036233325489e-05,4.6665422814839985e-06,2.0978093289159006e-06,2.1234889572951943e-05,3.7490028717002133e-06,0.0001383639028063044,6.917951395735145e-06
870142253_43,870142253,19610923,D,2,Mexicans,nationality,This amendment was modified by Senator MCCARTHY . when he offered it on the floor so as to provide that growers must offer [MASK] 90 percent of the average hourly farm wage of the State or Nation . whichever is the lower .,0.00041360186878591776,0.00012601769412867725,1.3449699508782942e-05,7.321270004467806e-06,6.358239625114948e-05,3.1369277166959364e-06,0.00020622879674192518,1.2469608009268995e-05
880070551_15,880070551,19630730,D,0,alien,direct,I quote briefly from Secretary Hennings statement of this morning : We find . further . the incredible situation where [MASK] workers are offered better terms and conditions of employment than are afforded our own agricultural workers competing for the same jobs .,0.00020920488168485463,4.416283445607405e-06,3.278808890172513e-06,1.4547478713211603e-05,0.0001421025226591155,4.218878530082293e-06,0.00010477384785190225,7.519057589888689e-07
880070551_15,880070551,19630730,D,1,alien,direct,The simple fact is that under the present system an employer can refuse to offer to domestic workers the same terms and conditions that he is required to offer [MASK] workers .,2.3071206669555977e-05,1.70429684658302e-05,1.9005539115823922e-06,3.846970741960831e-07,2.017530641751364e-05,1.742548761285434e-06,2.309617048013024e-05,3.917124558938667e-06
880070551_15,880070551,19630730,D,2,Mexican workers,nat_role,If the domestic worker refuses to accept the job at less favorable terms . the employer is permitted to bring in Mexican [MASK] who are then afforded the very terms and conditions which were denied to our own workers .,1.8315982742933556e-05,1.8870852727559395e-05,2.0263446458557155e-06,3.0536762096744496e-07,1.049996444635326e-05,2.0825400497415103e-06,0.001131206750869751,1.9904086911992636e-06
880070551_15,880070551,19630730,D,3,Mexican workers,nat_role,The legislative history of that law makes it abundantly clear that the Congress did not intend to permit the Secretary of Labor to require . as a condition of obtaining Mexican [MASK] . that all of the same terms and conditions afforded Mexican workers be offered first to domestic workers .,2.453198248986155e-06,0.0010247405152767897,4.418910975800827e-06,5.527973598873359e-07,1.6389913071179762e-05,8.932336754696735e-07,0.0001124469272326678,2.032213615166256e-06
880070551_15,880070551,19630730,D,4,Mexican workers,nat_role,The legislative history of that law makes it abundantly clear that the Congress did not intend to permit the Secretary of Labor to require . as a condition of obtaining Mexican workers . that all of the same terms and conditions afforded Mexican [MASK] be offered first to domestic workers .,1.34442018406844e-06,2.3317548766499385e-05,8.529356705366808e-07,1.0506531111786899e-07,5.8089590311283246e-06,4.391095274058898e-07,5.233054616837762e-05,4.368554300526739e-07
870142253_58,870142253,19610923,D,0,Mexicans,nationality,Where an ample supply of workers ( [MASK] ) are available at 50 cents per hour . for instance . employers do not voluntarily offer to pay higher wages .,0.00018350566097069532,0.0009457475389353931,7.871910202084109e-05,5.453468475025147e-05,0.0009836095850914717,5.1589195209089667e-05,0.0006918048020452261,0.00015616731252521276
870142253_58,870142253,19610923,D,1,Mexican workers,nat_role,In many areas using a significant number of Mexican [MASK] this wage ceiling has remained frozen at this level for 10 years . as the direct result of the Mexican labor program .,1.5476534827030264e-05,0.00012833632354158908,5.568899268837413e-06,1.1362345730958623e-06,8.403485117014498e-05,2.1378502879088046e-06,0.0007910548592917621,9.66127117862925e-07
870142253_58,870142253,19610923,D,2,Mexican,nationality,In many areas using a significant number of Mexican workers this wage ceiling has remained frozen at this level for 10 years . as the direct result of the [MASK] labor program .,6.0627433413174e-05,1.1930176697205752e-05,7.610806278535165e-06,6.330363976303488e-05,7.082363299559802e-05,1.3559352737502195e-05,0.00021831359481438994,4.853442078456283e-06
870142253_58,870142253,19610923,D,3,Mexican,nationality,This is the fundamental vice of the present [MASK] labor program and the committee bill .,0.00011184961476828903,1.3240756743471138e-05,6.3379497987625655e-06,0.00010187739098910242,0.00029411178547888994,8.586123840359505e-06,0.002448438201099634,7.646627636859193e-06
870142253_58,870142253,19610923,D,4,Mexicans,nationality,The conference report eliminates the keystone provision that would have improved braceros minimum wages and lessened the punishing competition of low wage [MASK] with American citizens who do migratory labor .,2.0176426914986223e-05,4.7137415094766766e-05,1.4250349522626493e-06,1.4231457043933915e-06,2.9307277145562693e-05,1.1335408771628863e-06,0.00016796929412521422,1.2430077731551137e-06
930041722_22,930041722,19730503,R,0,Mexicans,nationality,When all is said and done . when the liberals are through gnashing their teeth over the supposed immorality of encouraging [MASK] willing to work on U.S. farmlands . and when the labor organizers are through bemoaning the fact that the Bracero program undercuts their efforts to unionize American farmworkers . then one central fact remains .,0.0014278193702921271,1.3430933904601261e-05,2.25453004532028e-06,2.2821532184025273e-06,0.00015381623234134167,8.39047697809292e-06,0.0011881738901138306,6.357206530083204e-07
880049931_17,880049931,19630529,D,0,migrant,direct,But yet let me emphasize again that this program . supervised as it is by the Department of Labor . and the other programs that have to do with the supply of labor for the farms of Americasupervised as they are by the Department of Laborare . in my opinion . programs that our Secretary of Labor will take great pains to see that they do not harm our [MASK] laborers and the braceros .,0.0012954804114997387,5.1225109928054735e-05,3.7870366213610396e-05,3.3640044421190396e-05,0.00028541430947370827,1.6103505913633853e-05,0.0009362248820252717,7.652164640603587e-06
880049931_17,880049931,19630529,D,1,Mexican,nationality,In Florida . as the gentleman from California mentioned . we do not have the [MASK] braceros but we do have the British West Indies laborers .,6.276093699852936e-06,1.4136880963633303e-05,1.1189052202098537e-05,4.9216127990803216e-06,1.0942758308374323e-05,4.4790294850827195e-06,9.007172047859058e-05,4.821955371880904e-06
880049931_17,880049931,19630529,D,2,British,nationality,In Florida . as the gentleman from California mentioned . we do not have the Mexican braceros but we do have the [MASK] West Indies laborers .,4.521424671111163e-06,8.675887329445686e-06,7.595333954668604e-06,2.3324359972320963e-06,5.0978069339180365e-06,1.8358389297645772e-06,1.8478409401723184e-05,3.5458845104585635e-06
880078634_7,880078634,19630815,R,0,migrant,direct,There are direct methods of considering such proposalslegislation dealing with [MASK] labor which I have supported and any proposals for minimum wages should be addressed directly to the committee which has jurisdictionthe Committee on Labor and Public Welfare .,0.00010334490070817992,8.26638461148832e-06,5.367186531657353e-06,1.117322244681418e-05,8.760402852203697e-05,9.995760592573788e-06,0.00026664105826057494,6.742316145391669e-06
870141002_3,870141002,19610922,D,0,migrant,direct,I wish the RECORD to show that in Floridaas shown by the records of this committee and other committeesa very high rate of pay is offeredwell above the minimum rate of pay for even industrial workersfor [MASK] agricultural workers .,1.4487719454336911e-05,1.0885530173254665e-05,6.679869329673238e-06,4.42710506831645e-06,1.6476522432640195e-05,1.7031590004989994e-06,0.0001888185361167416,8.821607480058447e-06
870046467_22,870046467,19610511,D,0,Mexican nationals,nat_role,I have . therefore . introduced an amendment which would phase this program out over a period of 3 years . which would reduce by onethird the number of Mexican [MASK] available in the preceding year . and which in no event would make Mexican nationals available for employment under this program after June 30 . 1964 .,1.6533837197130197e-06,3.942749390262179e-05,1.3340735449673957e-06,1.4252495930122677e-06,7.618565632583341e-06,7.292538839465124e-07,0.00021810948965139687,8.549478707209346e-07
870046467_22,870046467,19610511,D,1,Mexican nationals,nat_role,I have . therefore . introduced an amendment which would phase this program out over a period of 3 years . which would reduce by onethird the number of Mexican nationals available in the preceding year . and which in no event would make Mexican [MASK] available for employment under this program after June 30 . 1964 .,4.260122636878805e-07,5.809332833450753e-06,1.432018592595341e-07,5.116841066410416e-07,2.028804146902985e-06,3.366692737927224e-07,8.900392276700586e-05,1.655367896091775e-07
870046467_22,870046467,19610511,D,2,Mexican,nationality,We will never accomplish this goal until the infamous [MASK] farm labor program is finally put to rest .,0.00039203022606670856,7.2691263994784094e-06,9.91969063761644e-05,6.189203122630715e-05,0.00014320907939691097,0.00022334721870720387,0.0017681701574474573,7.94916195445694e-06
890007827_22,890007827,19650203,R,0,British,nationality,One of the most recent examples of Government action to increase farm costs has been the requirements imposed by the Secretary of Labor which must be met by farmers who wish to establish eligibility to employ farmworkers from Mexico . the [MASK] West Indies .,1.9990253008472791e-07,9.466247092859703e-07,9.760603916220134e-07,1.4297950201580534e-07,4.595895291004126e-07,2.6935234131997277e-07,8.265697601927968e-07,3.2286112627843977e-07
880062793_9,880062793,19630708,D,0,migrants,direct,Those competing with cheap slavelike laborboth domestic [MASK] and small family farmersare relegated to a wage rate often not higher than 50 cents an hour .,0.004739016760140657,0.0012818158138543367,2.8263089916436e-05,3.6806286516366526e-06,0.0009023342281579971,4.6623834350612015e-05,0.0006580895278602839,2.105274506902788e-05
